{
    "model_name": "efficientnet_b0",
    "run_name": "efficientnet_b0_20241003_063028_0",
    "epochs_trained": 11,
    "best_val_loss": 0.678399384021759,
    "metrics": {
        "epochs": [
            1,
            2,
            3,
            4,
            5,
            6,
            7,
            8,
            9,
            10
        ],
        "train_losses": [
            0.668947160243988,
            0.5792172190390135,
            0.5336103133465114,
            0.496664822101593,
            0.34531747981121663,
            0.2586720962273447,
            0.34589967915886327,
            0.3122280679251018,
            0.2533426488700666,
            0.3079585605546048
        ],
        "val_losses": [
            0.678399384021759,
            0.9477001428604126,
            0.9881259799003601,
            0.8857905268669128,
            0.7502766847610474,
            0.7413536310195923,
            0.7907587289810181,
            0.7839690446853638,
            0.8509076237678528,
            0.8796820640563965
        ],
        "train_accuracies": [
            0.6052631578947368,
            0.6578947368421053,
            0.7105263157894737,
            0.7368421052631579,
            0.8947368421052632,
            0.9473684210526315,
            0.8157894736842105,
            0.7631578947368421,
            0.8947368421052632,
            0.8947368421052632
        ],
        "val_accuracies": [
            0.6,
            0.2,
            0.2,
            0.2,
            0.4,
            0.6,
            0.6,
            0.2,
            0.2,
            0.6
        ],
        "train_f1": [
            0.6038722599310115,
            0.5924356345408978,
            0.6713440697724624,
            0.7073211875843456,
            0.8938397129186604,
            0.9469198564593302,
            0.8130937098844673,
            0.7623372360214467,
            0.895029239766082,
            0.8938397129186604
        ],
        "val_f1": [
            0.6,
            0.06666666666666667,
            0.06666666666666667,
            0.06666666666666667,
            0.4,
            0.6333333333333333,
            0.6333333333333333,
            0.06666666666666667,
            0.06666666666666667,
            0.6333333333333333
        ],
        "train_precision": [
            0.6033193779904306,
            0.7886996904024768,
            0.8100328947368421,
            0.8217317487266553,
            0.898093058733791,
            0.9519450800915331,
            0.8695175438596493,
            0.7885765550239234,
            0.9002770083102493,
            0.898093058733791
        ],
        "val_precision": [
            0.6,
            0.04,
            0.04,
            0.04,
            0.85,
            0.8666666666666666,
            0.8666666666666666,
            0.04,
            0.04,
            0.8666666666666666
        ],
        "train_recall": [
            0.6052631578947368,
            0.6578947368421053,
            0.7105263157894737,
            0.7368421052631579,
            0.8947368421052632,
            0.9473684210526315,
            0.8157894736842105,
            0.7631578947368421,
            0.8947368421052632,
            0.8947368421052632
        ],
        "val_recall": [
            0.6,
            0.2,
            0.2,
            0.2,
            0.4,
            0.6,
            0.6,
            0.2,
            0.2,
            0.6
        ],
        "train_bal_acc": [
            0.5980392156862745,
            0.6176470588235294,
            0.6764705882352942,
            0.7058823529411764,
            0.8879551820728291,
            0.9411764705882353,
            0.8333333333333333,
            0.7745098039215685,
            0.8991596638655461,
            0.8879551820728291
        ],
        "val_bal_acc": [
            0.375,
            0.5,
            0.5,
            0.5,
            0.625,
            0.75,
            0.75,
            0.5,
            0.5,
            0.75
        ]
    }
}