{
    "epochs": [
        1,
        2,
        3,
        4,
        5,
        6,
        7,
        8,
        9,
        10,
        11,
        12,
        13,
        14,
        15,
        16,
        17,
        18,
        19,
        20,
        21,
        22,
        23
    ],
    "train_losses": [
        0.6217061970748153,
        0.3222454531130448,
        0.19614492683044446,
        0.2362535354358698,
        0.17594754452409309,
        0.2695131237600364,
        0.1726832146835483,
        0.11380786930813509,
        0.06640728976991442,
        0.06502425286529306,
        0.1363575163425184,
        0.06613147365891077,
        0.04423201231444194,
        0.09434020923438415,
        0.10820382482865278,
        0.020475561322729572,
        0.09366442399476868,
        0.05353106999027184,
        0.03420753958421985,
        0.04818390657991366,
        0.034077156593816146,
        0.007838676963610198,
        0.012798801742439322
    ],
    "val_losses": [
        0.4578692462199774,
        0.14598844467829436,
        0.12206715689255641,
        0.24686491642242822,
        0.2153316274858438,
        0.708269273623442,
        0.32732184804402864,
        0.2197249942483046,
        0.24885633167548057,
        0.2720247650375733,
        0.19798060945975474,
        0.1461851294988241,
        0.0617618899887953,
        0.1616260650066229,
        0.1408829778814927,
        0.11122027880106217,
        0.22679981937966284,
        0.2199757283505721,
        0.22447990677438867,
        0.21729187063204172,
        0.21399575121438083,
        0.20171033189846918,
        0.20212281591151482
    ],
    "train_accuracies": [
        0.5882352941176471,
        0.8954248366013072,
        0.9411764705882353,
        0.9150326797385621,
        0.9477124183006536,
        0.9150326797385621,
        0.9411764705882353,
        0.9607843137254902,
        0.9673202614379085,
        0.9673202614379085,
        0.9607843137254902,
        0.9607843137254902,
        0.9869281045751634,
        0.9673202614379085,
        0.9607843137254902,
        0.9934640522875817,
        0.9673202614379085,
        0.9803921568627451,
        0.9803921568627451,
        0.9803921568627451,
        0.9934640522875817,
        1.0,
        1.0
    ],
    "val_accuracies": [
        0.8461538461538461,
        0.9487179487179487,
        0.9230769230769231,
        0.9230769230769231,
        0.9230769230769231,
        0.7948717948717948,
        0.8461538461538461,
        0.9487179487179487,
        0.9230769230769231,
        0.9230769230769231,
        0.9230769230769231,
        0.9743589743589743,
        0.9743589743589743,
        0.9487179487179487,
        0.9743589743589743,
        0.9743589743589743,
        0.9743589743589743,
        0.9743589743589743,
        0.9743589743589743,
        0.9743589743589743,
        0.9743589743589743,
        0.9743589743589743,
        0.9743589743589743
    ],
    "train_f1": [
        0.5442200760901376,
        0.8953712083123847,
        0.9411261790228852,
        0.9149600363663897,
        0.9477124183006536,
        0.9150326797385621,
        0.9411009686893627,
        0.9607642031171443,
        0.9673118838078563,
        0.9673118838078563,
        0.9607809631029445,
        0.9607742584213171,
        0.9869269877009813,
        0.9672923216793806,
        0.9607642031171443,
        0.9934634937789116,
        0.9673202614379085,
        0.9803871302847137,
        0.9803904813367345,
        0.9803921568627451,
        0.9934634937789116,
        1.0,
        1.0
    ],
    "val_f1": [
        0.8430686960098723,
        0.9486504723346828,
        0.9224635829286992,
        0.9227726788702398,
        0.9227726788702398,
        0.7870680044593088,
        0.8430686960098723,
        0.9486504723346828,
        0.9227726788702398,
        0.9227726788702398,
        0.9227726788702398,
        0.9743589743589743,
        0.9743589743589743,
        0.9486504723346828,
        0.9743589743589743,
        0.9743589743589743,
        0.9743589743589743,
        0.9743589743589743,
        0.9743589743589743,
        0.9743589743589743,
        0.9743589743589743,
        0.9743589743589743,
        0.9743589743589743
    ],
    "train_precision": [
        0.6397467774651574,
        0.896544005730146,
        0.9430928750100864,
        0.9168482207697893,
        0.9477124183006536,
        0.9151108609312942,
        0.9430456483520926,
        0.9620601665323664,
        0.9680480927688672,
        0.9680480927688672,
        0.9611060834590247,
        0.9610928873773252,
        0.9872632813809283,
        0.9693375292503832,
        0.9620601665323664,
        0.9935478464890228,
        0.9674029101273683,
        0.9811367585008688,
        0.9804725992961286,
        0.9804759224263867,
        0.9935478464890228,
        1.0,
        1.0
    ],
    "val_precision": [
        0.883076923076923,
        0.9536019536019535,
        0.9331103678929765,
        0.9335664335664335,
        0.9335664335664335,
        0.8556505223171889,
        0.883076923076923,
        0.9536019536019535,
        0.9335664335664335,
        0.9335664335664335,
        0.9335664335664335,
        0.9756410256410256,
        0.9756410256410256,
        0.9536019536019535,
        0.9756410256410256,
        0.9756410256410256,
        0.9756410256410256,
        0.9756410256410256,
        0.9756410256410256,
        0.9756410256410256,
        0.9756410256410256,
        0.9756410256410256,
        0.9756410256410256
    ],
    "train_recall": [
        0.5882352941176471,
        0.8954248366013072,
        0.9411764705882353,
        0.9150326797385621,
        0.9477124183006536,
        0.9150326797385621,
        0.9411764705882353,
        0.9607843137254902,
        0.9673202614379085,
        0.9673202614379085,
        0.9607843137254902,
        0.9607843137254902,
        0.9869281045751634,
        0.9673202614379085,
        0.9607843137254902,
        0.9934640522875817,
        0.9673202614379085,
        0.9803921568627451,
        0.9803921568627451,
        0.9803921568627451,
        0.9934640522875817,
        1.0,
        1.0
    ],
    "val_recall": [
        0.8461538461538461,
        0.9487179487179487,
        0.9230769230769231,
        0.9230769230769231,
        0.9230769230769231,
        0.7948717948717948,
        0.8461538461538461,
        0.9487179487179487,
        0.9230769230769231,
        0.9230769230769231,
        0.9230769230769231,
        0.9743589743589743,
        0.9743589743589743,
        0.9487179487179487,
        0.9743589743589743,
        0.9743589743589743,
        0.9743589743589743,
        0.9743589743589743,
        0.9743589743589743,
        0.9743589743589743,
        0.9743589743589743,
        0.9743589743589743,
        0.9743589743589743
    ],
    "train_bal_acc": [
        0.5862098427887902,
        0.8955912508544087,
        0.9413875598086124,
        0.9152426520847573,
        0.9477101845522897,
        0.9150717703349283,
        0.9409603554340397,
        0.9609535201640464,
        0.967447026657553,
        0.967447026657553,
        0.960868079289132,
        0.9606971975393028,
        0.987012987012987,
        0.9675324675324675,
        0.9609535201640464,
        0.993421052631579,
        0.9673615857826384,
        0.9805194805194806,
        0.9803485987696514,
        0.9804340396445659,
        0.993421052631579,
        1.0,
        1.0
    ],
    "val_bal_acc": [
        0.85,
        0.95,
        0.9210526315789473,
        0.925,
        0.925,
        0.8,
        0.85,
        0.95,
        0.925,
        0.925,
        0.925,
        0.975,
        0.975,
        0.95,
        0.975,
        0.975,
        0.975,
        0.975,
        0.975,
        0.975,
        0.975,
        0.975,
        0.975
    ],