{
    "epochs": [
        1,
        2,
        3,
        4,
        5,
        6,
        7,
        8,
        9,
        10,
        11,
        12,
        13,
        14,
        15,
        16,
        17,
        18,
        19,
        20,
        21,
        22,
        23,
        24,
        25,
        26,
        27,
        28,
        29,
        30,
        31,
        32,
        33,
        34,
        35,
        36,
        37,
        38,
        39
    ],
    "train_losses": [
        0.6613629509191044,
        0.3755243488999664,
        0.2851406023150585,
        0.47729403855370695,
        0.1622659452870244,
        0.35360679665549855,
        0.15971807451521763,
        0.1286567030016516,
        0.3370332959123322,
        0.07045013176613167,
        0.11786425999197804,
        0.1071897802538559,
        0.1552472253803347,
        0.14032239650116593,
        0.1439796875490517,
        0.12264555472819531,
        0.057668887933746714,
        0.07196195270927226,
        0.14068323202797625,
        0.021643896617728177,
        0.05569995518346302,
        0.0796585810966179,
        0.061459162806878326,
        0.045660639761901295,
        0.04392067138410983,
        0.024027148232562467,
        0.02407937576291991,
        0.04851242370109578,
        0.04938702312771414,
        0.07021016676406391,
        0.08792286428058001,
        0.03513784584070205,
        0.033786221727973124,
        0.021220222176586995,
        0.11995690230463373,
        0.05597750575388553,
        0.036474765263131405,
        0.049047023454894784,
        0.030534153162944513
    ],
    "val_losses": [
        0.5555301904678345,
        0.2301703691482544,
        0.22429296374320984,
        0.4104272127151489,
        0.7713564038276672,
        0.3837243914604187,
        0.5393449664115906,
        0.41646477580070496,
        0.21547828614711761,
        0.519560694694519,
        0.28920844197273254,
        0.05338609963655472,
        0.06897667795419693,
        0.08003773540258408,
        0.0219261571764946,
        0.020561736077070236,
        0.01596563681960106,
        0.00642268406227231,
        0.004713608417659998,
        0.006047393195331097,
        0.0018615381559357047,
        0.00036540121072903275,
        0.000153251807205379,
        0.00014578412810806185,
        0.0002169938525184989,
        7.922008080640808e-05,
        3.456726699369028e-05,
        2.2760119463782758e-05,
        9.836436220211908e-06,
        2.989640415762551e-05,
        0.00031798164127394557,
        0.002604679437354207,
        0.002733038505539298,
        0.0013114087050780654,
        0.0014321237104013562,
        0.005756945814937353,
        0.03821295127272606,
        0.037783313542604446,
        0.030366908758878708
    ],
    "train_accuracies": [
        0.5983606557377049,
        0.8934426229508197,
        0.8688524590163934,
        0.8770491803278688,
        0.9180327868852459,
        0.8360655737704918,
        0.9344262295081968,
        0.9590163934426229,
        0.9098360655737705,
        0.9836065573770492,
        0.9590163934426229,
        0.9590163934426229,
        0.9426229508196722,
        0.9508196721311475,
        0.9344262295081968,
        0.9590163934426229,
        0.9836065573770492,
        0.9754098360655737,
        0.9426229508196722,
        0.9918032786885246,
        0.9836065573770492,
        0.9836065573770492,
        0.9672131147540983,
        0.9672131147540983,
        0.9836065573770492,
        0.9836065573770492,
        1.0,
        0.9836065573770492,
        0.9836065573770492,
        0.9836065573770492,
        0.9918032786885246,
        0.9918032786885246,
        0.9918032786885246,
        1.0,
        0.9672131147540983,
        0.9836065573770492,
        0.9836065573770492,
        0.9754098360655737,
        0.9836065573770492
    ],
    "val_accuracies": [
        0.8709677419354839,
        0.9032258064516129,
        0.9354838709677419,
        0.9032258064516129,
        0.9032258064516129,
        0.9032258064516129,
        0.8709677419354839,
        0.9032258064516129,
        0.967741935483871,
        0.8387096774193549,
        0.967741935483871,
        1.0,
        0.967741935483871,
        0.967741935483871,
        1.0,
        1.0,
        1.0,
        1.0,
        1.0,
        1.0,
        1.0,
        1.0,
        1.0,
        1.0,
        1.0,
        1.0,
        1.0,
        1.0,
        1.0,
        1.0,
        1.0,
        1.0,
        1.0,
        1.0,
        1.0,
        1.0,
        0.967741935483871,
        0.967741935483871,
        0.967741935483871
    ],
    "train_f1": [
        0.5937478763166837,
        0.8932633420822398,
        0.8671023965141611,
        0.8770409191695222,
        0.9178340517241379,
        0.8338779956427015,
        0.9342672413793103,
        0.9589915966386555,
        0.909781512605042,
        0.9836065573770492,
        0.9590136397231742,
        0.9590136397231742,
        0.9425882352941176,
        0.9507667473769169,
        0.9343556631692225,
        0.9590136397231742,
        0.9836021505376344,
        0.9754081838339044,
        0.9425264149673599,
        0.9918027279446349,
        0.9836065573770492,
        0.9836065573770492,
        0.9672043010752688,
        0.9672131147540983,
        0.9836021505376344,
        0.9836021505376344,
        1.0,
        0.9836065573770492,
        0.9836065573770492,
        0.9836021505376344,
        0.9918027279446349,
        0.9918027279446349,
        0.9918027279446349,
        1.0,
        0.9672043010752688,
        0.9836021505376344,
        0.9836021505376344,
        0.9753949579831933,
        0.9836021505376344
    ],
    "val_f1": [
        0.8693412849010572,
        0.9026190716958237,
        0.9350772567091352,
        0.9026190716958237,
        0.9026190716958237,
        0.9032258064516129,
        0.8693412849010572,
        0.9026190716958237,
        0.9676745205110057,
        0.8334786399302528,
        0.9676745205110057,
        1.0,
        0.967741935483871,
        0.967741935483871,
        1.0,
        1.0,
        1.0,
        1.0,
        1.0,
        1.0,
        1.0,
        1.0,
        1.0,
        1.0,
        1.0,
        1.0,
        1.0,
        1.0,
        1.0,
        1.0,
        1.0,
        1.0,
        1.0,
        1.0,
        1.0,
        1.0,
        0.9676745205110057,
        0.9676745205110057,
        0.9676745205110057
    ],
    "train_precision": [
        0.6030405405405405,
        0.8961038961038961,
        0.8893617021276596,
        0.8771505376344086,
        0.9221166892808683,
        0.8547517730496453,
        0.9386702849389417,
        0.9601293103448275,
        0.9108297413793103,
        0.9836065573770492,
        0.9591397849462366,
        0.9591397849462366,
        0.9436961206896552,
        0.9527665317139002,
        0.936302294197031,
        0.9591397849462366,
        0.9841269841269841,
        0.9755376344086021,
        0.9456168831168832,
        0.9919354838709677,
        0.9836065573770492,
        0.9836065573770492,
        0.9677158999192897,
        0.9672131147540983,
        0.9841269841269841,
        0.9841269841269841,
        1.0,
        0.9836065573770492,
        0.9836065573770492,
        0.9841269841269841,
        0.9919354838709677,
        0.9919354838709677,
        0.9919354838709677,
        1.0,
        0.9677158999192897,
        0.9841269841269841,
        0.9841269841269841,
        0.9765625,
        0.9841269841269841
    ],