{
    "model_name": "efficientnet_b0",
    "run_name": "efficientnet_b0_20241003_053132_0",
    "epochs_trained": 29,
    "best_val_loss": 0.566155731678009,
    "metrics": {
        "epochs": [
            1,
            2,
            3,
            4,
            5,
            6,
            7,
            8,
            9,
            10,
            11,
            12,
            13,
            14,
            15,
            16,
            17,
            18,
            19,
            20,
            21,
            22,
            23,
            24,
            25,
            26,
            27,
            28
        ],
        "train_losses": [
            0.682690607874017,
            0.5350198745727539,
            0.454587122327403,
            0.3333786051524313,
            0.3094253383184734,
            0.2297954200521896,
            0.24494996627694682,
            0.20144224480578773,
            0.13028388784119957,
            0.21537839582091883,
            0.26748974699723094,
            0.18523430588998294,
            0.13647000177910454,
            0.07873596133370149,
            0.08020267282661639,
            0.15879393819915621,
            0.1980951012749421,
            0.33450475491975484,
            0.17669543388642764,
            0.20360991515611349,
            0.06632370031193684,
            0.06562364885681554,
            0.10738907166217503,
            0.15775544000299355,
            0.04371186992839763,
            0.04389739237529667,
            0.3141095701016878,
            0.02574525298060555
        ],
        "val_losses": [
            0.765842080116272,
            0.7855693101882935,
            0.7697758674621582,
            0.8005574941635132,
            0.8816328048706055,
            1.1482168436050415,
            1.1372044086456299,
            1.2022662162780762,
            0.882847785949707,
            0.7038207054138184,
            0.6553371548652649,
            0.6212691068649292,
            0.6550025939941406,
            0.6093190312385559,
            0.6825721263885498,
            0.7351057529449463,
            0.6984009742736816,
            0.6215808987617493,
            0.566155731678009,
            0.665439248085022,
            0.6381655335426331,
            0.9047066569328308,
            0.8279363512992859,
            0.8214174509048462,
            0.9983617067337036,
            1.280634880065918,
            1.5289171934127808,
            1.469944715499878
        ],
        "train_accuracies": [
            0.6052631578947368,
            0.868421052631579,
            0.8157894736842105,
            0.8947368421052632,
            0.8947368421052632,
            0.9210526315789473,
            0.9473684210526315,
            0.9736842105263158,
            0.9736842105263158,
            0.8947368421052632,
            0.8947368421052632,
            0.8947368421052632,
            0.9736842105263158,
            1.0,
            1.0,
            0.9210526315789473,
            0.868421052631579,
            0.868421052631579,
            0.8947368421052632,
            0.8947368421052632,
            1.0,
            0.9736842105263158,
            0.9210526315789473,
            0.9473684210526315,
            1.0,
            1.0,
            0.868421052631579,
            1.0
        ],
        "val_accuracies": [
            0.2,
            0.2,
            0.2,
            0.2,
            0.2,
            0.2,
            0.2,
            0.2,
            0.4,
            0.6,
            0.6,
            0.6,
            0.6,
            0.6,
            0.6,
            0.6,
            0.4,
            0.6,
            0.8,
            0.8,
            0.6,
            0.6,
            0.6,
            0.6,
            0.6,
            0.6,
            0.6,
            0.6
        ],
        "train_f1": [
            0.5690402476780186,
            0.864076920106576,
            0.8050682261208577,
            0.8938397129186604,
            0.8922959572845156,
            0.9198641765704584,
            0.9469198564593302,
            0.9735914839954006,
            0.9735914839954006,
            0.8947368421052632,
            0.895029239766082,
            0.8947368421052632,
            0.9735914839954006,
            1.0,
            1.0,
            0.9198641765704584,
            0.8664402942840973,
            0.864076920106576,
            0.8922959572845156,
            0.8947368421052632,
            1.0,
            0.9737392261140657,
            0.9198641765704584,
            0.9469198564593302,
            1.0,
            1.0,
            0.8679574199770038,
            1.0
        ],
        "val_f1": [
            0.06666666666666667,
            0.06666666666666667,
            0.06666666666666667,
            0.06666666666666667,
            0.06666666666666667,
            0.06666666666666667,
            0.06666666666666667,
            0.06666666666666667,
            0.4,
            0.6333333333333333,
            0.6333333333333333,
            0.6333333333333333,
            0.6333333333333333,
            0.6333333333333333,
            0.6333333333333333,
            0.6333333333333333,
            0.45714285714285713,
            0.6333333333333333,
            0.819047619047619,
            0.819047619047619,
            0.6333333333333333,
            0.6333333333333333,
            0.6333333333333333,
            0.6333333333333333,
            0.6333333333333333,
            0.6333333333333333,
            0.6333333333333333,
            0.6333333333333333
        ],
        "train_precision": [
            0.6111842105263158,
            0.8937246963562755,
            0.8618421052631579,
            0.898093058733791,
            0.911578947368421,
            0.930921052631579,
            0.9519450800915331,
            0.9748803827751197,
            0.9748803827751197,
            0.9147869674185463,
            0.9002770083102493,
            0.8947368421052632,
            0.9748803827751197,
            1.0,
            1.0,
            0.930921052631579,
            0.8759398496240601,
            0.8937246963562755,
            0.911578947368421,
            0.8947368421052632,
            1.0,
            0.9751461988304094,
            0.930921052631579,
            0.9519450800915331,
            1.0,
            1.0,
            0.8687200956937801,
            1.0
        ],
        "val_precision": [
            0.04,
            0.04,
            0.04,
            0.04,
            0.04,
            0.04,
            0.04,
            0.04,
            0.85,
            0.8666666666666666,
            0.8666666666666666,
            0.8666666666666666,
            0.8666666666666666,
            0.8666666666666666,
            0.8666666666666666,
            0.8666666666666666,
            0.5333333333333333,
            0.8666666666666666,
            0.9,
            0.9,
            0.8666666666666666,
            0.8666666666666666,
            0.8666666666666666,
            0.8666666666666666,
            0.8666666666666666,
            0.8666666666666666,
            0.8666666666666666,
            0.8666666666666666
        ],