{
    "epochs": [
        1,
        2,
        3,
        4,
        5,
        6,
        7,
        8,
        9,
        10,
        11,
        12,
        13,
        14,
        15,
        16,
        17,
        18,
        19,
        20,
        21,
        22,
        23,
        24,
        25,
        26,
        27,
        28,
        29,
        30,
        31
    ],
    "train_losses": [],
    "val_losses": [],
    "train_accuracies": [],
    "val_accuracies": [],
    "train_f1": [],
    "val_f1": [],
    "train_precision": [],
    "val_precision": [],
    "train_recall": [],
    "val_recall": [],
    "train_bal_acc": [],
    "val_bal_acc": [],
    "trains": [
        0.6457989303792109,
        0.5573770491803278,
        0.47159740754860846,
        0.6414307004470938,
        0.5573770491803278,
        0.5508064516129032,
        0.3583083121014423,
        0.9180327868852459,
        0.9177673060330523,
        0.9219972141862208,
        0.9180327868852459,
        0.9172043010752688,
        0.28627843983837814,
        0.9262295081967213,
        0.9262146381116975,
        0.9273210812527288,
        0.9262295081967213,
        0.9266129032258064,
        0.1949310986722102,
        0.9098360655737705,
        0.9096236866986834,
        0.9154569922370264,
        0.9098360655737705,
        0.910752688172043,
        0.15977613896620077,
        0.9180327868852459,
        0.9177673060330523,
        0.9219972141862208,
        0.9180327868852459,
        0.9172043010752688,
        0.2179084760365916,
        0.9262295081967213,
        0.9262146301143408,
        0.9263243317147178,
        0.9262295081967213,
        0.9260752688172043,
        0.16790374002007188,
        0.9344262295081968,
        0.9344262295081968,
        0.9349286092014807,
        0.9344262295081968,
        0.9346774193548386,
        0.14198205815475495,
        0.9262295081967213,
        0.9262344648917293,
        0.9263638806772373,
        0.9262295081967213,
        0.9263440860215053,
        0.10283447081436876,
        0.9344262295081968,
        0.9344262295081968,
        0.9344262295081968,
        0.9344262295081968,
        0.9344086021505376,
        0.0822260144365127,
        0.9754098360655737,
        0.9754048767047802,
        0.9755311219606857,
        0.9754098360655737,
        0.9752688172043011,
        0.07238442475189928,
        0.9754098360655737,
        0.9754048793705657,
        0.9765807962529274,
        0.9754098360655737,
        0.9758064516129032,
        0.03842433508424485,
        0.9836065573770492,
        0.9836065573770492,
        0.9836065573770492,
        0.9836065573770492,
        0.9836021505376344,
        0.17897565589576472,
        0.9426229508196722,
        0.9425650916104147,
        0.9456870423220725,
        0.9426229508196722,
        0.9432795698924731,
        0.2190674462767898,
        0.9590163934426229,
        0.9590081322842765,
        0.9601608912528613,
        0.9590163934426229,
        0.9594086021505376,
        0.06174568721994025,
        0.9836065573770492,
        0.9835977365846774,
        0.9841188524590164,
        0.9836065573770492,
        0.9833333333333334,
        0.0858010214860322,
        0.9754098360655737,
        0.9754048793705657,
        0.9765807962529274,
        0.9754098360655737,
        0.9758064516129032,
        0.09022455497599038,
        0.9754098360655737,
        0.9754048793705657,
        0.9765807962529274,
        0.9754098360655737,
        0.9758064516129032,
        0.13806673841642553,
        0.9590163934426229,
        0.9590081322842765,
        0.9601608912528613,
        0.9590163934426229,
        0.9594086021505376,
        0.11024083013905854,
        0.9590163934426229,
        0.9590191471620718,
        0.9591507659231389,
        0.9590163934426229,
        0.9591397849462366,
        0.07207743829635323,
        0.9918032786885246,
        0.9918016255682601,
        0.9919333853760083,
        0.9918032786885246,
        0.9916666666666667,
        0.1424821991412366,
        0.9344262295081968,
        0.9343909463387096,
        0.9348590305257208,
        0.9344262295081968,
        0.9341397849462365,
        0.13775098372678288,
        0.9508196721311475,
        0.950793231094659,
        0.9528158564160543,
        0.9508196721311475,
        0.9513440860215053,
        0.056858020239189025,
        0.9754098360655737,
        0.9754048793705657,
        0.9765807962529274,
        0.9754098360655737,
        0.9758064516129032,
        0.0746185792396303,
        0.9836065573770492,
        0.9836065573770492,
        0.9836065573770492,
        0.9836065573770492,
        0.9836021505376344,
        0.056844106707416596,
        0.9754098360655737,
        0.975411488297243,
        0.9755442085460898,
        0.9754098360655737,
        0.9755376344086022,
        0.03637291182626466,
        0.9918032786885246,
        0.9918016255682601,
        0.9919333853760083,
        0.9918032786885246,
        0.9916666666666667,
        0.0282919165434041,
        0.9836065573770492,
        0.9836065573770492,
        0.9836065573770492,
        0.9836065573770492,
        0.9836021505376344,
        0.0280284939608613,
        0.9836065573770492,
        0.9836065573770492,
        0.9836065573770492,
        0.9836065573770492,
        0.9836021505376344,
        0.04556226553242715,
        0.9836065573770492,
        0.9835977365846774,
        0.9841188524590164,
        0.9836065573770492,
        0.9833333333333334,
        0.0889375234007469,
        0.9836065573770492,
        0.9836065573770492,
        0.9841353781068217,
        0.9836065573770492,
        0.9838709677419355,
        0.023876770689594942,
        0.9918032786885246,
        0.9918038294324143,
        0.9919376511690406,
        0.9918032786885246,
        0.9919354838709677
    ],