{
    "epochs": [
        1,
        2,
        3,
        4,
        5,
        6,
        7,
        8,
        9,
        10,
        11,
        12,
        13,
        14,
        15,
        16,
        17,
        18,
        19,
        20,
        21,
        22,
        23,
        24,
        25,
        26,
        27,
        28,
        29,
        30,
        31,
        32,
        33,
        34,
        35,
        36,
        37,
        38,
        39,
        40,
        41
    ],
    "train_losses": [
        0.04286098272585478,
        0.042551821983251414,
        0.04229396593863847,
        0.042697230506627284,
        0.04276205464953282,
        0.041985563078864675,
        0.04217420848178082,
        0.04161978476360196,
        0.041376681112852254,
        0.04103975895731175,
        0.04090291316636273,
        0.039844823909587546,
        0.03838512936576468,
        0.037540320856649365,
        0.037058044469258825,
        0.03541683472815107,
        0.03628065076763513,
        0.03300896354141782,
        0.03391145948381698,
        0.034307550761054774,
        0.02928698065950245,
        0.029183782789795124,
        0.023506189253730853,
        0.024085412443172735,
        0.023556686662992495,
        0.023249886991059194,
        0.02220389002659282,
        0.015527161708498587,
        0.014577264347892315,
        0.010190907117651134,
        0.021110869333392283,
        0.026045251240740058,
        0.022915479055315744,
        0.025063369850643346,
        0.012104626164817419,
        0.015693487446816243,
        0.019866918656425397,
        0.025168871751329938,
        0.025560554758202833,
        0.022373349329487223,
        0.015279238448157663
    ],
    "val_losses": [
        0.04289864003658295,
        0.04268297925591469,
        0.04222710430622101,
        0.04188929498195648,
        0.04158627614378929,
        0.041105106472969055,
        0.04064587131142616,
        0.040079545229673386,
        0.0395151823759079,
        0.038676705211400986,
        0.037600863724946976,
        0.03643950819969177,
        0.034848473966121674,
        0.03280479088425636,
        0.030475476756691933,
        0.028011564165353775,
        0.02595253847539425,
        0.02357250638306141,
        0.021524567157030106,
        0.01926478184759617,
        0.017150241881608963,
        0.01501653902232647,
        0.013191021047532558,
        0.012300556525588036,
        0.010843918658792973,
        0.009957515634596348,
        0.009816482663154602,
        0.008285616524517536,
        0.006319454405456781,
        0.004247493110597134,
        0.0035471755545586348,
        0.004154539201408625,
        0.004774332046508789,
        0.005339374765753746,
        0.005986468400806189,
        0.005608782172203064,
        0.004921149928122759,
        0.004894001875072718,
        0.005099468398839235,
        0.0051400200463831425,
        0.005646106321364641
    ],
    "train_accuracies": [
        0.50379671815966,
        0.47571756800667186,
        0.5142866666199731,
        0.5206275064437116,
        0.4896563545602267,
        0.5751602923283812,
        0.5715134104744333,
        0.5545223189181969,
        0.5647895453406162,
        0.5958640614493949,
        0.5639897565372655,
        0.6517497516069256,
        0.6601406316288182,
        0.7334171201361984,
        0.741965762904433,
        0.6888047046348696,
        0.67203302852443,
        0.7632497568599513,
        0.7580312040985607,
        0.7687481426801838,
        0.8052650045176022,
        0.8284002835633325,
        0.9401897680564005,
        0.9073764300737225,
        0.8880996078741356,
        0.8709972412859808,
        0.886540913190998,
        0.9601825964255412,
        0.9179859474057057,
        0.973318694067783,
        0.9056416808581743,
        0.8787720007974593,
        0.8635437136790791,
        0.8607451016785669,
        0.9368407921712907,
        0.9072723545011927,
        0.8893130568207287,
        0.8760911597580207,
        0.847086531216981,
        0.8820607544945889,
        0.9379346253441982
    ],
    "val_accuracies": [
        0.5161290322580645,
        0.5161290322580645,
        0.5161290322580645,
        0.5483870967741935,
        0.6129032258064516,
        0.6129032258064516,
        0.6129032258064516,
        0.6451612903225806,
        0.6451612903225806,
        0.7096774193548387,
        0.6774193548387096,
        0.7096774193548387,
        0.7096774193548387,
        0.7741935483870968,
        0.8064516129032258,
        0.8387096774193549,
        0.8387096774193549,
        0.8387096774193549,
        0.8387096774193549,
        0.8709677419354839,
        0.9032258064516129,
        0.967741935483871,
        0.9354838709677419,
        0.9032258064516129,
        0.9354838709677419,
        0.9354838709677419,
        0.9354838709677419,
        0.967741935483871,
        0.967741935483871,
        1.0,
        1.0,
        1.0,
        1.0,
        1.0,
        1.0,
        1.0,
        1.0,
        1.0,
        1.0,
        1.0,
        1.0
    ],
    "train_f1": [
        0.47590300595963136,
        0.4872708348118184,
        0.4525314280214669,
        0.527839190433652,
        0.49016393442622946,
        0.5380733923931127,
        0.5377628198168857,
        0.5581420765027323,
        0.534697607443509,
        0.5751366120218578,
        0.4525314280214669,
        0.6865791244950472,
        0.5311224169336097,
        0.65269578660262,
        0.6808232750855702,
        0.6580884120872423,
        0.5632318501170961,
        0.7081242542208167,
        0.42894786811956787,
        0.5357519407433771,
        0.7861962973431317,
        0.6800055104008816,
        0.9426268060269006,
        0.8195751806804161,
        0.6557377049180327,
        0.7540983606557377,
        0.6474699376447768,
        0.7622471414795426,
        0.5081967213114754,
        0.5651352219055846,
        0.9426268060269006,
        0.852220534200113,
        0.8114373880699821,
        0.9016393442622951,
        0.9426113789778205,
        0.6967416889993314,
        0.6638666847310662,
        0.6223413651780666,
        0.8603269848110638,
        0.8278341369334619,
        0.7130568948891033
    ],
    "val_f1": [
        0.3514070006863418,
        0.3514070006863418,
        0.3514070006863418,
        0.41953015427769985,
        0.5366568914956011,
        0.5366568914956011,
        0.5366568914956011,
        0.5878311683183954,
        0.5878311683183954,
        0.679330111273463,
        0.6351766513056836,
        0.679330111273463,
        0.679330111273463,
        0.7600963786097026,
        0.7975382003395586,
        0.8334786399302528,
        0.8334786399302528,
        0.8334786399302528,
        0.8334786399302528,
        0.8682106424041908,
        0.9019969278033794,
        0.9676745205110057,
        0.9350772567091352,
        0.9019969278033794,
        0.9350772567091352,
        0.9350772567091352,
        0.9350772567091352,
        0.9676745205110057,
        0.9676745205110057,
        1.0,
        1.0,
        1.0,
        1.0,
        1.0,
        1.0,
        1.0,
        1.0,
        1.0,
        1.0,
        1.0,
        1.0
    ],