{
    "epochs": [
        1,
        2,
        3,
        4,
        5,
        6,
        7,
        8,
        9,
        10,
        11,
        12,
        13,
        14,
        15,
        16,
        17,
        18,
        19,
        20,
        21,
        22,
        23,
        24,
        25,
        26,
        27,
        28,
        29,
        30,
        31,
        32,
        33,
        34,
        35,
        36,
        37,
        38
    ],
    "train_losses": [
        0.04308058056079484,
        0.04239313496775877,
        0.04285751275864302,
        0.0425477837474128,
        0.042816433909476974,
        0.041580143390722524,
        0.04126623285069964,
        0.040705510676881065,
        0.04034570032377648,
        0.03884362283290601,
        0.03893069589352296,
        0.03500618046648752,
        0.03582777920501684,
        0.034725619443491396,
        0.03159886688675756,
        0.02964033717228696,
        0.025922051880484312,
        0.023505641037926954,
        0.025181317945418794,
        0.021302919773981462,
        0.01955986254866801,
        0.017876132555744228,
        0.018276516737696393,
        0.022107030015463144,
        0.013452142093549757,
        0.01901582574922275,
        0.020318209978879665,
        0.014046172970552849,
        0.019645697169395442,
        0.022376877073125512,
        0.017166749470763736,
        0.015209675285648675,
        0.02017401178288304,
        0.008799429848984954,
        0.015540797403386606,
        0.02721596793180295,
        0.02022654733626671,
        0.015187884467879153
    ],
    "val_losses": [
        0.04270994376677733,
        0.042592777082553275,
        0.04219789430499077,
        0.04175600915765151,
        0.04116030218891609,
        0.04055752710272104,
        0.03985194441599724,
        0.03897565985337282,
        0.03794706182984205,
        0.03613311061874414,
        0.03391445475893143,
        0.031006870074914053,
        0.027492760847776365,
        0.023299481719732285,
        0.019030717129890736,
        0.015331508782811655,
        0.012494056939314574,
        0.009669423628693972,
        0.007690323373446098,
        0.0070499278700504545,
        0.006794740613072346,
        0.006542012525292544,
        0.006489763537851663,
        0.006447596236681327,
        0.005792627660318827,
        0.005301991286568153,
        0.004829716606017871,
        0.004644651174879609,
        0.005143224816912642,
        0.0057593369975877115,
        0.005849309767094942,
        0.007113940769042342,
        0.006872742198025569,
        0.006070675794035196,
        0.005876351291170487,
        0.005579335704589119,
        0.005974069882470828,
        0.005493787594903738
    ],
    "train_accuracies": [
        0.5294112909853069,
        0.5056694255155676,
        0.5180869943955365,
        0.54697797189351,
        0.516026122897279,
        0.5860277126037997,
        0.6143609339894812,
        0.5995222602794373,
        0.6338273964676202,
        0.6978984907561657,
        0.6533589705922245,
        0.7927461013295292,
        0.7137055864521101,
        0.7710121379179113,
        0.8029063605015574,
        0.837224474140242,
        0.8389657587786905,
        0.8626137403101702,
        0.8663160286697686,
        0.9030723073124106,
        0.8916807611004199,
        0.8957565781337763,
        0.9120822731965508,
        0.876833111632104,
        0.9308184580086103,
        0.9074581245970882,
        0.8904384039585886,
        0.944739983751883,
        0.8811823527018229,
        0.8939093172160628,
        0.9121427972332324,
        0.9235936083824806,
        0.8993742575053296,
        0.9766684887455959,
        0.9434255712172565,
        0.8511882233463861,
        0.9227126252417471,
        0.9305701037637548
    ],
    "val_accuracies": [
        0.5128205128205128,
        0.5128205128205128,
        0.5128205128205128,
        0.5128205128205128,
        0.5384615384615384,
        0.5641025641025641,
        0.5897435897435898,
        0.6153846153846154,
        0.6666666666666666,
        0.7435897435897436,
        0.8717948717948718,
        0.8717948717948718,
        0.8717948717948718,
        0.8974358974358975,
        0.9230769230769231,
        0.9230769230769231,
        0.9230769230769231,
        0.9743589743589743,
        0.9743589743589743,
        0.9743589743589743,
        0.9487179487179487,
        0.9487179487179487,
        0.9487179487179487,
        0.9743589743589743,
        0.9743589743589743,
        1.0,
        1.0,
        1.0,
        1.0,
        1.0,
        0.9743589743589743,
        0.9487179487179487,
        0.9743589743589743,
        0.9743589743589743,
        0.9743589743589743,
        0.9743589743589743,
        0.9743589743589743,
        0.9743589743589743
    ],
    "train_f1": [
        0.40784738655044844,
        0.42762168671881395,
        0.42821231056525166,
        0.4694348327566321,
        0.4399589901320005,
        0.48417275406894783,
        0.4264155558273206,
        0.5217124773503372,
        0.5098755876619654,
        0.6217864923747276,
        0.6240806579815401,
        0.6991922238981063,
        0.6263019750628888,
        0.6056203312654501,
        0.559155172922382,
        0.7579631804274168,
        0.7516339869281046,
        0.8758063817993194,
        0.6795742763113596,
        0.5162985449363158,
        0.7578595379451571,
        0.45746998364965874,
        0.7579631804274168,
        0.6927317077938488,
        0.8561354114295292,
        0.7777207977207976,
        0.8169934640522876,
        0.7843137254901961,
        0.7842952947040812,
        0.6993207171225747,
        0.4833952618081103,
        0.6731188201776437,
        0.8496346655161388,
        0.6927842076088429,
        0.9673202614379085,
        0.8037538655558015,
        0.8561722808781633,
        0.7908496732026143
    ],
    "val_f1": [
        0.3476749239461104,
        0.3476749239461104,
        0.3476749239461104,
        0.3476749239461104,
        0.4023872679045093,
        0.45267013688066315,
        0.4991674991674992,
        0.542414107631499,
        0.6208805031446542,
        0.7234432234432234,
        0.8692048692048692,
        0.8707726382144986,
        0.8707726382144986,
        0.8970288970288971,
        0.9229755083413621,
        0.9229755083413621,
        0.9229755083413621,
        0.9743251694471207,
        0.9743251694471207,
        0.9743589743589743,
        0.9486504723346828,
        0.9486504723346828,
        0.9486504723346828,
        0.9743251694471207,
        0.9743251694471207,
        1.0,
        1.0,
        1.0,
        1.0,
        1.0,
        0.9743589743589743,
        0.9486504723346828,
        0.9743589743589743,
        0.9743589743589743,
        0.9743589743589743,
        0.9743589743589743,
        0.9743589743589743,
        0.9743589743589743
    ],