{
    "epochs": [
        1,
        2,
        3,
        4,
        5,
        6,
        7,
        8,
        9,
        10,
        11,
        12,
        13,
        14,
        15,
        16,
        17,
        18,
        19,
        20,
        21,
        22,
        23,
        24,
        25,
        26,
        27,
        28,
        29,
        30,
        31,
        32,
        33,
        34,
        35,
        36,
        37,
        38,
        39,
        40,
        41,
        42
    ],
    "train_losses": [
        0.04247125403070059,
        0.04274762904302019,
        0.04327963054424427,
        0.04246909965257176,
        0.0415906338173835,
        0.04227107824360738,
        0.040904883844930615,
        0.04197185828548963,
        0.04176452633787374,
        0.03908598826068346,
        0.03960252852469194,
        0.03853976115828655,
        0.03775932688693531,
        0.037353949651854935,
        0.036526016646721324,
        0.035419043336735394,
        0.033115424582215607,
        0.030966123932453453,
        0.034890049732610826,
        0.028064500143537757,
        0.02287576750653689,
        0.026452395698574722,
        0.021909917689493446,
        0.027457844893463323,
        0.023056222400704367,
        0.021345423427639437,
        0.027997383359270017,
        0.016501760110259056,
        0.018660024571858468,
        0.01549646498055243,
        0.012510433090759105,
        0.04760290181539098,
        0.015991462516735812,
        0.0232020873637473,
        0.01144994028889742,
        0.026405107229948044,
        0.017105036033470123,
        0.024484091713169558,
        0.02108330871970927,
        0.01811012486759268,
        0.018957650624826305,
        0.01850766537436208
    ],
    "val_losses": [
        0.04241707921028137,
        0.0422738753259182,
        0.04228723794221878,
        0.04220820963382721,
        0.04185614362359047,
        0.041335225105285645,
        0.040811702609062195,
        0.04035534709692001,
        0.03991179168224335,
        0.03916391357779503,
        0.03830349072813988,
        0.0373685359954834,
        0.0356663353741169,
        0.033485010266304016,
        0.030870094895362854,
        0.027702776715159416,
        0.024987777695059776,
        0.022049160674214363,
        0.019952872768044472,
        0.018092792481184006,
        0.016003254801034927,
        0.01388164609670639,
        0.011359602212905884,
        0.009367713704705238,
        0.007290758658200502,
        0.006154799368232489,
        0.0056354026310145855,
        0.005095282103866339,
        0.004371308255940676,
        0.003546903608366847,
        0.0029446526896208525,
        0.002897295169532299,
        0.004020274616777897,
        0.005051222164183855,
        0.005339590832591057,
        0.005210538860410452,
        0.005379953887313604,
        0.005252527538686991,
        0.005356596317142248,
        0.005295759532600641,
        0.004802233539521694,
        0.004560466855764389
    ],
    "train_accuracies": [
        0.5062032136760775,
        0.49933757156622216,
        0.46189091635532065,
        0.5022740754924837,
        0.5658648913023901,
        0.5688918770336714,
        0.6433518050146885,
        0.552129714215388,
        0.5947649596167393,
        0.7097864307341029,
        0.7053187010718174,
        0.6628758633723024,
        0.7467825530005283,
        0.7485925799510518,
        0.6939524040847528,
        0.7573870518168465,
        0.771976674189333,
        0.8528684709892899,
        0.7398474333716221,
        0.8403743212340308,
        0.9234112286176838,
        0.8629020628381948,
        0.9247496088997262,
        0.8438705694480021,
        0.8625891325903721,
        0.9060786044011351,
        0.8442586054567431,
        0.9081784389058097,
        0.91246889458328,
        0.942801522426918,
        0.9691241842801454,
        0.7471995275528704,
        0.9307987025526704,
        0.8743882882790487,
        0.9735064428360736,
        0.8863878562802174,
        0.9550035351612529,
        0.854394443699571,
        0.9050821241785268,
        0.9276090684484263,
        0.9044375341446673,
        0.9137423155737705
    ],
    "val_accuracies": [
        0.6129032258064516,
        0.5806451612903226,
        0.5161290322580645,
        0.6129032258064516,
        0.7096774193548387,
        0.7741935483870968,
        0.8387096774193549,
        0.7741935483870968,
        0.7419354838709677,
        0.7419354838709677,
        0.7096774193548387,
        0.6451612903225806,
        0.6451612903225806,
        0.6451612903225806,
        0.7096774193548387,
        0.8064516129032258,
        0.8064516129032258,
        0.9354838709677419,
        0.9354838709677419,
        0.9354838709677419,
        0.9354838709677419,
        0.9354838709677419,
        0.967741935483871,
        1.0,
        1.0,
        1.0,
        1.0,
        1.0,
        1.0,
        1.0,
        1.0,
        1.0,
        1.0,
        1.0,
        1.0,
        1.0,
        1.0,
        1.0,
        1.0,
        1.0,
        1.0,
        1.0
    ],
    "train_f1": [
        0.5006964534447659,
        0.49989921386817177,
        0.45026528052215414,
        0.4426229508196721,
        0.6065573770491803,
        0.5079323109465891,
        0.5207313178624654,
        0.5079323109465891,
        0.6063458487572713,
        0.6937836394264348,
        0.6475646655938175,
        0.6286807171342096,
        0.6414097980427176,
        0.608052569953668,
        0.6715453046213863,
        0.5626684001802913,
        0.5637288866051153,
        0.6719548739643927,
        0.695433373667722,
        0.5573770491803278,
        0.8605152224824356,
        0.6391502048629029,
        0.5901639344262295,
        0.6802633971621436,
        0.7213114754098361,
        0.9262146301143408,
        0.5409836065573771,
        0.8114373880699821,
        0.589943414616935,
        0.7047592585241932,
        0.7375637853548384,
        0.7622471414795426,
        0.8606651003510442,
        0.9179887184910981,
        0.8770243835239013,
        0.7786438903430225,
        0.8688524590163934,
        0.7213114754098361,
        0.7787033946751878,
        0.7620551214200367,
        0.5081967213114754,
        0.7131340301345026
    ],
    "val_f1": [
        0.5891341256366723,
        0.546984572230014,
        0.49415867480383613,
        0.6080238547031717,
        0.7096774193548387,
        0.7741935483870968,
        0.8366615463389657,
        0.7600963786097026,
        0.7208211143695015,
        0.7208211143695015,
        0.679330111273463,
        0.5878311683183954,
        0.5878311683183954,
        0.5878311683183954,
        0.679330111273463,
        0.7975382003395586,
        0.7975382003395586,
        0.9350772567091352,
        0.9350772567091352,
        0.9350772567091352,
        0.9350772567091352,
        0.9350772567091352,
        0.9676745205110057,
        1.0,
        1.0,
        1.0,
        1.0,
        1.0,
        1.0,
        1.0,
        1.0,
        1.0,
        1.0,
        1.0,
        1.0,
        1.0,
        1.0,
        1.0,
        1.0,
        1.0,
        1.0,
        1.0
    ],