{
    "epochs": [
        1,
        2,
        3,
        4,
        5,
        6,
        7,
        8,
        9,
        10,
        11,
        12,
        13,
        14,
        15,
        16,
        17,
        18,
        19,
        20,
        21,
        22,
        23,
        24,
        25,
        26,
        27,
        28,
        29,
        30,
        31,
        32,
        33,
        34,
        35,
        36,
        37,
        38,
        39,
        40,
        41,
        42,
        43
    ],
    "train_losses": [
        0.04169909964974334,
        0.042170012990633644,
        0.04312243203564388,
        0.04226415071303282,
        0.04186036895082249,
        0.04173251510999067,
        0.041727578252311645,
        0.041727960594301304,
        0.04163205581225031,
        0.04084911600239878,
        0.03973575844997313,
        0.040532392820691675,
        0.03849703209792695,
        0.03940517434138593,
        0.03772495026753201,
        0.03329921840894513,
        0.03605494652761192,
        0.032235012185282824,
        0.02914630464179729,
        0.033680728598823394,
        0.02642539493376162,
        0.029222711042417745,
        0.027454177962570655,
        0.026991546335743695,
        0.029410980096677454,
        0.022639307352464375,
        0.02499009485591233,
        0.01949949121875007,
        0.020014615532586245,
        0.012959377628152932,
        0.0262675410121437,
        0.015907527212568415,
        0.019804602564592672,
        0.02845827259910785,
        0.011425105900299258,
        0.015518017419863766,
        0.014757371606017516,
        0.017197307350674297,
        0.017213465244607713,
        0.027570763830004667,
        0.014580528024674915,
        0.012616958181426777,
        0.018055505853721766
    ],
    "val_losses": [
        0.04293883219361305,
        0.04292333871126175,
        0.042923152446746826,
        0.042687032371759415,
        0.04237521067261696,
        0.04204735904932022,
        0.04165966808795929,
        0.04118701070547104,
        0.04071342200040817,
        0.04004271328449249,
        0.0392858162522316,
        0.03836119547486305,
        0.03685677796602249,
        0.035166043788194656,
        0.03258367255330086,
        0.02953672967851162,
        0.02687658928334713,
        0.023732582107186317,
        0.019526291638612747,
        0.01626153104007244,
        0.013479502871632576,
        0.011007631197571754,
        0.010353870689868927,
        0.009828919544816017,
        0.009518809616565704,
        0.009239250794053078,
        0.009263006038963795,
        0.009510324336588383,
        0.008501614443957806,
        0.006734726019203663,
        0.006048120558261871,
        0.005486105103045702,
        0.004887132905423641,
        0.006386741064488888,
        0.0064828237518668175,
        0.006511259824037552,
        0.005163098685443401,
        0.005626847501844168,
        0.005886540748178959,
        0.006746141240000725,
        0.006523828487843275,
        0.006033861543983221,
        0.005512844771146774
    ],
    "train_accuracies": [
        0.5756987594976658,
        0.5765937091858406,
        0.4846080609453403,
        0.5073184346765037,
        0.5716247093386766,
        0.5753485982011004,
        0.5474526940322504,
        0.5408982067573361,
        0.5977058798317018,
        0.6410518274074648,
        0.6597150166829427,
        0.643000176282433,
        0.7057523339744506,
        0.6638037828895135,
        0.7305144798464891,
        0.8443869924157615,
        0.7274880448007971,
        0.8282929087072853,
        0.8279904621403392,
        0.7872491386847768,
        0.8612018988384464,
        0.8276584129023358,
        0.8515752156575521,
        0.8354761697412506,
        0.8328504329774438,
        0.878784660401383,
        0.847949190837581,
        0.9188581637250699,
        0.9145042605516387,
        0.9616611294630097,
        0.8596183497731279,
        0.920799674057379,
        0.8817128282252366,
        0.8398955430441756,
        0.9782410753451711,
        0.9377005972513338,
        0.9165137376242537,
        0.898918430979659,
        0.9291655842850848,
        0.8473976104240107,
        0.9206700828986439,
        0.9342438612526994,
        0.9193345201693899
    ],
    "val_accuracies": [
        0.43333333333333335,
        0.4,
        0.4,
        0.4,
        0.4,
        0.4666666666666667,
        0.4666666666666667,
        0.5333333333333333,
        0.6,
        0.6666666666666666,
        0.6666666666666666,
        0.7333333333333333,
        0.7666666666666667,
        0.7666666666666667,
        0.9,
        0.9,
        0.9666666666666667,
        0.9666666666666667,
        0.9666666666666667,
        0.9666666666666667,
        0.9666666666666667,
        0.9666666666666667,
        0.9666666666666667,
        0.9666666666666667,
        1.0,
        1.0,
        1.0,
        1.0,
        1.0,
        1.0,
        1.0,
        1.0,
        1.0,
        0.9666666666666667,
        0.9666666666666667,
        0.9333333333333333,
        1.0,
        0.9666666666666667,
        0.9666666666666667,
        0.9666666666666667,
        0.9666666666666667,
        0.9666666666666667,
        0.9666666666666667
    ],
    "train_f1": [
        0.549412827461608,
        0.545309532496936,
        0.4648105484191823,
        0.4348022044785456,
        0.5254551375715812,
        0.5320825515947467,
        0.4880385405713736,
        0.5016296887982996,
        0.536040492680059,
        0.60073167897939,
        0.5585176782000378,
        0.6299445288992327,
        0.6192800958345446,
        0.6373589288453531,
        0.6034508265929542,
        0.5490725783839906,
        0.65987733948899,
        0.804019969837225,
        0.46708577445380695,
        0.8130576217427627,
        0.6502675283163087,
        0.7235772357723578,
        0.6665341549062479,
        0.6987077676950019,
        0.8289963005836497,
        0.7718131248298129,
        0.8780971578310823,
        0.7886178861788617,
        0.5692197370594099,
        0.5936572460962705,
        0.7801381007504067,
        0.8211382113821138,
        0.6166149238842844,
        0.6422764227642277,
        0.8046969010804166,
        0.7642900448060921,
        0.8618251986794333,
        0.6749257968770164,
        0.8862240289069557,
        0.8373983739837398,
        0.6747967479674797,
        0.6180377612040583,
        0.869797934053611
    ],
    "val_f1": [
        0.29730423620025676,
        0.22857142857142856,
        0.22857142857142856,
        0.22857142857142856,
        0.22857142857142856,
        0.36,
        0.36,
        0.47081339712918663,
        0.5666666666666667,
        0.6515837104072398,
        0.6515837104072398,
        0.7285714285714285,
        0.7648498331479421,
        0.7648498331479421,
        0.901010101010101,
        0.901010101010101,
        0.9668571428571427,
        0.9668571428571427,
        0.9668571428571427,
        0.9668571428571427,
        0.9668571428571427,
        0.9668571428571427,
        0.9668571428571427,
        0.9668571428571427,
        1.0,
        1.0,
        1.0,
        1.0,
        1.0,
        1.0,
        1.0,
        1.0,
        1.0,
        0.9663924794359579,
        0.9663924794359579,
        0.9320574162679426,
        1.0,
        0.9663924794359579,
        0.9663924794359579,
        0.9663924794359579,
        0.9663924794359579,
        0.9663924794359579,
        0.9663924794359579
    ],