{
    "epochs": [
        1,
        2,
        3,
        4,
        5,
        6,
        7,
        8,
        9,
        10,
        11,
        12,
        13,
        14,
        15,
        16,
        17,
        18,
        19,
        20,
        21,
        22,
        23,
        24,
        25,
        26,
        27,
        28,
        29,
        30,
        31,
        32,
        33,
        34,
        35,
        36,
        37,
        38,
        39,
        40,
        41,
        42,
        43,
        44,
        45,
        46,
        47,
        48,
        49,
        50
    ],
    "train_losses": [
        0.04365613650742585,
        0.04225993728855761,
        0.04282342097381266,
        0.042794208549629384,
        0.042365668386947816,
        0.042024988166200435,
        0.041737200495431094,
        0.041128252489053135,
        0.04125597455152651,
        0.04046440327434036,
        0.04016056163160781,
        0.04108095199354296,
        0.03793585179297904,
        0.03681663720588374,
        0.03533718132270061,
        0.03342670668673709,
        0.03279584761315245,
        0.031523616651330535,
        0.02999574963639422,
        0.02474976412770225,
        0.028164800529072925,
        0.026296784101826388,
        0.021906093701841385,
        0.033965368353860166,
        0.01959438735573757,
        0.03007423175059683,
        0.019211773919623074,
        0.02158959058484411,
        0.03044676147704202,
        0.016284582841141922,
        0.02451104238417333,
        0.014192248232723251,
        0.03091755569950352,
        0.023395311783968916,
        0.01498126421820342,
        0.023212342030876052,
        0.01339336402138801,
        0.025870543579018215,
        0.023776066148789916,
        0.01626750723860128,
        0.024223142712399726,
        0.013847131009508924,
        0.023905258701463056,
        0.017946554847606797,
        0.0246015396120587,
        0.017553299779026973,
        0.025602335594897347,
        0.015997559506052392,
        0.009938468725034377,
        0.012497136127052269
    ],
    "val_losses": [
        0.04195089265704155,
        0.04185313731431961,
        0.041673365980386734,
        0.04135308414697647,
        0.04111446067690849,
        0.040775660425424576,
        0.040393877774477005,
        0.039735097438097,
        0.038996316492557526,
        0.03790287300944328,
        0.037005696445703506,
        0.035517722368240356,
        0.03361007571220398,
        0.031098617240786552,
        0.028096335008740425,
        0.024605104699730873,
        0.02091400697827339,
        0.017766369506716728,
        0.014398285187780857,
        0.011846105568110943,
        0.010210013017058372,
        0.00902479700744152,
        0.007715320214629173,
        0.007425237912684679,
        0.008767269551753998,
        0.009512665681540966,
        0.009210636839270592,
        0.008053896948695183,
        0.007951308973133564,
        0.007844744250178337,
        0.007382952142506838,
        0.007072817534208298,
        0.006652273237705231,
        0.006779079791158438,
        0.006827686447650194,
        0.006752023007720709,
        0.006714117247611284,
        0.006346220150589943,
        0.006030397955328226,
        0.00597299262881279,
        0.005945027340203524,
        0.005954403430223465,
        0.006087691988795996,
        0.005713957827538252,
        0.005815699230879545,
        0.00557176535949111,
        0.005133326165378094,
        0.004961234051734209,
        0.00482865609228611,
        0.004177907016128302
    ],
    "train_accuracies": [
        0.45045996875297734,
        0.4917348225911458,
        0.4878048780487805,
        0.5300487890476133,
        0.5462537315802846,
        0.5635814976886035,
        0.5380395718706332,
        0.5962101230776407,
        0.5734893829841924,
        0.6192024975288205,
        0.6322564380924877,
        0.558962573850058,
        0.6395499066608709,
        0.7484870073271961,
        0.8107412539846529,
        0.8030266800547033,
        0.8217879349623269,
        0.7682024792927068,
        0.8145151370909156,
        0.9074634458960557,
        0.8347164402163125,
        0.8401587416486043,
        0.9106427634634623,
        0.7834640906109074,
        0.9054126894570947,
        0.8292629583095147,
        0.9335863066882621,
        0.8816984223156441,
        0.8435634519995713,
        0.9277789728428291,
        0.8675276128257193,
        0.9485714920168,
        0.8048045615839764,
        0.8725868628277043,
        0.9296727529386195,
        0.8868838209446853,
        0.9608285485244379,
        0.8514488964546018,
        0.8644827555834762,
        0.9391625877318344,
        0.8861022732122158,
        0.9364772579534267,
        0.8775322921876985,
        0.9327302483039174,
        0.8452122696046906,
        0.917439220397453,
        0.8524388414088303,
        0.8953725303091654,
        0.9641311614494014,
        0.959243107617386
    ],
    "val_accuracies": [
        0.5666666666666667,
        0.5666666666666667,
        0.5666666666666667,
        0.6333333333333333,
        0.6333333333333333,
        0.6333333333333333,
        0.6666666666666666,
        0.7,
        0.7,
        0.7,
        0.7333333333333333,
        0.7333333333333333,
        0.7333333333333333,
        0.8333333333333334,
        0.8333333333333334,
        0.9333333333333333,
        0.9666666666666667,
        0.9666666666666667,
        0.9666666666666667,
        1.0,
        0.9666666666666667,
        1.0,
        1.0,
        1.0,
        0.9666666666666667,
        0.9333333333333333,
        0.9333333333333333,
        1.0,
        1.0,
        1.0,
        1.0,
        1.0,
        1.0,
        1.0,
        1.0,
        1.0,
        1.0,
        1.0,
        1.0,
        1.0,
        1.0,
        1.0,
        0.9666666666666667,
        1.0,
        0.9666666666666667,
        1.0,
        1.0,
        1.0,
        1.0,
        1.0
    ],
    "train_f1": [
        0.40938561284347025,
        0.46307782985770013,
        0.4121540609345487,
        0.49945492513017936,
        0.48492858110111775,
        0.5279090789939243,
        0.4603326425421117,
        0.4952310019986291,
        0.502388629199385,
        0.4764082512478069,
        0.5712904192657923,
        0.5448804116381082,
        0.5737712209948848,
        0.6216305233414807,
        0.582503460613763,
        0.641092221303569,
        0.8455897332527044,
        0.56080148585727,
        0.6504990319538609,
        0.5931185439175347,
        0.7317783268483118,
        0.7233206098639235,
        0.8454670473955783,
        0.8130576217427627,
        0.6099109562524198,
        0.6992666088905314,
        0.6166149238842844,
        0.5110281246353133,
        0.8530149773779188,
        0.536401142186735,
        0.8450145436979022,
        0.6990674080861261,
        0.7153340346760652,
        0.7070453516206249,
        0.7316006612660044,
        0.7312799009171639,
        0.8455693397005432,
        0.7073170731707317,
        0.9106045824094604,
        0.6987077676950019,
        0.796667167625761,
        0.5205154874689243,
        0.8374628984385082,
        0.6582195768907292,
        0.6987077676950019,
        0.7801381007504067,
        0.7876883006569937,
        0.559925312171782,
        0.967479674796748,
        0.7398373983739838
    ],