{
    "epochs": [
        1,
        2,
        3,
        4,
        5,
        6,
        7,
        8,
        9,
        10,
        11,
        12,
        13,
        14,
        15,
        16,
        17,
        18,
        19,
        20,
        21,
        22,
        23,
        24,
        25,
        26,
        27,
        28,
        29,
        30,
        31,
        32,
        33,
        34,
        35,
        36,
        37,
        38,
        39,
        40,
        41,
        42,
        43,
        44,
        45,
        46,
        47,
        48,
        49,
        50
    ],
    "train_losses": [
        0.042307544560706026,
        0.04267514271081471,
        0.042314233960675414,
        0.04118330770584404,
        0.041620807019902055,
        0.04150201410788004,
        0.04194216216441061,
        0.04007671889467317,
        0.0398834760560364,
        0.03863582088321936,
        0.03940426307867785,
        0.03691448350665999,
        0.03670799255859657,
        0.03406604776372675,
        0.032523658737295964,
        0.031104452053054434,
        0.031211272401155017,
        0.03795426094629725,
        0.029023677110671997,
        0.028095536117182403,
        0.025654365812413028,
        0.023508617104809792,
        0.034225744424296205,
        0.026042388171934692,
        0.02496323691772633,
        0.02432073359606696,
        0.02429994540747072,
        0.029677537010341395,
        0.021774463844103892,
        0.020333240144565456,
        0.02090311404622969,
        0.02524981037026546,
        0.020298440406312707,
        0.015880811409872086,
        0.019045695372414392,
        0.0115846809396734,
        0.022320237560350387,
        0.02780291212142491,
        0.021795249131859325,
        0.015028045024173181,
        0.010349252627643406,
        0.012122913836272524,
        0.01254271824279281,
        0.019087803397388733,
        0.023080054258347533,
        0.008880896127370537,
        0.014643909898204882,
        0.018527564317842977,
        0.008441081423251355,
        0.019003157122213333
    ],
    "val_losses": [
        0.04223437234759331,
        0.041895657777786255,
        0.04161153361201286,
        0.04102954640984535,
        0.04028352349996567,
        0.039443593472242355,
        0.038896165788173676,
        0.03787994757294655,
        0.03671565651893616,
        0.03500189259648323,
        0.03296257555484772,
        0.0308064091950655,
        0.028240157291293144,
        0.025640791282057762,
        0.02322453446686268,
        0.021113339811563492,
        0.01926255226135254,
        0.018095461651682854,
        0.017019301652908325,
        0.016006605699658394,
        0.014948813244700432,
        0.013444080948829651,
        0.01194317638874054,
        0.010709894821047783,
        0.009563446044921875,
        0.008320765569806099,
        0.007020608987659216,
        0.006467537488788366,
        0.005653872154653072,
        0.004978458397090435,
        0.004386244807392359,
        0.00428114365786314,
        0.004386034794151783,
        0.004662074148654938,
        0.00484609417617321,
        0.004000157583504915,
        0.003054880304262042,
        0.003048097714781761,
        0.003490001894533634,
        0.003858840325847268,
        0.0038130139000713825,
        0.0031263770069926977,
        0.0024783569388091564,
        0.0021752282045781612,
        0.0023298407904803753,
        0.0021109574008733034,
        0.0018969738157466054,
        0.001766914501786232,
        0.0016882418422028422,
        0.001607271609827876
    ],
    "train_accuracies": [
        0.5539919743772412,
        0.5052891402948098,
        0.579427140658019,
        0.6470980566056048,
        0.6231230282392658,
        0.581875816720431,
        0.6009857302806416,
        0.6182360649108887,
        0.6877834601480453,
        0.7148481118874471,
        0.643794560041584,
        0.7151511458099865,
        0.6684724932811299,
        0.7736408515054671,
        0.8109615669875848,
        0.8323334553202645,
        0.8234055159521885,
        0.7246615613093141,
        0.8542769385165856,
        0.8601905166125688,
        0.9178501504366515,
        0.9152841567993164,
        0.8273231944099801,
        0.8879224433273566,
        0.8683061756071497,
        0.8725418966324603,
        0.8753065046716909,
        0.7780732952180456,
        0.8998459675272957,
        0.8975680460695361,
        0.8997964546328685,
        0.8631848350900119,
        0.8780285256807921,
        0.9347191482293801,
        0.9125897610773805,
        0.941970950267354,
        0.8890974638892002,
        0.8542102282164526,
        0.8841211444041768,
        0.9502916805079726,
        0.9808887106473329,
        0.9532654090005843,
        0.9537232977445008,
        0.8760154911729156,
        0.877060984001785,
        0.9705486297607422,
        0.9170846470066758,
        0.9139677735625721,
        0.9795116205684474,
        0.8948243563292456
    ],
    "val_accuracies": [
        0.5161290322580645,
        0.5161290322580645,
        0.5806451612903226,
        0.7419354838709677,
        0.8064516129032258,
        0.967741935483871,
        0.9354838709677419,
        0.9032258064516129,
        0.8709677419354839,
        0.9032258064516129,
        0.8387096774193549,
        0.8709677419354839,
        0.8709677419354839,
        0.8709677419354839,
        0.9032258064516129,
        0.9354838709677419,
        0.9354838709677419,
        0.967741935483871,
        1.0,
        1.0,
        1.0,
        1.0,
        1.0,
        1.0,
        1.0,
        1.0,
        1.0,
        1.0,
        1.0,
        1.0,
        1.0,
        1.0,
        1.0,
        1.0,
        1.0,
        1.0,
        1.0,
        1.0,
        1.0,
        1.0,
        1.0,
        1.0,
        1.0,
        1.0,
        1.0,
        1.0,
        1.0,
        1.0,
        1.0,
        1.0
    ],
    "train_f1": [
        0.5048701298701299,
        0.49232553380176,
        0.46109412164458036,
        0.606133979015335,
        0.5409836065573771,
        0.465453319851702,
        0.5891702586206897,
        0.5283070974868821,
        0.6957195820694304,
        0.649712879409352,
        0.6269113149847094,
        0.6345524207593173,
        0.5860970712455861,
        0.5451532725766363,
        0.49590191695454855,
        0.6766564729867482,
        0.835357624831309,
        0.7524350649350648,
        0.7704918032786885,
        0.7950681986158705,
        0.6967009339514884,
        0.5325042016806724,
        0.5981176470588235,
        0.8852150537634409,
        0.7868852459016393,
        0.8770409191695222,
        0.7210115684691957,
        0.7868852459016393,
        0.8852459016393442,
        0.7695006747638327,
        0.8441680672268909,
        0.5076674737691687,
        0.6717783158461124,
        0.6967009339514884,
        0.5983336692871061,
        0.7622791103944098,
        0.8114627427266009,
        0.9344262295081968,
        0.680306389840758,
        0.7704301075268818,
        0.6639118457300275,
        0.6556451612903226,
        0.7130954780622186,
        0.7704918032786885,
        0.8032258064516129,
        0.8114627427266009,
        0.8521012931034483,
        0.8442518309480614,
        0.7868852459016393,
        0.8113613445378152
    ],