{
    "epochs": [
        1,
        2,
        3,
        4,
        5,
        6,
        7,
        8,
        9,
        10,
        11,
        12,
        13,
        14,
        15,
        16,
        17,
        18,
        19,
        20,
        21,
        22,
        23,
        24,
        25,
        26,
        27,
        28,
        29,
        30,
        31,
        32,
        33,
        34,
        35,
        36,
        37,
        38,
        39,
        40,
        41,
        42,
        43,
        44,
        45,
        46,
        47,
        48,
        49,
        50
    ],
    "train_losses": [
        0.042775517115827465,
        0.043115748306278324,
        0.04387165544951548,
        0.042501835366252995,
        0.042027944546253956,
        0.04302876949554584,
        0.042692784097839574,
        0.042667441314361135,
        0.04255855901808035,
        0.0414955486528209,
        0.042454900922345336,
        0.04196321432952021,
        0.04190820156306517,
        0.04187143325317101,
        0.04181741666598398,
        0.04154746955046888,
        0.04148016418101358,
        0.04065917365130831,
        0.039450734059830184,
        0.040812417986940165,
        0.041638025617013213,
        0.04045746469351112,
        0.040825397509043335,
        0.03944515742239405,
        0.0389407074353734,
        0.038450890022223114,
        0.039155055509238944,
        0.03794839190410786,
        0.03730283176801244,
        0.03630546205600754,
        0.03458045007752591,
        0.034070833051790955,
        0.03337625890481667,
        0.034414496578154014,
        0.035480106157846136,
        0.031178214938425628,
        0.03407210960495667,
        0.03458587837512376,
        0.03338016740611342,
        0.033203663731940454,
        0.03223731860396315,
        0.03212886505195352,
        0.02985241890075754,
        0.03229105362638098,
        0.03172683483753048,
        0.032869389616563674,
        0.03255486744837683,
        0.03412640290182145,
        0.0315544920378044,
        0.03277310194661383
    ],
    "val_losses": [
        0.043420858681201935,
        0.043175846338272095,
        0.042940568178892136,
        0.04264413192868233,
        0.04247672110795975,
        0.04244783893227577,
        0.042325716465711594,
        0.04220573231577873,
        0.04208478331565857,
        0.04187912121415138,
        0.04161253198981285,
        0.041319869458675385,
        0.040996573865413666,
        0.040705304592847824,
        0.040360674262046814,
        0.039986785501241684,
        0.03969712182879448,
        0.03919792175292969,
        0.038728129118680954,
        0.03822605311870575,
        0.03773049637675285,
        0.03731578215956688,
        0.03669154644012451,
        0.0359988659620285,
        0.03529350459575653,
        0.03432120755314827,
        0.033410701900720596,
        0.032451968640089035,
        0.031691331416368484,
        0.0307847261428833,
        0.029810121282935143,
        0.028667740523815155,
        0.027790337800979614,
        0.02732357196509838,
        0.026914387941360474,
        0.02654171921312809,
        0.026103820651769638,
        0.02590296044945717,
        0.025807829573750496,
        0.025342436507344246,
        0.025011515244841576,
        0.024681145325303078,
        0.024416431784629822,
        0.024108709767460823,
        0.02369299717247486,
        0.023242387920618057,
        0.022853927686810493,
        0.02290213853120804,
        0.02276555821299553,
        0.022523382678627968
    ],
    "train_accuracies": [
        0.4901249604146989,
        0.5355590914116531,
        0.4364206282818904,
        0.5237720677110015,
        0.5900905015038662,
        0.5140975889612417,
        0.46718680272336865,
        0.5237793922424316,
        0.510093047970631,
        0.6010045536228867,
        0.510393994753478,
        0.5737571872648646,
        0.596550175401031,
        0.5245960892223921,
        0.5643758148443504,
        0.5680151845588058,
        0.5812199076668161,
        0.6425891157056465,
        0.7028479341600762,
        0.6259577235237497,
        0.558968497104332,
        0.6629888972298044,
        0.6629980431228387,
        0.686991066229148,
        0.6893178674041248,
        0.705377610003362,
        0.6938378380947425,
        0.6795911007240171,
        0.7397826460541271,
        0.7507064537923844,
        0.7902681475780049,
        0.8005771793302943,
        0.8475418403500417,
        0.782677212699515,
        0.7620316020777969,
        0.8895692512637279,
        0.7921263585325147,
        0.6978003392454053,
        0.7937486523487529,
        0.7742305818151255,
        0.8217991531872358,
        0.8186597667756628,
        0.8303748271504386,
        0.8305300571879403,
        0.7936154506245597,
        0.8024104853145412,
        0.7841687280623639,
        0.761238989282827,
        0.7890728028094183,
        0.7759877501941118
    ],
    "val_accuracies": [
        0.5161290322580645,
        0.5161290322580645,
        0.5161290322580645,
        0.5483870967741935,
        0.5161290322580645,
        0.5161290322580645,
        0.5161290322580645,
        0.5161290322580645,
        0.5161290322580645,
        0.5161290322580645,
        0.5161290322580645,
        0.5161290322580645,
        0.5161290322580645,
        0.5483870967741935,
        0.5483870967741935,
        0.5483870967741935,
        0.5806451612903226,
        0.6129032258064516,
        0.6451612903225806,
        0.6451612903225806,
        0.7096774193548387,
        0.7096774193548387,
        0.7096774193548387,
        0.7419354838709677,
        0.7741935483870968,
        0.7741935483870968,
        0.7741935483870968,
        0.8064516129032258,
        0.8387096774193549,
        0.8709677419354839,
        0.8709677419354839,
        0.9032258064516129,
        0.9032258064516129,
        0.9032258064516129,
        0.9032258064516129,
        0.9032258064516129,
        0.9032258064516129,
        0.9032258064516129,
        0.9032258064516129,
        0.9032258064516129,
        0.9032258064516129,
        0.9032258064516129,
        0.9032258064516129,
        0.9032258064516129,
        0.9032258064516129,
        0.9032258064516129,
        0.9032258064516129,
        0.9032258064516129,
        0.9032258064516129,
        0.9032258064516129
    ],
    "train_f1": [
        0.5203199073571455,
        0.5000573197294509,
        0.36846397737637354,
        0.49477118190109887,
        0.5094721836665791,
        0.5199508298312568,
        0.4226050065656956,
        0.46152772933379843,
        0.5336540669231123,
        0.500220766086697,
        0.4854340824376651,
        0.5002307635504356,
        0.40941750959190787,
        0.5071584699453552,
        0.5727157852172594,
        0.5311224169336097,
        0.5160561071843618,
        0.5800306251125923,
        0.5199508298312568,
        0.6262595879079561,
        0.539203297783319,
        0.5486625694267002,
        0.5946052399255708,
        0.5820949716913891,
        0.5968294001080886,
        0.6451837963726892,
        0.6229845163681701,
        0.5079808856865194,
        0.50554191278954,
        0.5723925946862634,
        0.5282612823596431,
        0.604433530231632,
        0.5879515939912834,
        0.7448225563161994,
        0.7190493932297212,
        0.6223421849984785,
        0.7276991925650871,
        0.6789703127848962,
        0.8016819246327443,
        0.703325147673724,
        0.7130569259899345,
        0.5982796963859085,
        0.48238823782923634,
        0.7697498586772188,
        0.5901639344262295,
        0.8523796932839767,
        0.5490894551270401,
        0.7368569813453929,
        0.5815456674473067,
        0.7128254580520733
    ],