{
    "epochs": [
        1,
        2,
        3,
        4,
        5,
        6,
        7,
        8,
        9,
        10,
        11,
        12,
        13,
        14,
        15,
        16,
        17,
        18,
        19,
        20,
        21,
        22,
        23,
        24,
        25,
        26,
        27,
        28,
        29,
        30,
        31,
        32,
        33,
        34,
        35,
        36
    ],
    "train_losses": [
        0.6789449546244237,
        0.6126830035989935,
        0.5371678069040373,
        0.4730288881760139,
        0.374952262098139,
        0.3187930930357475,
        0.26976756209676916,
        0.23117177169044295,
        0.17304905068564724,
        0.1310120900342991,
        0.11247056393654316,
        0.11069617488167503,
        0.07090373579170797,
        0.08219794512956173,
        0.11311253315055525,
        0.06957216918855519,
        0.06370570607386626,
        0.09600177683032952,
        0.10219204377431373,
        0.06196545388597947,
        0.030513145755250732,
        0.04347489367831837,
        0.06991576625929251,
        0.06820471221943955,
        0.050122997493712934,
        0.05871669967453201,
        0.09132883301028957,
        0.058933088193079096,
        0.029237216894889808,
        0.06950704840483604,
        0.028388671988210122,
        0.04378443139955982,
        0.04033121118297825,
        0.03717117497770043,
        0.06510459563948891,
        0.07944705463075019
    ],
    "val_losses": [
        0.668050932256799,
        0.6251536482258847,
        0.5805151431184066,
        0.5077590299280066,
        0.40129613719488444,
        0.30437401721352025,
        0.23129178348340487,
        0.16140786911311902,
        0.11067695327495274,
        0.0785875651789339,
        0.0499890984869317,
        0.049997329417812195,
        0.05030059794846334,
        0.04269900709684742,
        0.0441924409548703,
        0.05105745879394051,
        0.05028868926149842,
        0.04928281159434272,
        0.04167837499469323,
        0.043910397467889675,
        0.04982366180047393,
        0.05116009502671659,
        0.04035774122703036,
        0.021046780362284107,
        0.009793126655399408,
        0.008248636707369434,
        0.00847575171409469,
        0.009626215470856741,
        0.011314653546402329,
        0.018852617358788848,
        0.026070517843197052,
        0.01991351061549626,
        0.02137858048081398,
        0.021688453669316675,
        0.017855029871785326,
        0.023517260830359238
    ],
    "train_accuracies": [
        0.538961038961039,
        0.7467532467532467,
        0.8441558441558441,
        0.8181818181818182,
        0.9090909090909091,
        0.9285714285714286,
        0.922077922077922,
        0.922077922077922,
        0.9545454545454546,
        0.9675324675324676,
        0.9675324675324676,
        0.9545454545454546,
        0.987012987012987,
        0.9805194805194806,
        0.9675324675324676,
        0.9805194805194806,
        0.974025974025974,
        0.9675324675324676,
        0.961038961038961,
        0.9935064935064936,
        0.9935064935064936,
        0.9935064935064936,
        0.9805194805194806,
        0.974025974025974,
        0.9805194805194806,
        0.987012987012987,
        0.9675324675324676,
        0.9805194805194806,
        0.9935064935064936,
        0.9545454545454546,
        0.987012987012987,
        0.9805194805194806,
        0.9805194805194806,
        0.987012987012987,
        0.974025974025974,
        0.961038961038961
    ],
    "val_accuracies": [
        0.6578947368421053,
        0.8421052631578947,
        0.868421052631579,
        0.868421052631579,
        0.868421052631579,
        0.8947368421052632,
        0.8947368421052632,
        0.9473684210526315,
        0.9473684210526315,
        0.9736842105263158,
        1.0,
        0.9736842105263158,
        0.9736842105263158,
        0.9736842105263158,
        0.9736842105263158,
        0.9736842105263158,
        0.9736842105263158,
        0.9736842105263158,
        0.9736842105263158,
        0.9736842105263158,
        0.9736842105263158,
        0.9736842105263158,
        0.9736842105263158,
        1.0,
        1.0,
        1.0,
        1.0,
        1.0,
        1.0,
        1.0,
        0.9736842105263158,
        1.0,
        0.9736842105263158,
        0.9736842105263158,
        1.0,
        0.9736842105263158
    ]
}