{
    "epochs": [
        1,
        2,
        3,
        4,
        5,
        6,
        7,
        8,
        9,
        10,
        11,
        12,
        13,
        14,
        15,
        16,
        17,
        18,
        19,
        20,
        21,
        22,
        23,
        24,
        25,
        26,
        27
    ],
    "train_losses": [
        0.04252989152851312,
        0.041955308475788086,
        0.04199459344364595,
        0.04206406859600026,
        0.041936459856620735,
        0.040872195924537766,
        0.04223445009278214,
        0.04076442662356557,
        0.04050979385341423,
        0.03911838685904724,
        0.03869830266289089,
        0.03827490085277004,
        0.03675538549820582,
        0.03439738191124322,
        0.032956076327009476,
        0.031551327610361404,
        0.029406838550947716,
        0.02873233203654704,
        0.027733487009570217,
        0.03092700847681018,
        0.024872942814144535,
        0.02245783737010282,
        0.023273579452348793,
        0.0204100476955806,
        0.016884649064445843,
        0.02001786007937314,
        0.021875206759010536
    ],
    "val_losses": [
        0.042974602431058884,
        0.04270870238542557,
        0.04219355061650276,
        0.04168214276432991,
        0.040890879929065704,
        0.04026859626173973,
        0.03930424526333809,
        0.037564121186733246,
        0.03561516851186752,
        0.032954342663288116,
        0.030286626890301704,
        0.027667440474033356,
        0.02485164813697338,
        0.022423340007662773,
        0.020431138575077057,
        0.019039012491703033,
        0.017580442130565643,
        0.01609027199447155,
        0.014456592500209808,
        0.012645287439227104,
        0.01088707149028778,
        0.008525061421096325,
        0.006175516173243523,
        0.004828725475817919,
        0.0032334274146705866,
        0.002200459362939,
        0.0021658490877598524
    ],
    "train_accuracies": [
        0.5344570892444556,
        0.5751023499862008,
        0.5456325005793917,
        0.5253908737846043,
        0.5659721899723661,
        0.6294742528943048,
        0.5072468190953352,
        0.5709222848864569,
        0.6183599872865538,
        0.6412071836167488,
        0.6746435994687288,
        0.6869106189064358,
        0.6903543956037881,
        0.7227230763089829,
        0.7977325605309528,
        0.7716017080389935,
        0.8344793596129486,
        0.85902990811113,
        0.870919614598371,
        0.8462750393411388,
        0.879525357398434,
        0.9040218574413355,
        0.8998487583105115,
        0.90968308241471,
        0.9250085941259412,
        0.8978061883345895,
        0.9100485815518145
    ],
    "val_accuracies": [
        0.26666666666666666,
        0.4,
        0.4666666666666667,
        0.6,
        0.6666666666666666,
        0.6666666666666666,
        0.6666666666666666,
        0.6666666666666666,
        0.6666666666666666,
        0.6666666666666666,
        0.8666666666666667,
        0.8666666666666667,
        0.9333333333333333,
        1.0,
        1.0,
        1.0,
        1.0,
        1.0,
        1.0,
        1.0,
        1.0,
        1.0,
        1.0,
        1.0,
        1.0,
        1.0,
        1.0
    ],
    "train_f1": [
        0.5446029380455609,
        0.557947802342068,
        0.5201264488935722,
        0.5473015873015873,
        0.5101456953642384,
        0.6125033112582782,
        0.5005322546306153,
        0.5767798466593648,
        0.6093205574912893,
        0.5705159705159706,
        0.6157248157248157,
        0.6046264855687606,
        0.6553483181890642,
        0.6068376068376069,
        0.5642027511641599,
        0.7433444922684522,
        0.6864133594039,
        0.7747828375888393,
        0.767920958587345,
        0.8115546218487395,
        0.6521008403361344,
        0.4926470588235294,
        0.7173764637924697,
        0.8257575757575758,
        0.6737588652482269,
        0.6665966386554621,
        0.7100840336134454
    ],
    "val_f1": [
        0.24675716440422324,
        0.26666666666666666,
        0.29696969696969694,
        0.5399999999999999,
        0.634768740031898,
        0.634768740031898,
        0.634768740031898,
        0.634768740031898,
        0.634768740031898,
        0.634768740031898,
        0.8654761904761905,
        0.8654761904761905,
        0.9333333333333333,
        1.0,
        1.0,
        1.0,
        1.0,
        1.0,
        1.0,
        1.0,
        1.0,
        1.0,
        1.0,
        1.0,
        1.0,
        1.0,
        1.0
    ],
    "train_precision": [
        0.5536071032186459,
        0.557983193277311,
        0.5220353417074728,
        0.5523066926575699,
        0.5150261324041813,
        0.6202090592334494,
        0.5076581576026636,
        0.612773447322102,
        0.6435740514075887,
        0.6026785714285715,
        0.6540178571428571,
        0.6133625410733844,
        0.6673280423280424,
        0.6277777777777778,
        0.5784090909090909,
        0.7585978835978835,
        0.6933189655172414,
        0.7782258064516129,
        0.7690200210748156,
        0.8118562118982552,
        0.6523018709270549,
        0.4927475299558545,
        0.7174369747899159,
        0.8285714285714285,
        0.6742424242424242,
        0.6668068110153458,
        0.7103216312802185
    ],
    "val_precision": [
        0.24666666666666667,
        0.2,
        0.21777777777777776,
        0.7846153846153847,
        0.8055555555555556,
        0.8055555555555556,
        0.8055555555555556,
        0.8055555555555556,
        0.8055555555555556,
        0.8055555555555556,
        0.8962962962962963,
        0.8962962962962963,
        0.9416666666666667,
        1.0,
        1.0,
        1.0,
        1.0,
        1.0,
        1.0,
        1.0,
        1.0,
        1.0,
        1.0,
        1.0,
        1.0,
        1.0,
        1.0
    ],
    "train_recall": [
        0.5507246376811594,
        0.5579710144927537,
        0.5217391304347826,
        0.5507246376811594,
        0.5144927536231884,
        0.6159420289855072,
        0.5072463768115942,
        0.5942028985507246,
        0.6231884057971014,
        0.5869565217391305,
        0.6304347826086957,
        0.6086956521739131,
        0.6594202898550725,
        0.6159420289855072,
        0.572463768115942,
        0.7463768115942029,
        0.6884057971014492,
        0.7753623188405797,
        0.7681159420289855,
        0.8115942028985508,
        0.6521739130434783,
        0.4927536231884058,
        0.717391304347826,
        0.8260869565217391,
        0.6739130434782609,
        0.6666666666666666,
        0.7101449275362319
    ],
    "val_recall": [
        0.26666666666666666,
        0.4,
        0.4666666666666667,
        0.6,
        0.6666666666666666,
        0.6666666666666666,
        0.6666666666666666,
        0.6666666666666666,
        0.6666666666666666,
        0.6666666666666666,
        0.8666666666666667,
        0.8666666666666667,
        0.9333333333333333,
        1.0,
        1.0,
        1.0,
        1.0,
        1.0,
        1.0,
        1.0,
        1.0,
        1.0,
        1.0,
        1.0,
        1.0,
        1.0,
        1.0
    ],