{
    "epochs": [
        1,
        2,
        3
    ],
    "train_losses": [
        0.04505719298863933,
        0.044296304783681885,
        0.04232107222515301
    ],
    "val_losses": [
        0.04101812094449997,
        0.04092344269156456,
        0.040850237011909485
    ],
    "train_accuracies": [
        0.47454946058509995,
        0.47460538627457444,
        0.5533877202194103
    ],
    "val_accuracies": [
        0.625,
        0.625,
        0.625
    ],
    "train_f1": [
        0.36679500548113686,
        0.3848865767531044,
        0.358898616492212
    ],
    "val_f1": [
        0.4807692307692308,
        0.4807692307692308,
        0.4807692307692308
    ],
    "train_precision": [
        0.4943133593617383,
        0.5619730662592656,
        0.3963483203500378
    ],
    "val_precision": [
        0.390625,
        0.390625,
        0.390625
    ],
    "train_recall": [
        0.48905109489051096,
        0.5036496350364964,
        0.44525547445255476
    ],
    "val_recall": [
        0.625,
        0.625,
        0.625
    ],
    "train_bal_acc": [
        0.4987206823027719,
        0.5133262260127932,
        0.45330490405117274
    ],
    "val_bal_acc": [
        0.5,
        0.5,
        0.5
    ],
    "train_auc": [
        0.4987206823027719,
        0.5133262260127932,
        0.45330490405117274
    ],
    "val_auc": [
        0.5,
        0.5,
        0.5
    ]
}