{
    "epochs": [
        1,
        2,
        3,
        4,
        5,
        6,
        7,
        8,
        9,
        10,
        11,
        12,
        13,
        14,
        15,
        16,
        17,
        18,
        19,
        20,
        21,
        22,
        23,
        24,
        25,
        26,
        27,
        28,
        29
    ],
    "train_losses": [
        0.0433273573034729,
        0.04350657454308342,
        0.04243085043979626,
        0.04229331620378432,
        0.042285537018495446,
        0.0410430021584034,
        0.04211927497503804,
        0.04107958577524603,
        0.040483173348155675,
        0.04026746172823158,
        0.0380379864885137,
        0.03712253759499469,
        0.03534059275209514,
        0.03417616178056383,
        0.03295027687415188,
        0.030633238016390334,
        0.028928720483592914,
        0.034073867037697554,
        0.025458382174762244,
        0.025726218653075835,
        0.01706793168985766,
        0.021333145501177295,
        0.02000700244740918,
        0.024100635565963445,
        0.011432311388061327,
        0.015599127962357469,
        0.010621011966315944,
        0.014681210217912213,
        0.015183272375877386
    ],
    "val_losses": [
        0.043025813232629724,
        0.04269584086843026,
        0.042437743491087206,
        0.04201504693199427,
        0.041555067094472736,
        0.04092636045355063,
        0.040237862043655835,
        0.03942616169269268,
        0.038377475853149705,
        0.03720085017192058,
        0.03512301095403158,
        0.03238225623201101,
        0.029509529280356873,
        0.025868354795070794,
        0.022584497928619385,
        0.019632093894940156,
        0.017029300523109924,
        0.01575702290313366,
        0.014340574972522564,
        0.011717401349391693,
        0.008862969919275016,
        0.006592364241488469,
        0.0058586257868088205,
        0.005698548940320809,
        0.005400327929797081,
        0.00515942976404077,
        0.00406233091146136,
        0.002876286962045691,
        0.0028044957076557553
    ],
    "train_accuracies": [
        0.5164730346280765,
        0.474541034573823,
        0.5501927332161298,
        0.572339307248982,
        0.5043664695390688,
        0.650431801291073,
        0.5588472902385238,
        0.6410648620206546,
        0.6309294607125077,
        0.6259880689234515,
        0.757347443524529,
        0.782184064777848,
        0.7605814840279373,
        0.8179003397623698,
        0.7925778931262446,
        0.8365606170853758,
        0.8357430501701006,
        0.8508483662324793,
        0.9059331931319892,
        0.8626637552298752,
        0.9477077808255464,
        0.900748583226422,
        0.9151906032188266,
        0.8744113897186478,
        0.9510757845211653,
        0.945362302992079,
        0.9664916618197572,
        0.9277617385963989,
        0.8959826675115847
    ],
    "val_accuracies": [
        0.48717948717948717,
        0.48717948717948717,
        0.48717948717948717,
        0.5384615384615384,
        0.6666666666666666,
        0.7948717948717948,
        0.8205128205128205,
        0.7692307692307693,
        0.7692307692307693,
        0.7435897435897436,
        0.7948717948717948,
        0.7948717948717948,
        0.7948717948717948,
        0.8461538461538461,
        0.8717948717948718,
        0.9487179487179487,
        1.0,
        0.9743589743589743,
        0.9743589743589743,
        0.9743589743589743,
        0.9743589743589743,
        1.0,
        1.0,
        1.0,
        0.9743589743589743,
        0.9743589743589743,
        0.9743589743589743,
        1.0,
        0.9743589743589743
    ],
    "train_f1": [
        0.39850075891335995,
        0.40717050574275016,
        0.43776189194570814,
        0.5167609342787965,
        0.4418484666377837,
        0.5170191672174488,
        0.5503267973856208,
        0.633328856656818,
        0.6600435729847495,
        0.5749454685762934,
        0.6535947712418301,
        0.6073400280399536,
        0.7384280207809618,
        0.5489039965484164,
        0.7117288924702301,
        0.7645852187028658,
        0.6795742763113596,
        0.6273554754095613,
        0.6078431372549019,
        0.7318886801788926,
        0.6403384734107097,
        0.5878832531601963,
        0.836517487913959,
        0.7645852187028658,
        0.7581699346405228,
        0.6271324671449394,
        0.8103602859801924,
        0.7252554117781221,
        0.6272598724438264
    ],
    "val_f1": [
        0.31918656056587086,
        0.31918656056587086,
        0.31918656056587086,
        0.4238261738261738,
        0.6289034132171387,
        0.7946018893387315,
        0.8190816935002982,
        0.7603611213769071,
        0.7603611213769071,
        0.7307692307692307,
        0.7846153846153846,
        0.7846153846153846,
        0.7846153846153846,
        0.8417642140468227,
        0.8692048692048692,
        0.9485144485144485,
        1.0,
        0.9743589743589743,
        0.9743589743589743,
        0.9743589743589743,
        0.9743589743589743,
        1.0,
        1.0,
        1.0,
        0.9743589743589743,
        0.9743589743589743,
        0.9743589743589743,
        1.0,
        0.9743589743589743
    ],
    "train_precision": [
        0.4570285825773095,
        0.4527537113036429,
        0.49080125877511493,
        0.5643422326992308,
        0.4558458355575739,
        0.531562205994355,
        0.5574671445639187,
        0.6346281484481343,
        0.6601821478962208,
        0.5751701137075835,
        0.6536506149509246,
        0.6087120523235059,
        0.7393052198048169,
        0.5492107893448176,
        0.7149623134277866,
        0.765511684125705,
        0.6799332975199212,
        0.6277427837368268,
        0.6078431372549019,
        0.7323148894260899,
        0.6406471035902946,
        0.5887900427660776,
        0.8370780732384278,
        0.765511684125705,
        0.7582347133430725,
        0.6281570241265231,
        0.8108872772853434,
        0.7260146857096749,
        0.6275517056137524
    ],
    "val_precision": [
        0.23734385272846809,
        0.23734385272846809,
        0.23734385272846809,
        0.762993762993763,
        0.8020833333333334,
        0.7985347985347985,
        0.8276198439241917,
        0.8074548907882241,
        0.8074548907882241,
        0.790875790875791,
        0.8534798534798534,
        0.8534798534798534,
        0.8534798534798534,
        0.8816568047337279,
        0.8974358974358975,
        0.9533799533799533,
        1.0,
        0.9756410256410256,
        0.9756410256410256,
        0.9756410256410256,
        0.9756410256410256,
        1.0,
        1.0,
        1.0,
        0.9756410256410256,
        0.9756410256410256,
        0.9756410256410256,
        1.0,
        0.9756410256410256
    ],
    "train_recall": [
        0.48366013071895425,
        0.477124183006536,
        0.49673202614379086,
        0.5490196078431373,
        0.46405228758169936,
        0.5294117647058824,
        0.5555555555555556,
        0.6339869281045751,
        0.6601307189542484,
        0.5751633986928104,
        0.6535947712418301,
        0.6078431372549019,
        0.738562091503268,
        0.5490196078431373,
        0.7124183006535948,
        0.7647058823529411,
        0.6797385620915033,
        0.6274509803921569,
        0.6078431372549019,
        0.7320261437908496,
        0.6405228758169934,
        0.5882352941176471,
        0.8366013071895425,
        0.7647058823529411,
        0.7581699346405228,
        0.6274509803921569,
        0.8104575163398693,
        0.7254901960784313,
        0.6274509803921569
    ],