{
    "epochs": [
        1
    ],
    "train_losses": [
        0.04341612129971601
    ],
    "val_losses": [
        0.040902260690927505
    ],
    "train_accuracies": [
        0.46219467425691907
    ],
    "val_accuracies": [
        0.7333333333333333
    ],
    "train_f1": [
        0.4641604010025062
    ],
    "val_f1": [
        0.6205128205128205
    ],
    "train_precision": [
        0.5168831168831168
    ],
    "val_precision": [
        0.5377777777777778
    ],
    "train_recall": [
        0.5
    ],
    "val_recall": [
        0.7333333333333333
    ],
    "train_bal_acc": [
        0.5113636363636364
    ],
    "val_bal_acc": [
        0.5
    ],
    "train_auc": [
        0.5113636363636364
    ],
    "val_auc": [
        0.5
    ]
}