{
    "epochs": [
        1,
        2,
        3,
        4,
        5,
        6,
        7,
        8,
        9,
        10,
        11,
        12,
        13,
        14,
        15,
        16,
        17,
        18,
        19,
        20,
        21,
        22
    ],
    "train_losses": [
        0.04421182181956111,
        0.04330609814412352,
        0.04236884739087975,
        0.042611863248158195,
        0.041949962900168655,
        0.04165064219547355,
        0.04174475463620131,
        0.040801993422750114,
        0.04038832358260085,
        0.03994147916850836,
        0.04035626648776773,
        0.038888534557992134,
        0.03803514322077019,
        0.03681446827840114,
        0.034609267677085984,
        0.032535850407852646,
        0.02703355606375397,
        0.028902148315008137,
        0.0272757055480843,
        0.026836888702667278,
        0.02305577163571033,
        0.01707665090435657
    ],
    "val_losses": [
        0.04290197044610977,
        0.04278361052274704,
        0.04264942929148674,
        0.04227208346128464,
        0.041815005242824554,
        0.04125398397445679,
        0.040667347609996796,
        0.03988141193985939,
        0.038815710693597794,
        0.03734000772237778,
        0.035938162356615067,
        0.033908944576978683,
        0.03171926364302635,
        0.029208576306700706,
        0.025901399552822113,
        0.02267487533390522,
        0.018195681273937225,
        0.015098555013537407,
        0.01262653712183237,
        0.010340997017920017,
        0.008152004331350327,
        0.00700710853561759
    ],
    "train_accuracies": [
        0.5000645665154941,
        0.5088020269421564,
        0.5253104161525118,
        0.5448350388070812,
        0.5555253374403801,
        0.5914196173350016,
        0.5482492688773335,
        0.6505892000336578,
        0.6414266980212667,
        0.6614630325980808,
        0.6387368630671847,
        0.6954901598501897,
        0.7365728115689927,
        0.7640062898829363,
        0.7492798376774442,
        0.7893292247385219,
        0.9035565611244976,
        0.8167034439418627,
        0.8403728319251019,
        0.8421722771464915,
        0.8663615005603735,
        0.9100543588831804
    ],
    "val_accuracies": [
        0.4666666666666667,
        0.4666666666666667,
        0.4666666666666667,
        0.4666666666666667,
        0.5333333333333333,
        0.6666666666666666,
        0.8,
        0.8,
        0.8666666666666667,
        0.8,
        0.8,
        0.8,
        0.8,
        0.8666666666666667,
        0.8666666666666667,
        0.9333333333333333,
        1.0,
        1.0,
        1.0,
        1.0,
        1.0,
        1.0
    ],
    "train_f1": [
        0.40891196192948304,
        0.4689541109522608,
        0.4915733566321017,
        0.36481759120439783,
        0.5001844532279315,
        0.47451175969967424,
        0.4574598790418592,
        0.4744723268103088,
        0.6052077950837824,
        0.5488273599686643,
        0.5779352722287505,
        0.6086956521739131,
        0.5488273599686643,
        0.6952683002623137,
        0.6521739130434783,
        0.6665265223179876,
        0.6231884057971014,
        0.7681159420289855,
        0.6811594202898551,
        0.8043170033950624,
        0.7171684151089186,
        0.9128235671416137
    ],
    "val_f1": [
        0.29696969696969694,
        0.29696969696969694,
        0.29696969696969694,
        0.29696969696969694,
        0.4296296296296296,
        0.634768740031898,
        0.7981900452488688,
        0.7981900452488688,
        0.8629629629629629,
        0.7885167464114832,
        0.7885167464114832,
        0.7885167464114832,
        0.7885167464114832,
        0.8629629629629629,
        0.8629629629629629,
        0.9327300150829563,
        1.0,
        1.0,
        1.0,
        1.0,
        1.0,
        1.0
    ],
    "train_precision": [
        0.6152703364784347,
        0.5621714566445591,
        0.5649865332820315,
        0.36928651059085843,
        0.545153130981679,
        0.5150585695997343,
        0.47125172532781223,
        0.48206600666646726,
        0.6110816542948038,
        0.5506503158677072,
        0.5800817539947974,
        0.6089514066496163,
        0.5506503158677072,
        0.6975249706227966,
        0.6524479356960176,
        0.6666666666666666,
        0.6234502496650834,
        0.768438679819754,
        0.6814456217269516,
        0.8050470245222144,
        0.7176249599120355,
        0.9160884328633647
    ],
    "val_precision": [
        0.21777777777777776,
        0.21777777777777776,
        0.21777777777777776,
        0.21777777777777776,
        0.7666666666666667,
        0.8055555555555556,
        0.8037037037037038,
        0.8037037037037038,
        0.8933333333333333,
        0.8545454545454546,
        0.8545454545454546,
        0.8545454545454546,
        0.8545454545454546,
        0.8933333333333333,
        0.8933333333333333,
        0.9407407407407408,
        1.0,
        1.0,
        1.0,
        1.0,
        1.0,
        1.0
    ],
    "train_recall": [
        0.5289855072463768,
        0.5362318840579711,
        0.5434782608695652,
        0.4057971014492754,
        0.5362318840579711,
        0.5144927536231884,
        0.4782608695652174,
        0.4855072463768116,
        0.6086956521739131,
        0.5507246376811594,
        0.5797101449275363,
        0.6086956521739131,
        0.5507246376811594,
        0.6956521739130435,
        0.6521739130434783,
        0.6666666666666666,
        0.6231884057971014,
        0.7681159420289855,
        0.6811594202898551,
        0.8043478260869565,
        0.717391304347826,
        0.9130434782608695
    ],
    "val_recall": [
        0.4666666666666667,
        0.4666666666666667,
        0.4666666666666667,
        0.4666666666666667,
        0.5333333333333333,
        0.6666666666666666,
        0.8,
        0.8,
        0.8666666666666667,
        0.8,
        0.8,
        0.8,
        0.8,
        0.8666666666666667,
        0.8666666666666667,
        0.9333333333333333,
        1.0,
        1.0,
        1.0,
        1.0,
        1.0,
        1.0
    ],
    "train_bal_acc": [
        0.5224789915966387,
        0.5310924369747899,
        0.5388655462184874,
        0.40210084033613447,
        0.5323529411764706,
        0.5105042016806722,
        0.47542016806722687,
        0.4834033613445378,
        0.6073529411764705,
        0.5497899159663866,
        0.578781512605042,
        0.6088235294117648,
        0.5497899159663866,
        0.696218487394958,
        0.6523109243697479,
        0.6663865546218488,
        0.6233193277310924,
        0.7682773109243697,
        0.6813025210084034,
        0.8046218487394958,
        0.7170168067226891,
        0.9123949579831934
    ],
    "val_bal_acc": [
        0.5,
        0.5,
        0.5,
        0.5,
        0.5625,
        0.6875,
        0.7946428571428572,
        0.7946428571428572,
        0.8571428571428572,
        0.7857142857142857,
        0.7857142857142857,
        0.7857142857142857,
        0.7857142857142857,
        0.8571428571428572,
        0.8571428571428572,
        0.9285714285714286,
        1.0,
        1.0,
        1.0,
        1.0,
        1.0,
        1.0
    ],