{
    "epochs": [
        1,
        2,
        3,
        4,
        5,
        6,
        7,
        8,
        9,
        10,
        11,
        12,
        13,
        14,
        15,
        16,
        17,
        18,
        19,
        20,
        21,
        22,
        23,
        24,
        25,
        26,
        27,
        28,
        29,
        30,
        31,
        32,
        33,
        34,
        35,
        36,
        37,
        38,
        39
    ],
    "train_losses": [
        0.04270798876120226,
        0.04316596360537257,
        0.04347198364073342,
        0.04224265570731929,
        0.04214262094919699,
        0.041041303997057195,
        0.04187756058943533,
        0.04101714002389977,
        0.04108821290687923,
        0.03930701880994504,
        0.03916516437800261,
        0.03862926396575287,
        0.03617494047558221,
        0.03403425072557735,
        0.031458575020197534,
        0.03468800221916533,
        0.032576852688824175,
        0.0293000274929252,
        0.028903258039894766,
        0.0245252291869073,
        0.027202556276843495,
        0.03106558544520479,
        0.022772466274399827,
        0.026495350429611486,
        0.02441879234065975,
        0.021981696346706717,
        0.02693307818505016,
        0.0186309850618352,
        0.025045206675129217,
        0.017682402666630972,
        0.01806938340955407,
        0.016277910957969453,
        0.02800819149961437,
        0.018096161747935914,
        0.022285215189530902,
        0.014671691149527575,
        0.010326217098610245,
        0.019897469390781908,
        0.023541171294059197
    ],
    "val_losses": [
        0.04461311548948288,
        0.04422730952501297,
        0.04384073242545128,
        0.04309684410691261,
        0.04228337109088898,
        0.04135260730981827,
        0.040165577083826065,
        0.03853988274931908,
        0.03614237904548645,
        0.0338205061852932,
        0.030845101922750473,
        0.027733799070119858,
        0.024887073785066605,
        0.02221282571554184,
        0.019891709089279175,
        0.018014106899499893,
        0.016672004014253616,
        0.015108410269021988,
        0.013833178207278252,
        0.012603327631950378,
        0.011529562994837761,
        0.010461706668138504,
        0.009237594902515411,
        0.009005241096019745,
        0.008164610713720322,
        0.006990852765738964,
        0.005911604501307011,
        0.004913042299449444,
        0.00454311678186059,
        0.004163675010204315,
        0.0034529189579188824,
        0.0029545698780566454,
        0.00317645282484591,
        0.0035824656952172518,
        0.00445763673633337,
        0.004155895672738552,
        0.0034040764439851046,
        0.002979446202516556,
        0.002683242317289114
    ],
    "train_accuracies": [
        0.5356284510480226,
        0.489081876991439,
        0.4955834715905851,
        0.5293156387162035,
        0.5323222919102133,
        0.5929979825541921,
        0.5592080589628567,
        0.5981051939247298,
        0.6025225924749444,
        0.6549813068696182,
        0.6629409302760215,
        0.6849364851513048,
        0.7377765509333923,
        0.8016728519523231,
        0.8403634050466718,
        0.7623190288126034,
        0.7727624934955235,
        0.8560414279464388,
        0.874141177991881,
        0.9101367518849617,
        0.8622765227825973,
        0.8258573991538835,
        0.9229233630382232,
        0.8561955820905031,
        0.8591548404554381,
        0.8917527720875984,
        0.8240123317189461,
        0.9248746050535327,
        0.8430629089800981,
        0.9176784919126191,
        0.8992136238265211,
        0.9303726906323955,
        0.8364605033484689,
        0.9245718656665217,
        0.8780639537059478,
        0.9180361893925354,
        0.9671271212779693,
        0.9311212275150048,
        0.8906912211954159
    ],
    "val_accuracies": [
        0.375,
        0.375,
        0.375,
        0.4375,
        0.5625,
        0.75,
        0.8125,
        0.8125,
        0.875,
        0.875,
        0.875,
        0.875,
        0.875,
        0.875,
        0.875,
        0.9375,
        0.9375,
        0.9375,
        0.9375,
        0.9375,
        1.0,
        1.0,
        1.0,
        1.0,
        1.0,
        1.0,
        1.0,
        1.0,
        1.0,
        1.0,
        1.0,
        1.0,
        1.0,
        1.0,
        1.0,
        1.0,
        1.0,
        1.0,
        1.0
    ],
    "train_f1": [
        0.41320470967978584,
        0.4267996911101022,
        0.4076066077602766,
        0.43087252456188974,
        0.42905765603214957,
        0.5166507257320245,
        0.5286199352361801,
        0.5260962387029441,
        0.5111052763628512,
        0.6560154954561858,
        0.5838083463313306,
        0.6712877872884174,
        0.6562757258108776,
        0.6351532224176304,
        0.7446072339208925,
        0.6131386861313869,
        0.7154194892261374,
        0.708029197080292,
        0.6999284109298642,
        0.7007937610760867,
        0.795685804553873,
        0.6278166296312299,
        0.6205593513143355,
        0.765973402659734,
        0.787754241877221,
        0.649373011416807,
        0.7145660494210904,
        0.7372262773722628,
        0.7952267273272673,
        0.5974649414912813,
        0.7727021016019202,
        0.7880495671363097,
        0.8537333766623337,
        0.7444437214315189,
        0.8098533896610338,
        0.8465186520642243,
        0.7516392164202383,
        0.6789348357275147,
        0.9416245155868208
    ],
    "val_f1": [
        0.20454545454545453,
        0.20454545454545453,
        0.20454545454545453,
        0.32792207792207795,
        0.5253036437246964,
        0.753968253968254,
        0.8084415584415584,
        0.8084415584415584,
        0.8681818181818182,
        0.8681818181818182,
        0.8681818181818182,
        0.8681818181818182,
        0.8681818181818182,
        0.8681818181818182,
        0.8681818181818182,
        0.9361471861471862,
        0.9361471861471862,
        0.9361471861471862,
        0.9361471861471862,
        0.9361471861471862,
        1.0,
        1.0,
        1.0,
        1.0,
        1.0,
        1.0,
        1.0,
        1.0,
        1.0,
        1.0,
        1.0,
        1.0,
        1.0,
        1.0,
        1.0,
        1.0,
        1.0,
        1.0,
        1.0
    ],
    "train_precision": [
        0.5389104318734793,
        0.5624576125064659,
        0.4486495328058231,
        0.5310671786419374,
        0.4494030970734702,
        0.5509802532025495,
        0.5384083104691895,
        0.5306040889123758,
        0.5117516381354192,
        0.6568555827764938,
        0.5837372886642961,
        0.6745622312768723,
        0.6613279962326347,
        0.6355405380178094,
        0.745402953310807,
        0.6147742460068973,
        0.7161965389138836,
        0.708029197080292,
        0.7010054602822721,
        0.7009322521905592,
        0.7960902545721559,
        0.6279628966740853,
        0.6209451092401417,
        0.7668377678361197,
        0.7893052152938286,
        0.6493881861813818,
        0.7157220861175315,
        0.7372262773722628,
        0.7961981006200454,
        0.5979890794354559,
        0.7757766378946633,
        0.7885372337927082,
        0.8549187661878973,
        0.7444413250982593,
        0.8108782670120085,
        0.8471380661161683,
        0.7517748225177482,
        0.6793268243508129,
        0.9420445423488343
    ],