{
    "epochs": [
        1,
        2,
        3,
        4,
        5,
        6,
        7,
        8,
        9,
        10,
        11,
        12,
        13,
        14,
        15,
        16,
        17,
        18,
        19,
        20,
        21,
        22,
        23,
        24,
        25,
        26,
        27,
        28,
        29,
        30,
        31,
        32,
        33,
        34,
        35
    ],
    "train_losses": [
        0.04326140497257744,
        0.0432861635758393,
        0.042874748616114906,
        0.04209694374298704,
        0.042209169139032776,
        0.04194119194711464,
        0.04238796741634175,
        0.041158378340195916,
        0.041434440707814865,
        0.04017140009049056,
        0.04092069407520087,
        0.039877576240594834,
        0.038783663100954414,
        0.038307617647924286,
        0.03669200124947921,
        0.03503465776642164,
        0.034327452543421066,
        0.029946996789911518,
        0.02989127357368884,
        0.030136201179761818,
        0.028916827848424084,
        0.029519305631950283,
        0.02520606804477132,
        0.031135966488416645,
        0.021098325973835545,
        0.026679149032502934,
        0.024030494193236034,
        0.021435662375196167,
        0.024476506517849106,
        0.017164282230795292,
        0.02361319888977037,
        0.01602238125127295,
        0.015996428611485855,
        0.01683070534921211,
        0.017070689677274313
    ],
    "val_losses": [
        0.042900968343019485,
        0.04263467341661453,
        0.042351119220256805,
        0.04215724766254425,
        0.04154572635889053,
        0.04086370766162872,
        0.04018650949001312,
        0.039276380091905594,
        0.03810170665383339,
        0.0366821214556694,
        0.03526691347360611,
        0.033051177859306335,
        0.030027801170945168,
        0.027568425983190536,
        0.024391919374465942,
        0.021833444014191628,
        0.020061800256371498,
        0.01804838329553604,
        0.016483362764120102,
        0.014890394173562527,
        0.014136629179120064,
        0.012495871633291245,
        0.011894529685378075,
        0.011691276915371418,
        0.009310415014624596,
        0.008432584814727306,
        0.00790301151573658,
        0.007357769645750523,
        0.0068830871023237705,
        0.005682321731001139,
        0.0062298825941979885,
        0.005528077948838472,
        0.00471112597733736,
        0.003992081619799137,
        0.0037069187965244055
    ],
    "train_accuracies": [
        0.5211819358493971,
        0.4711934518123019,
        0.532121271326922,
        0.5731434165567592,
        0.577395328577014,
        0.5887426362521406,
        0.5128286264944768,
        0.5934352080027262,
        0.6037928056025851,
        0.7059767038925834,
        0.6025295672209366,
        0.6582905866097712,
        0.7092547969541688,
        0.7273566342782283,
        0.7272567749023438,
        0.7477386308752972,
        0.8007150180097939,
        0.85221625065458,
        0.8590899481289629,
        0.7916515737340071,
        0.8429891337519106,
        0.805266753486965,
        0.8955470237179078,
        0.7923824752586476,
        0.9002877387447633,
        0.8349952766860741,
        0.8638084660405698,
        0.8590422644131426,
        0.8642009375751882,
        0.8929077646006709,
        0.8427448480025582,
        0.9336923654528632,
        0.9431865940923276,
        0.9316443775011145,
        0.9255066747250764
    ],
    "val_accuracies": [
        0.4,
        0.6,
        0.5333333333333333,
        0.7333333333333333,
        0.8666666666666667,
        1.0,
        1.0,
        1.0,
        1.0,
        0.8666666666666667,
        0.8,
        0.7333333333333333,
        0.7333333333333333,
        0.9333333333333333,
        0.9333333333333333,
        0.9333333333333333,
        0.9333333333333333,
        0.9333333333333333,
        0.9333333333333333,
        1.0,
        1.0,
        0.9333333333333333,
        0.9333333333333333,
        0.9333333333333333,
        1.0,
        1.0,
        1.0,
        1.0,
        1.0,
        1.0,
        1.0,
        1.0,
        1.0,
        1.0,
        1.0
    ],
    "train_f1": [
        0.46656962736242524,
        0.4256000306724945,
        0.5365142456871975,
        0.565941912627693,
        0.5115348575712143,
        0.5390475652362252,
        0.4693058962902158,
        0.5499671660481666,
        0.5652173913043478,
        0.6295577887373351,
        0.5561791623272333,
        0.5868480715269104,
        0.5998336709507841,
        0.64864044168392,
        0.5707306652017502,
        0.6010095818914813,
        0.6515889627185565,
        0.6667366946778711,
        0.7101449275362319,
        0.6666666666666666,
        0.7246376811594203,
        0.644834189456615,
        0.651587483392129,
        0.7657462518474636,
        0.7246376811594203,
        0.644834189456615,
        0.8115942028985508,
        0.6801495789267529,
        0.8985720375106564,
        0.7102058214590183,
        0.5859763521181982,
        0.8260869565217391,
        0.6884549057228675,
        0.8043786617329634,
        0.7753032627174503
    ],
    "val_f1": [
        0.22857142857142856,
        0.5666666666666667,
        0.47081339712918663,
        0.7285714285714285,
        0.8678571428571428,
        1.0,
        1.0,
        1.0,
        1.0,
        0.86,
        0.780952380952381,
        0.6909090909090909,
        0.6909090909090909,
        0.9320574162679426,
        0.9320574162679426,
        0.9320574162679426,
        0.9320574162679426,
        0.9320574162679426,
        0.9320574162679426,
        1.0,
        1.0,
        0.9320574162679426,
        0.9320574162679426,
        0.9320574162679426,
        1.0,
        1.0,
        1.0,
        1.0,
        1.0,
        1.0,
        1.0,
        1.0,
        1.0,
        1.0,
        1.0
    ],
    "train_precision": [
        0.4993817531993725,
        0.4334524967840445,
        0.542603251147235,
        0.5732415545357912,
        0.5194061992163744,
        0.5512668028856743,
        0.47324377027172687,
        0.5501357257878998,
        0.5652173913043478,
        0.6303425112571049,
        0.5615477517651432,
        0.5882831942614551,
        0.6059457450761798,
        0.6631458640887661,
        0.576347082868822,
        0.6036770466118291,
        0.6554129284564068,
        0.6670867464818315,
        0.7101449275362319,
        0.6666666666666666,
        0.7246376811594203,
        0.6448085931781584,
        0.6521002990568208,
        0.7753543819546963,
        0.7246376811594203,
        0.6448085931781584,
        0.8115942028985508,
        0.6817333296306923,
        0.898970804452846,
        0.7105650073513967,
        0.586541300656972,
        0.8260869565217391,
        0.6885763000852515,
        0.8044939715016441,
        0.7753257209778949
    ],
    "val_precision": [
        0.16000000000000003,
        0.8,
        0.7846153846153847,
        0.84,
        0.9,
        1.0,
        1.0,
        1.0,
        1.0,
        0.8909090909090909,
        0.85,
        0.8153846153846154,
        0.8153846153846154,
        0.94,
        0.94,
        0.94,
        0.94,
        0.94,
        0.94,
        1.0,
        1.0,
        0.94,
        0.94,
        0.94,
        1.0,
        1.0,
        1.0,
        1.0,
        1.0,
        1.0,
        1.0,
        1.0,
        1.0,
        1.0,
        1.0
    ],