{
    "epochs": [
        1,
        2,
        3,
        4,
        5,
        6,
        7,
        8,
        9,
        10,
        11,
        12,
        13,
        14,
        15,
        16,
        17,
        18,
        19,
        20,
        21,
        22,
        23,
        24,
        25,
        26,
        27,
        28,
        29,
        30,
        31,
        32,
        33,
        34,
        35,
        36,
        37
    ],
    "train_losses": [
        0.043918844394005126,
        0.04368124709185893,
        0.042451441423953885,
        0.04283927204291316,
        0.04260566993786471,
        0.042128031733479815,
        0.04222020185994406,
        0.04229598168800347,
        0.041669143703732175,
        0.04199723893926091,
        0.0416787725186696,
        0.041078150544288386,
        0.040149694730113025,
        0.038918257874511454,
        0.03859719340383572,
        0.03797512893041555,
        0.03669290122215765,
        0.03430433941148493,
        0.03188716007029488,
        0.03367781633660741,
        0.02976468643241555,
        0.027103205585349215,
        0.02687356224025253,
        0.024362630625493334,
        0.023407150957271132,
        0.023022795109635723,
        0.027018077386012914,
        0.024882827056095982,
        0.01655271078330757,
        0.016887644611734108,
        0.024444081269911606,
        0.018208217596376898,
        0.016706249411523776,
        0.02233612836494933,
        0.016395076252792004,
        0.019292004882310428,
        0.02552791097520912
    ],
    "val_losses": [
        0.04443440958857536,
        0.044312044978141785,
        0.043775834143161774,
        0.04336247220635414,
        0.04296844080090523,
        0.04250747710466385,
        0.04208187013864517,
        0.0416949987411499,
        0.04106137529015541,
        0.040141720324754715,
        0.038870979100465775,
        0.03764550760388374,
        0.03591878339648247,
        0.03367152065038681,
        0.030594445765018463,
        0.027393002063035965,
        0.024527154862880707,
        0.021584074944257736,
        0.018698526546359062,
        0.016714628785848618,
        0.01473868265748024,
        0.012787945568561554,
        0.010312261059880257,
        0.007388382218778133,
        0.0069061629474163055,
        0.005905359052121639,
        0.004944552201777697,
        0.004825446754693985,
        0.004193424712866545,
        0.003925828263163567,
        0.003962993156164885,
        0.00541326031088829,
        0.009412494488060474,
        0.009075237438082695,
        0.007959594950079918,
        0.007315139286220074,
        0.007440473418682814
    ],
    "train_accuracies": [
        0.49635036496350365,
        0.5031304394241667,
        0.5109492113990505,
        0.5246046790241325,
        0.5010329206494519,
        0.5112981796264648,
        0.5598159636894282,
        0.49534043778468223,
        0.5599861284242059,
        0.5535539362552392,
        0.5620438373871963,
        0.6357393578021195,
        0.655698038365719,
        0.6741878272843187,
        0.7175579767157562,
        0.7164821346310803,
        0.7515385899230511,
        0.7704286366483591,
        0.8487066317648784,
        0.7883396009459113,
        0.8169669791729781,
        0.8821068401754337,
        0.8622932712527087,
        0.9054746279751298,
        0.8594382348721915,
        0.8730090029918365,
        0.8409801643260204,
        0.8428971401966401,
        0.9047041983500014,
        0.9066616253261148,
        0.8448816842406336,
        0.9044274309255781,
        0.9305762478905003,
        0.8993605314380061,
        0.934779027952765,
        0.9180638563894007,
        0.8610707303903399
    ],
    "val_accuracies": [
        0.4375,
        0.4375,
        0.4375,
        0.4375,
        0.4375,
        0.4375,
        0.4375,
        0.5,
        0.5,
        0.5625,
        0.8125,
        0.8125,
        0.875,
        0.9375,
        0.9375,
        0.9375,
        1.0,
        1.0,
        1.0,
        1.0,
        1.0,
        1.0,
        1.0,
        1.0,
        1.0,
        1.0,
        1.0,
        1.0,
        1.0,
        1.0,
        1.0,
        1.0,
        0.9375,
        0.9375,
        0.9375,
        1.0,
        1.0
    ],
    "train_f1": [
        0.32749631440796806,
        0.35420201223120934,
        0.38702319382802086,
        0.38292646014505405,
        0.38292646014505405,
        0.4015652043043118,
        0.45436827451275497,
        0.4273413411771486,
        0.5046985825982244,
        0.47713774629217914,
        0.5323374639280258,
        0.5852548842150825,
        0.5072084672807272,
        0.5878125735813515,
        0.6035143589888116,
        0.6830557347000453,
        0.7002506603554134,
        0.6422976460680605,
        0.5327969334353863,
        0.7217979911410569,
        0.5399989497453132,
        0.6423357664233577,
        0.6412649726740772,
        0.8097931873479318,
        0.7801782321767824,
        0.7223317787726137,
        0.8464698504259434,
        0.7444983186200431,
        0.7444983186200431,
        0.7736985107777525,
        0.6204379562043796,
        0.7590470689142117,
        0.8539990416985582,
        0.8536870671907169,
        0.7444983186200431,
        0.6710068223413073,
        0.8029197080291971
    ],
    "val_f1": [
        0.266304347826087,
        0.266304347826087,
        0.266304347826087,
        0.266304347826087,
        0.266304347826087,
        0.266304347826087,
        0.266304347826087,
        0.3909090909090909,
        0.3909090909090909,
        0.4962121212121212,
        0.8102941176470588,
        0.8102941176470588,
        0.875,
        0.9377450980392157,
        0.9377450980392157,
        0.9377450980392157,
        1.0,
        1.0,
        1.0,
        1.0,
        1.0,
        1.0,
        1.0,
        1.0,
        1.0,
        1.0,
        1.0,
        1.0,
        1.0,
        1.0,
        1.0,
        1.0,
        0.9377450980392157,
        0.9377450980392157,
        0.9377450980392157,
        1.0,
        1.0
    ],
    "train_precision": [
        0.24806623815230414,
        0.41535261232146503,
        0.5393278254592123,
        0.5019521303683585,
        0.5019521303683585,
        0.5020145985401461,
        0.6381897810218978,
        0.48818213416753564,
        0.5874765380604797,
        0.5721147507580934,
        0.5803982708525264,
        0.629588237348514,
        0.5188291095984036,
        0.5935967249835863,
        0.6077191931614346,
        0.6926537944875135,
        0.7016458585801651,
        0.64232798468554,
        0.5329743358286773,
        0.7259404344293784,
        0.5403702907558156,
        0.6424042165263438,
        0.6435701554952357,
        0.8124982340475629,
        0.7847252504186811,
        0.7232714228577142,
        0.8484923922880128,
        0.7445504490062721,
        0.7445504490062721,
        0.7737568673836241,
        0.6204379562043796,
        0.7596988700617774,
        0.854347656918743,
        0.8566611725924181,
        0.7445504490062721,
        0.6722765518385956,
        0.80300527065793
    ],
    "val_precision": [
        0.19140625,
        0.19140625,
        0.19140625,
        0.19140625,
        0.19140625,
        0.19140625,
        0.19140625,
        0.7666666666666666,
        0.7666666666666666,
        0.78125,
        0.8687499999999999,
        0.8687499999999999,
        0.9027777777777778,
        0.9453125,
        0.9453125,
        0.9453125,
        1.0,
        1.0,
        1.0,
        1.0,
        1.0,
        1.0,
        1.0,
        1.0,
        1.0,
        1.0,
        1.0,
        1.0,
        1.0,
        1.0,
        1.0,
        1.0,
        0.9453125,
        0.9453125,
        0.9453125,
        1.0,
        1.0
    ],