{
    "epochs": [
        1,
        2,
        3,
        4,
        5,
        6,
        7,
        8
    ],
    "train_losses": [
        0.04341612129971601,
        0.043573267002036606,
        0.042822904398907784,
        0.04183251880433248,
        0.04220482858194821,
        0.040580154437085854,
        0.04076280147917029,
        0.04067281417656636
    ],
    "val_losses": [
        0.040902260690927505,
        0.04134337976574898,
        0.04154708981513977,
        0.04127005115151405,
        0.041268009692430496,
        0.04133446514606476,
        0.04102402925491333,
        0.04110480472445488
    ],
    "train_accuracies": [
        0.46219467425691907,
        0.45204264875771344,
        0.4721147979515186,
        0.5436277527740037,
        0.5790571751801864,
        0.6380194788393767,
        0.630920334138732,
        0.6153790156046549
    ],
    "val_accuracies": [
        0.7333333333333333,
        0.7333333333333333,
        0.8,
        0.7333333333333333,
        0.6666666666666666,
        0.6666666666666666,
        0.6,
        0.6
    ],
    "train_f1": [
        0.4641604010025062,
        0.3962048233500022,
        0.4452800626713671,
        0.45391807912837473,
        0.5217391304347826,
        0.550347095359883,
        0.5761309253825291,
        0.5717391304347826
    ],
    "val_f1": [
        0.6205128205128205,
        0.6205128205128205,
        0.8063492063492064,
        0.7481481481481481,
        0.6817496229260935,
        0.6817496229260935,
        0.6107142857142857,
        0.6107142857142857
    ],
    "train_precision": [
        0.5168831168831168,
        0.4496498653328203,
        0.4764028242289111,
        0.45949273807635976,
        0.5237154150197628,
        0.5536868390129259,
        0.5787001969398575,
        0.5797628458498023
    ],
    "val_precision": [
        0.5377777777777778,
        0.5377777777777778,
        0.8200000000000001,
        0.8666666666666667,
        0.8518518518518519,
        0.8518518518518519,
        0.84,
        0.84
    ],
    "train_recall": [
        0.5,
        0.45652173913043476,
        0.47101449275362317,
        0.45652173913043476,
        0.5217391304347826,
        0.5507246376811594,
        0.5797101449275363,
        0.5797101449275363
    ],
    "val_recall": [
        0.7333333333333333,
        0.7333333333333333,
        0.8,
        0.7333333333333333,
        0.6666666666666666,
        0.6666666666666666,
        0.6,
        0.6
    ],
    "train_bal_acc": [
        0.5113636363636364,
        0.4703282828282828,
        0.48042929292929293,
        0.45959595959595956,
        0.5227272727272727,
        0.5523989898989898,
        0.5757575757575757,
        0.5738636363636364
    ],
    "val_bal_acc": [
        0.5,
        0.5,
        0.7840909090909092,
        0.8181818181818181,
        0.7727272727272727,
        0.7727272727272727,
        0.7272727272727273,
        0.7272727272727273
    ],
    "train_auc": [
        0.5113636363636364,
        0.4703282828282828,
        0.48042929292929293,
        0.45959595959595956,
        0.5227272727272727,
        0.5523989898989898,
        0.5757575757575758,
        0.5738636363636364
    ],
    "val_auc": [
        0.5,
        0.5,
        0.7840909090909092,
        0.8181818181818181,
        0.7727272727272727,
        0.7727272727272727,
        0.7272727272727273,
        0.7272727272727273
    ]
}