{
    "epochs": [
        1,
        2,
        3,
        4,
        5,
        6,
        7,
        8,
        9,
        10
    ],
    "train_losses": [
        0.04505719298863933,
        0.044296304783681885,
        0.04232107222515301,
        0.04250500446362217,
        0.042982489332883025,
        0.04190778278195075,
        0.04199882199729446,
        0.03870106874591243,
        0.03965577831233505,
        0.037698831871478225
    ],
    "val_losses": [
        0.04101812094449997,
        0.04092344269156456,
        0.040850237011909485,
        0.04124470427632332,
        0.04138839244842529,
        0.04147560894489288,
        0.04203123599290848,
        0.042167190462350845,
        0.041559845209121704,
        0.04179447889328003
    ],
    "train_accuracies": [
        0.47454946058509995,
        0.47460538627457444,
        0.5533877202194103,
        0.5473501107988566,
        0.5294974946627652,
        0.568479990437083,
        0.5390815874085809,
        0.7295432543232493,
        0.6669189842948078,
        0.734197644421654
    ],
    "val_accuracies": [
        0.625,
        0.625,
        0.625,
        0.5625,
        0.75,
        0.75,
        0.375,
        0.4375,
        0.4375,
        0.4375
    ],
    "train_f1": [
        0.36679500548113686,
        0.3848865767531044,
        0.358898616492212,
        0.44562475194560924,
        0.4905683974243376,
        0.5818098784826651,
        0.48989644727984,
        0.7299270072992701,
        0.5912844350688545,
        0.6058814195306812
    ],
    "val_f1": [
        0.4807692307692308,
        0.4807692307692308,
        0.4807692307692308,
        0.44999999999999996,
        0.7363636363636363,
        0.75,
        0.34523809523809523,
        0.32792207792207795,
        0.32792207792207795,
        0.32792207792207795
    ],
    "train_precision": [
        0.4943133593617383,
        0.5619730662592656,
        0.3963483203500378,
        0.5191255948151497,
        0.5186932526259569,
        0.6240319565604415,
        0.49899823584577746,
        0.7306273637028622,
        0.5915800150590226,
        0.6061816665733256
    ],
    "val_precision": [
        0.390625,
        0.390625,
        0.390625,
        0.375,
        0.75,
        0.75,
        0.4375,
        0.775,
        0.775,
        0.775
    ],
    "train_recall": [
        0.48905109489051096,
        0.5036496350364964,
        0.44525547445255476,
        0.5036496350364964,
        0.5109489051094891,
        0.5985401459854015,
        0.49635036496350365,
        0.7299270072992701,
        0.5912408759124088,
        0.6058394160583942
    ],
    "val_recall": [
        0.625,
        0.625,
        0.625,
        0.5625,
        0.75,
        0.75,
        0.375,
        0.4375,
        0.4375,
        0.4375
    ],
    "train_bal_acc": [
        0.4987206823027719,
        0.5133262260127932,
        0.45330490405117274,
        0.5107675906183369,
        0.5153518123667378,
        0.6029850746268657,
        0.4988272921108742,
        0.7302771855010661,
        0.5913646055437101,
        0.6059701492537313
    ],
    "val_bal_acc": [
        0.5,
        0.5,
        0.5,
        0.45,
        0.7,
        0.7333333333333334,
        0.43333333333333335,
        0.55,
        0.55,
        0.55
    ],
    "train_auc": [
        0.4987206823027719,
        0.5133262260127932,
        0.45330490405117274,
        0.5107675906183369,
        0.5153518123667377,
        0.6029850746268657,
        0.4988272921108742,
        0.7302771855010661,
        0.59136460554371,
        0.6059701492537314
    ],
    "val_auc": [
        0.5,
        0.5,
        0.5,
        0.45,
        0.7,
        0.7333333333333334,
        0.43333333333333335,
        0.55,
        0.55,
        0.55
    ]
}