{
    "epochs": [
        1,
        2,
        3,
        4,
        5,
        6,
        7,
        8,
        9,
        10,
        11,
        12,
        13,
        14,
        15,
        16,
        17,
        18,
        19,
        20,
        21,
        22,
        23,
        24,
        25,
        26,
        27,
        28,
        29,
        30,
        31,
        32,
        33,
        34,
        35,
        36,
        37,
        38,
        39,
        40
    ],
    "train_losses": [
        0.042496723433335624,
        0.04231350755561953,
        0.04294130540844323,
        0.04186374548336734,
        0.04274815952648287,
        0.04188531750570173,
        0.04220529764458753,
        0.04030457144414169,
        0.04014585113179856,
        0.03972189209383467,
        0.038008814920549805,
        0.03929472342133522,
        0.03616210003046022,
        0.03209981451863828,
        0.03409705688987953,
        0.03346569112677505,
        0.03387167094194371,
        0.03284438907344272,
        0.0340411387167979,
        0.035835165368474045,
        0.030968090303350185,
        0.02563043807943662,
        0.029960813189762226,
        0.0256833387673765,
        0.026368787161250046,
        0.023854883279705395,
        0.02614378329852353,
        0.024714567981984303,
        0.02682557189162227,
        0.014274407826040102,
        0.022368696464252644,
        0.018618005476352097,
        0.015230590558570364,
        0.03280518230968627,
        0.010218931443017462,
        0.018849103967996612,
        0.027954480246357296,
        0.015405451635951582,
        0.022076224719268688,
        0.02384352829793225
    ],
    "val_losses": [
        0.04286209121346474,
        0.042494602501392365,
        0.04220200330018997,
        0.04174184054136276,
        0.04126472771167755,
        0.04088982567191124,
        0.040191423147916794,
        0.03947438299655914,
        0.038454972207546234,
        0.03618630766868591,
        0.03320030868053436,
        0.030155086889863014,
        0.027321280911564827,
        0.024879317730665207,
        0.021579835563898087,
        0.01977820321917534,
        0.0180777870118618,
        0.01657114364206791,
        0.01564420759677887,
        0.015236171893775463,
        0.015340064652264118,
        0.0137447789311409,
        0.012441622093319893,
        0.011102976277470589,
        0.009340472519397736,
        0.007954219356179237,
        0.006290125660598278,
        0.005128378514200449,
        0.0047000376507639885,
        0.0037828017957508564,
        0.0029447213746607304,
        0.002367735840380192,
        0.0021218021865934134,
        0.0023145645391196012,
        0.0030070897191762924,
        0.0030569240916520357,
        0.004174849484115839,
        0.0036984181497246027,
        0.003115672618150711,
        0.003108678851276636
    ],
    "train_accuracies": [
        0.5695707003275553,
        0.5232566888781561,
        0.5008311617201653,
        0.6068730976270593,
        0.5497334815453792,
        0.5440308805825054,
        0.5476953465005626,
        0.625734906265701,
        0.6430127931677777,
        0.628638391909392,
        0.6999077796936035,
        0.6368908813034279,
        0.7708143082217894,
        0.7744238618491353,
        0.7309043994848279,
        0.8118043567823328,
        0.7678835461105126,
        0.8296376103940217,
        0.8199686520341514,
        0.797510216201561,
        0.8434054402337559,
        0.9096387711124144,
        0.8230628829071487,
        0.8743957747583804,
        0.8637588473333828,
        0.891447813614555,
        0.8557853975157806,
        0.8450200523155323,
        0.8412315050760905,
        0.9686372591101605,
        0.8635770410731218,
        0.9015858207923778,
        0.9395188594209976,
        0.8456088529116865,
        0.9592576648878015,
        0.884642027426457,
        0.8568103140678959,
        0.9302222625068997,
        0.8843456420345582,
        0.8695526503134465
    ],
    "val_accuracies": [
        0.5333333333333333,
        0.6666666666666666,
        0.6666666666666666,
        0.6666666666666666,
        0.7333333333333333,
        0.7333333333333333,
        0.7333333333333333,
        0.6666666666666666,
        0.6666666666666666,
        0.7333333333333333,
        0.7333333333333333,
        0.7333333333333333,
        0.7333333333333333,
        0.8,
        0.8666666666666667,
        0.9333333333333333,
        1.0,
        1.0,
        1.0,
        1.0,
        1.0,
        1.0,
        1.0,
        1.0,
        1.0,
        1.0,
        1.0,
        1.0,
        1.0,
        1.0,
        1.0,
        1.0,
        1.0,
        1.0,
        1.0,
        1.0,
        1.0,
        1.0,
        1.0,
        1.0
    ],
    "train_f1": [
        0.4492753623188406,
        0.5565049536300553,
        0.4782608695652174,
        0.50703933747412,
        0.5342771185534736,
        0.5281187157617363,
        0.5060002138024771,
        0.5081334332833584,
        0.5239611152654631,
        0.5041241087961077,
        0.6469390854276972,
        0.5755353429528391,
        0.532109500805153,
        0.5241193972550149,
        0.6159420289855072,
        0.6559017180151646,
        0.6372241669789449,
        0.630143557063076,
        0.7461769509256404,
        0.7749489259786743,
        0.7681159420289855,
        0.8765846084591292,
        0.6733121988624009,
        0.8258676001498935,
        0.6520276754622479,
        0.6376811594202898,
        0.7380287896592244,
        0.8403784219001611,
        0.7023511145190763,
        0.7028517262251459,
        0.782608695652174,
        0.6077060521372611,
        0.7896893343117599,
        0.7600764503244561,
        0.6883566884800311,
        0.7680185117525271,
        0.6520277676287907,
        0.8043581003175879,
        0.7823342116820378,
        0.8043169904409497
    ],
    "val_f1": [
        0.5333333333333333,
        0.6576168929110106,
        0.6666666666666666,
        0.6475279106858054,
        0.7066666666666668,
        0.7066666666666668,
        0.7066666666666668,
        0.6137566137566137,
        0.6137566137566137,
        0.7066666666666668,
        0.7066666666666668,
        0.7066666666666668,
        0.7066666666666668,
        0.7885167464114832,
        0.8629629629629629,
        0.9327300150829563,
        1.0,
        1.0,
        1.0,
        1.0,
        1.0,
        1.0,
        1.0,
        1.0,
        1.0,
        1.0,
        1.0,
        1.0,
        1.0,
        1.0,
        1.0,
        1.0,
        1.0,
        1.0,
        1.0,
        1.0,
        1.0,
        1.0,
        1.0,
        1.0
    ],
    "train_precision": [
        0.4492753623188406,
        0.5598177066459319,
        0.4782608695652174,
        0.5076855511638121,
        0.537997027127462,
        0.5299838969404187,
        0.5066742944317316,
        0.5274102079395085,
        0.5560013556209071,
        0.5182962290925164,
        0.6901211572916113,
        0.6189367051168293,
        0.539192294096854,
        0.5319618394526723,
        0.6361001317523056,
        0.6683969077892599,
        0.6391867410889149,
        0.6315114307967197,
        0.7479421511583514,
        0.7785507246376812,
        0.768438679819754,
        0.8786749482401657,
        0.6744881527490223,
        0.8287859870740305,
        0.6521556141121359,
        0.6379490926805506,
        0.7419546636937943,
        0.8415956717587153,
        0.7036576949620428,
        0.7028787477188461,
        0.7829375228352211,
        0.6090278290396397,
        0.7902719872940244,
        0.7658264757338171,
        0.6883799008631064,
        0.7692138779095301,
        0.6529790660225443,
        0.8044528460407477,
        0.7833798472385429,
        0.8043706757090239
    ],