{
    "epochs": [
        1,
        2,
        3,
        4,
        5,
        6,
        7,
        8,
        9,
        10,
        11,
        12,
        13,
        14,
        15,
        16,
        17,
        18,
        19,
        20,
        21,
        22,
        23,
        24,
        25,
        26,
        27,
        28,
        29,
        30,
        31,
        32,
        33,
        34,
        35,
        36,
        37,
        38,
        39,
        40,
        41,
        42,
        43,
        44,
        45
    ],
    "train_losses": [
        0.043574621549982956,
        0.04312393161049788,
        0.04289848638185556,
        0.04321475208237551,
        0.042801193029120346,
        0.04271378270957781,
        0.04198933630317882,
        0.04161099511860074,
        0.040726693158132446,
        0.040607401588256806,
        0.04072759867362354,
        0.03902731474111046,
        0.036482012790182365,
        0.03713575518433598,
        0.0373204777530138,
        0.0359504211532033,
        0.032791757389255195,
        0.031280057963685715,
        0.02945693390632885,
        0.029873003346332604,
        0.031108081556748653,
        0.02722286883795607,
        0.030349907073853672,
        0.02753439912761467,
        0.022652691527121308,
        0.033266459524199585,
        0.023450459961010063,
        0.026425156148447506,
        0.0195729776515045,
        0.02516270882409552,
        0.033772493402163185,
        0.01660623282626055,
        0.02032760708876278,
        0.01588433820322372,
        0.017545469294207684,
        0.012127766115725904,
        0.020090256723156875,
        0.010871277339216591,
        0.012224335601364357,
        0.018575489844964897,
        0.03561568378970243,
        0.025556497113860172,
        0.017295386041582064,
        0.012453265164209448,
        0.01878118890243164
    ],
    "val_losses": [
        0.04167225584387779,
        0.04168074205517769,
        0.041767191141843796,
        0.041408803313970566,
        0.04106703773140907,
        0.04072567820549011,
        0.040635816752910614,
        0.040223196148872375,
        0.039518751204013824,
        0.038658108562231064,
        0.03742870315909386,
        0.03635944053530693,
        0.03434149920940399,
        0.03247270733118057,
        0.030872998759150505,
        0.02949620597064495,
        0.029267586767673492,
        0.02798255905508995,
        0.02679048478603363,
        0.025465477257966995,
        0.024890072643756866,
        0.023362653329968452,
        0.022219251841306686,
        0.02167496085166931,
        0.018689122051000595,
        0.01663264073431492,
        0.015051172114908695,
        0.012826040387153625,
        0.010888621211051941,
        0.009415309876203537,
        0.00848474632948637,
        0.007686960510909557,
        0.007234374992549419,
        0.0074239736422896385,
        0.007007936015725136,
        0.006045371759682894,
        0.004974461160600185,
        0.003873830661177635,
        0.004051573574542999,
        0.003918760921806097,
        0.004814295098185539,
        0.006734089460223913,
        0.0069325165823102,
        0.006380257196724415,
        0.006323243025690317
    ],
    "train_accuracies": [
        0.4648684418719748,
        0.5115563765816067,
        0.49324484838955646,
        0.506360019462696,
        0.5052970630535181,
        0.5007682399473329,
        0.5360008391781129,
        0.5678557105686354,
        0.6187617536904155,
        0.6570064434106799,
        0.633706051370372,
        0.710788381272468,
        0.7603026058362878,
        0.7492043591927791,
        0.7174000221750011,
        0.8231610077014868,
        0.8382835249969924,
        0.8453481370124264,
        0.8486722586811453,
        0.8278297203174536,
        0.8537061801855115,
        0.8685801201972408,
        0.8461302190587141,
        0.8986925733262214,
        0.9146457271299501,
        0.8250618050063866,
        0.9402987576913142,
        0.8705012280008068,
        0.9363245894943458,
        0.8452322241188823,
        0.798197082851244,
        0.929854116578033,
        0.8990107411923616,
        0.9379495261372,
        0.9112360581107761,
        0.9703198032102723,
        0.9155773079913595,
        0.9688417738762455,
        0.9704027590544327,
        0.914627296337183,
        0.8266290443530981,
        0.8540982025257056,
        0.9359300447546918,
        0.969194895979287,
        0.8972177229065826
    ],
    "val_accuracies": [
        0.6,
        0.6,
        0.6,
        0.6,
        0.6,
        0.6,
        0.6666666666666666,
        0.6666666666666666,
        0.7333333333333333,
        0.8666666666666667,
        1.0,
        1.0,
        0.8666666666666667,
        0.8666666666666667,
        0.9333333333333333,
        1.0,
        1.0,
        1.0,
        1.0,
        1.0,
        1.0,
        1.0,
        0.9333333333333333,
        1.0,
        1.0,
        1.0,
        1.0,
        1.0,
        1.0,
        1.0,
        1.0,
        1.0,
        1.0,
        1.0,
        1.0,
        1.0,
        1.0,
        1.0,
        1.0,
        1.0,
        1.0,
        1.0,
        1.0,
        1.0,
        1.0
    ],
    "train_f1": [
        0.340790446613428,
        0.45675803402646503,
        0.45042854916627706,
        0.4301335420669371,
        0.4467555994729908,
        0.45611664203676344,
        0.49885372408537054,
        0.5343767362582517,
        0.49691504508780265,
        0.5714521938778231,
        0.5868479346740215,
        0.5725311497127716,
        0.7748292441344586,
        0.5347630238934586,
        0.6160025327881142,
        0.5989787887513197,
        0.6010086559773548,
        0.7319262964747212,
        0.6667366946778711,
        0.7174358447253916,
        0.7383042009400705,
        0.8840579710144928,
        0.7102058214590183,
        0.7101449275362319,
        0.746416766935547,
        0.6738273168479119,
        0.7174358447253916,
        0.8042963901087471,
        0.7391304347826086,
        0.6521739130434783,
        0.6449834972190815,
        0.8549811228839361,
        0.7170795217048687,
        0.7753977078571989,
        0.7246955303860675,
        0.7102058214590183,
        0.7391304347826086,
        0.7969733567559655,
        0.5719911036847988,
        0.8478500702367492,
        0.6666666666666666,
        0.7898881783180248,
        0.5653087321885276,
        0.7391852393131166,
        0.7463102193586292
    ],
    "val_f1": [
        0.45,
        0.45,
        0.45,
        0.45,
        0.45,
        0.45,
        0.5838509316770186,
        0.5838509316770186,
        0.6909090909090909,
        0.86,
        1.0,
        1.0,
        0.8678571428571428,
        0.8678571428571428,
        0.9339366515837104,
        1.0,
        1.0,
        1.0,
        1.0,
        1.0,
        1.0,
        1.0,
        0.9339366515837104,
        1.0,
        1.0,
        1.0,
        1.0,
        1.0,
        1.0,
        1.0,
        1.0,
        1.0,
        1.0,
        1.0,
        1.0,
        1.0,
        1.0,
        1.0,
        1.0,
        1.0,
        1.0,
        1.0,
        1.0,
        1.0,
        1.0
    ],