{
    "model_name": "efficientnet_b0",
    "run_name": "efficientnet_b0_20241002_211307_0",
    "epochs_trained": 33,
    "best_val_loss": 0.18393030762672424,
    "metrics": {
        "epochs": [
            1,
            2,
            3,
            4,
            5,
            6,
            7,
            8,
            9,
            10,
            11,
            12,
            13,
            14,
            15,
            16,
            17,
            18,
            19,
            20,
            21,
            22,
            23,
            24,
            25,
            26,
            27,
            28,
            29,
            30,
            31,
            32
        ],
        "train_losses": [
            0.6720902072755914,
            0.6311258265846654,
            0.6009036679016916,
            0.41881955454224035,
            0.3258729200614126,
            0.2775334182538484,
            0.3843744769692421,
            0.16585749074032433,
            0.22393119648883217,
            0.31249362857718216,
            0.1912731481225867,
            0.13040476762934736,
            0.24491496070435173,
            0.08690565432372846,
            0.18572868759694852,
            0.15390241459796303,
            0.2607189699223167,
            0.1042513259147343,
            0.1241345476163061,
            0.06414468429590527,
            0.12504481092879646,
            0.0994270428230888,
            0.08813571851504476,
            0.10498299665356937,
            0.09789367333838814,
            0.1298880326120477,
            0.09379432664105766,
            0.047299655252381376,
            0.08004916498535558,
            0.04662592963952767,
            0.031117480052144902,
            0.0934102896012758
        ],
        "val_losses": [
            0.7504657506942749,
            1.0160431861877441,
            1.0947027206420898,
            0.9851884841918945,
            0.9920409917831421,
            0.9538818597793579,
            0.9400501251220703,
            0.7725495100021362,
            0.632781982421875,
            0.47541874647140503,
            0.38631847500801086,
            0.36309996247291565,
            0.4225630760192871,
            0.596186637878418,
            0.8133999705314636,
            0.8143789172172546,
            0.6553486585617065,
            0.5502557754516602,
            0.4647916853427887,
            0.43378084897994995,
            0.24851837754249573,
            0.1943572610616684,
            0.18393030762672424,
            0.19555316865444183,
            0.22138755023479462,
            0.24320955574512482,
            0.36527737975120544,
            0.452004998922348,
            0.6295883059501648,
            0.775017499923706,
            0.877558708190918,
            0.6723523139953613
        ],
        "train_accuracies": [
            0.5789473684210527,
            0.5526315789473685,
            0.631578947368421,
            0.8157894736842105,
            0.9736842105263158,
            0.8947368421052632,
            0.7894736842105263,
            0.9736842105263158,
            0.9210526315789473,
            0.868421052631579,
            0.868421052631579,
            0.9210526315789473,
            0.9473684210526315,
            0.9736842105263158,
            0.9473684210526315,
            0.8947368421052632,
            0.9210526315789473,
            0.9736842105263158,
            0.9473684210526315,
            1.0,
            0.9473684210526315,
            0.9736842105263158,
            0.9736842105263158,
            0.9736842105263158,
            0.9736842105263158,
            0.9473684210526315,
            1.0,
            1.0,
            0.9736842105263158,
            1.0,
            1.0,
            0.9736842105263158
        ],
        "val_accuracies": [
            0.6,
            0.2,
            0.2,
            0.2,
            0.2,
            0.2,
            0.6,
            0.8,
            0.8,
            0.8,
            0.8,
            0.8,
            0.6,
            0.6,
            0.2,
            0.2,
            0.6,
            0.8,
            0.8,
            0.8,
            1.0,
            1.0,
            1.0,
            1.0,
            1.0,
            1.0,
            0.8,
            0.6,
            0.6,
            0.6,
            0.6,
            0.8
        ],
        "train_f1": [
            0.5753588516746412,
            0.39339875111507583,
            0.5486842105263158,
            0.8050682261208577,
            0.9735914839954006,
            0.895029239766082,
            0.7847560076662244,
            0.9737392261140657,
            0.9212167633220265,
            0.8686946055367107,
            0.8679574199770038,
            0.9207744519862022,
            0.9469198564593302,
            0.9735914839954006,
            0.9469198564593302,
            0.8947368421052632,
            0.9207744519862022,
            0.9737392261140657,
            0.9475146198830409,
            1.0,
            0.9473684210526315,
            0.9735914839954006,
            0.9735914839954006,
            0.9735914839954006,
            0.9737392261140657,
            0.9475146198830409,
            1.0,
            1.0,
            0.9735914839954006,
            1.0,
            1.0,
            0.9735914839954006
        ],
        "val_f1": [
            0.6333333333333333,
            0.06666666666666667,
            0.06666666666666667,
            0.06666666666666667,
            0.06666666666666667,
            0.06666666666666667,
            0.6333333333333333,
            0.819047619047619,
            0.819047619047619,
            0.819047619047619,
            0.819047619047619,
            0.819047619047619,
            0.6333333333333333,
            0.6333333333333333,
            0.06666666666666667,
            0.06666666666666667,
            0.6333333333333333,
            0.819047619047619,
            0.819047619047619,
            0.819047619047619,
            1.0,
            1.0,
            1.0,
            1.0,
            1.0,
            1.0,
            0.819047619047619,
            0.6333333333333333,
            0.6333333333333333,
            0.6333333333333333,
            0.6333333333333333,
            0.819047619047619
        ],
        "train_precision": [
            0.5749809305873379,
            0.3054016620498615,
            0.7789473684210527,
            0.8618421052631579,
            0.9748803827751197,
            0.9002770083102493,
            0.856842105263158,
            0.9751461988304094,
            0.9328947368421053,
            0.8798245614035088,
            0.8687200956937801,
            0.9218002392344499,
            0.9519450800915331,
            0.9748803827751197,
            0.9519450800915331,
            0.8947368421052632,
            0.9218002392344499,
            0.9751461988304094,
            0.9529085872576177,
            1.0,
            0.9473684210526315,
            0.9748803827751197,
            0.9748803827751197,
            0.9748803827751197,
            0.9751461988304094,
            0.9529085872576177,
            1.0,
            1.0,
            0.9748803827751197,
            1.0,
            1.0,
            0.9748803827751197
        ],