{
    "epochs": [
        1,
        2,
        3,
        4,
        5,
        6,
        7,
        8,
        9,
        10,
        11,
        12,
        13,
        14,
        15,
        16,
        17,
        18,
        19,
        20,
        21,
        22,
        23,
        24,
        25
    ],
    "train_losses": [
        0.5961919349003462,
        0.31369782175893096,
        0.2552002656693552,
        0.14972398902466094,
        0.23613565653757332,
        0.21317102394851983,
        0.10973685220176098,
        0.07709284993558148,
        0.09181298700228237,
        0.0894387671176125,
        0.0836121132171232,
        0.0946900016488203,
        0.13028221121483963,
        0.07766352011974341,
        0.03720541685527446,
        0.055857817356298176,
        0.021234957072153397,
        0.07892806384882896,
        0.02528779724844141,
        0.10807640458536304,
        0.03153056373783186,
        0.050399787139658835,
        0.036478837638533386,
        0.026615689904276842,
        0.08543294570804422
    ],
    "val_losses": [
        0.5206258358099521,
        0.32493718083088213,
        0.2143138303206517,
        0.2105100697431809,
        0.24540148178736368,
        0.2637351468587533,
        0.2626958418733034,
        0.22165428942594773,
        0.20214868566164604,
        0.2019762593584183,
        0.23776612927516302,
        0.20411930825465766,
        0.13052932153909635,
        0.10942307993387565,
        0.0964311970732151,
        0.1364409090616764,
        0.1672024468962963,
        0.20574129950732756,
        0.16310040891552582,
        0.18174968316004828,
        0.1453541767043181,
        0.1271172826154492,
        0.1234958432853604,
        0.15968515509023115,
        0.14386623851859417
    ],
    "train_accuracies": [
        0.6274509803921569,
        0.8954248366013072,
        0.8954248366013072,
        0.9477124183006536,
        0.8954248366013072,
        0.9281045751633987,
        0.9673202614379085,
        0.954248366013072,
        0.9738562091503268,
        0.9673202614379085,
        0.9673202614379085,
        0.954248366013072,
        0.9411764705882353,
        0.9673202614379085,
        0.9803921568627451,
        0.9738562091503268,
        0.9934640522875817,
        0.9673202614379085,
        1.0,
        0.9607843137254902,
        0.9803921568627451,
        0.9673202614379085,
        0.9803921568627451,
        0.9934640522875817,
        0.9607843137254902
    ],
    "val_accuracies": [
        0.7948717948717948,
        0.8717948717948718,
        0.8974358974358975,
        0.9230769230769231,
        0.9230769230769231,
        0.9230769230769231,
        0.9487179487179487,
        0.8974358974358975,
        0.8974358974358975,
        0.9230769230769231,
        0.8717948717948718,
        0.8974358974358975,
        0.8717948717948718,
        0.9230769230769231,
        0.9487179487179487,
        0.9487179487179487,
        0.9230769230769231,
        0.9230769230769231,
        0.9487179487179487,
        0.9487179487179487,
        0.9487179487179487,
        0.9487179487179487,
        0.9487179487179487,
        0.9487179487179487,
        0.9487179487179487
    ],
    "train_f1": [
        0.6245300343029556,
        0.8953712083123847,
        0.895398022456846,
        0.947707950803926,
        0.8953712083123847,
        0.9280984315680272,
        0.9672783159385345,
        0.9542366373309988,
        0.9738539754019631,
        0.9673174688945577,
        0.9673202614379085,
        0.9542444564523808,
        0.9411009686893627,
        0.9673118838078563,
        0.9803871302847137,
        0.9738495056142115,
        0.9934640522875817,
        0.9673202614379085,
        1.0,
        0.9607843137254902,
        0.9803904813367345,
        0.9673202614379085,
        0.9803921568627451,
        0.9934640522875817,
        0.9607742584213171
    ],
    "val_f1": [
        0.7940577940577941,
        0.8700911491609167,
        0.8966218966218966,
        0.9227726788702398,
        0.9229755083413621,
        0.9227726788702398,
        0.9486504723346828,
        0.8974358974358975,
        0.8974358974358975,
        0.9227726788702398,
        0.8700911491609167,
        0.8966218966218966,
        0.8712877981170664,
        0.9230769230769231,
        0.9486504723346828,
        0.9486504723346828,
        0.9227726788702398,
        0.9227726788702398,
        0.9486504723346828,
        0.9486504723346828,
        0.9486504723346828,
        0.9486504723346828,
        0.9486504723346828,
        0.9486504723346828,
        0.9486504723346828
    ],
    "train_precision": [
        0.6308226994501505,
        0.896544005730146,
        0.8956775092292592,
        0.9480274844980727,
        0.896544005730146,
        0.9281716105245519,
        0.9693129284234019,
        0.9549594270368655,
        0.9741846824199765,
        0.9673973521032346,
        0.9674029101273683,
        0.95432210491034,
        0.9430456483520926,
        0.9680480927688672,
        0.9811367585008688,
        0.9741759630069384,
        0.9935489347254054,
        0.9674029101273683,
        1.0,
        0.9607843137254902,
        0.9804725992961286,
        0.9674029101273683,
        0.9804759224263867,
        0.9935489347254054,
        0.9610928873773252
    ],
    "val_precision": [
        0.7974770327711505,
        0.8985042735042734,
        0.9152731326644371,
        0.9335664335664335,
        0.924094424094424,
        0.9335664335664335,
        0.9536019536019535,
        0.8974358974358975,
        0.8974358974358975,
        0.9335664335664335,
        0.8985042735042734,
        0.9152731326644371,
        0.8812559989030578,
        0.9242914979757085,
        0.9536019536019535,
        0.9536019536019535,
        0.9335664335664335,
        0.9335664335664335,
        0.9536019536019535,
        0.9536019536019535,
        0.9536019536019535,
        0.9536019536019535,
        0.9536019536019535,
        0.9536019536019535,
        0.9536019536019535
    ],
    "train_recall": [
        0.6274509803921569,
        0.8954248366013072,
        0.8954248366013072,
        0.9477124183006536,
        0.8954248366013072,
        0.9281045751633987,
        0.9673202614379085,
        0.954248366013072,
        0.9738562091503268,
        0.9673202614379085,
        0.9673202614379085,
        0.954248366013072,
        0.9411764705882353,
        0.9673202614379085,
        0.9803921568627451,
        0.9738562091503268,
        0.9934640522875817,
        0.9673202614379085,
        1.0,
        0.9607843137254902,
        0.9803921568627451,
        0.9673202614379085,
        0.9803921568627451,
        0.9934640522875817,
        0.9607843137254902
    ],
    "val_recall": [
        0.7948717948717948,
        0.8717948717948718,
        0.8974358974358975,
        0.9230769230769231,
        0.9230769230769231,
        0.9230769230769231,
        0.9487179487179487,
        0.8974358974358975,
        0.8974358974358975,
        0.9230769230769231,
        0.8717948717948718,
        0.8974358974358975,
        0.8717948717948718,
        0.9230769230769231,
        0.9487179487179487,
        0.9487179487179487,
        0.9230769230769231,
        0.9230769230769231,
        0.9487179487179487,
        0.9487179487179487,
        0.9487179487179487,
        0.9487179487179487,
        0.9487179487179487,
        0.9487179487179487,
        0.9487179487179487
    ],