{
    "epochs": [
        1,
        2,
        3,
        4,
        5,
        6,
        7,
        8,
        9,
        10,
        11,
        12,
        13,
        14,
        15,
        16,
        17,
        18,
        19,
        20,
        21,
        22,
        23,
        24,
        25,
        26,
        27,
        28
    ],
    "train_losses": [
        0.6907113100353041,
        0.5570450283979115,
        0.5739926162518953,
        0.4818927112378572,
        0.43637307066666453,
        0.38607615859884964,
        0.2915562995170292,
        0.21495516676651805,
        0.23946556605790792,
        0.2185923629685452,
        0.13410984607119308,
        0.12518063971870824,
        0.26558301950755875,
        0.06957107174553369,
        0.2075081091178091,
        0.0722512579277942,
        0.06611133170755286,
        0.15546955246674388,
        0.11347268129649915,
        0.04443863347957009,
        0.17659846732490941,
        0.08233113351621126,
        0.04159984071003763,
        0.16742103978207237,
        0.022412699892332678,
        0.10370418743083351,
        0.08057538929738496,
        0.03522049400367235
    ],
    "val_losses": [
        0.644530177116394,
        0.6944209337234497,
        0.7279667854309082,
        0.6884870529174805,
        0.694315493106842,
        0.6610630750656128,
        0.6160405278205872,
        0.5152450203895569,
        0.4648078978061676,
        0.4253196120262146,
        0.42544102668762207,
        0.41458839178085327,
        0.3942245841026306,
        0.37897682189941406,
        0.38032272458076477,
        0.3563442528247833,
        0.3944697380065918,
        0.2616555094718933,
        0.42594367265701294,
        0.4595864713191986,
        0.5171812772750854,
        0.6008171439170837,
        0.6161085367202759,
        0.5715872049331665,
        0.5986968278884888,
        0.6154448390007019,
        0.6116417646408081,
        0.4802718162536621
    ],
    "train_accuracies": [
        0.5,
        0.6842105263157895,
        0.6578947368421053,
        0.7368421052631579,
        0.7894736842105263,
        0.9210526315789473,
        0.8947368421052632,
        0.9736842105263158,
        0.9210526315789473,
        0.8947368421052632,
        0.9473684210526315,
        1.0,
        0.8421052631578947,
        1.0,
        0.8947368421052632,
        0.9736842105263158,
        1.0,
        0.9210526315789473,
        0.9736842105263158,
        1.0,
        0.9210526315789473,
        0.9736842105263158,
        1.0,
        0.9210526315789473,
        1.0,
        0.9473684210526315,
        0.9473684210526315,
        1.0
    ],
    "val_accuracies": [
        0.7,
        0.5,
        0.6,
        0.7,
        0.6,
        0.6,
        0.6,
        0.8,
        0.8,
        0.8,
        0.8,
        0.8,
        0.8,
        0.9,
        0.9,
        0.9,
        0.8,
        0.8,
        0.8,
        0.8,
        0.8,
        0.8,
        0.7,
        0.8,
        0.8,
        0.8,
        0.8,
        0.9
    ],
    "train_f1": [],
    "val_f1": [],
    "train_precision": [],
    "val_precision": [],
    "train_recall": [],
    "val_recall": [],
    "train_bal_acc": [],
    "val_bal_acc": []
}