{
    "model_name": "efficientnet_b0_20241002_175705",
    "epochs": [
        1,
        2,
        3,
        4,
        5,
        6,
        7,
        8,
        9,
        10,
        11,
        12,
        13,
        14,
        15
    ],
    "train_loss": [
        0.47246821159901825,
        0.21256828178530154,
        0.1397323666707329,
        0.21531056126822595,
        0.14928690068747685,
        0.15448591501816458,
        0.21465964744920316,
        0.1077985731155976,
        0.14131395324416782,
        0.07770241594508938,
        0.09312023352021756,
        0.08563606133279593,
        0.11657749213602232,
        0.1350013160187265,
        0.15690888634518438
    ],
    "train_acc": [
        0.7934782608695652,
        0.907608695652174,
        0.9293478260869565,
        0.907608695652174,
        0.9402173913043478,
        0.9347826086956522,
        0.9239130434782609,
        0.9510869565217391,
        0.9239130434782609,
        0.9728260869565217,
        0.9782608695652174,
        0.967391304347826,
        0.9510869565217391,
        0.9510869565217391,
        0.9347826086956522
    ],
    "val_loss": [
        0.4884556622608848,
        0.18672676384449005,
        0.14151522193265997,
        0.1890921502009682,
        0.11507149753363236,
        0.18600944591605145,
        0.14531293381815372,
        0.13907291448634604,
        0.14515775571698727,
        0.14717724660168524,
        0.14723715315694394,
        0.15158015100852304,
        0.15459881658139435,
        0.14365141028943268,
        0.12792169011157492
    ],
    "val_acc": [
        0.7391304347826086,
        0.9347826086956522,
        0.9347826086956522,
        0.8913043478260869,
        0.9782608695652174,
        0.8913043478260869,
        0.9565217391304348,
        0.9782608695652174,
        0.9565217391304348,
        0.9782608695652174,
        0.9565217391304348,
        0.9565217391304348,
        0.9565217391304348,
        0.9782608695652174,
        0.9782608695652174
    ],
    "learning_rate": [
        0.001,
        0.001,
        0.001,
        0.001,
        0.001,
        0.001,
        0.0001,
        0.0001,
        0.0001,
        0.0001,
        0.0001,
        0.0001,
        0.0001,
        1e-05,
        1e-05
    ]
}