{
    "epochs": [
        1,
        2,
        3,
        4,
        5,
        6,
        7,
        8,
        9,
        10,
        11,
        12,
        13,
        14,
        15,
        16,
        17,
        18,
        19,
        20,
        21,
        22,
        23,
        24,
        25,
        26,
        27,
        28,
        29,
        30,
        31,
        32,
        33,
        34,
        35,
        36,
        37,
        38,
        39,
        40
    ],
    "train_losses": [
        0.046575716284454845,
        0.044716124529721304,
        0.04700629810085062,
        0.04589112634297277,
        0.04396556708656373,
        0.043517125434562806,
        0.03924743196026224,
        0.041930327772117054,
        0.04204950298442215,
        0.043341991232066855,
        0.040952767566090724,
        0.04197448467622038,
        0.04131658173731116,
        0.040588660257273035,
        0.03937930039695052,
        0.039291176334267756,
        0.036498763338952765,
        0.03830131137224495,
        0.033860807658218944,
        0.03714147411653253,
        0.03257487170764657,
        0.03369387471285023,
        0.029831539961646815,
        0.02916594011495348,
        0.02997656016931182,
        0.031355838764642104,
        0.02325367729072688,
        0.030811254637407474,
        0.02867461063089918,
        0.02701532526216546,
        0.030617991340209226,
        0.030945402799082585,
        0.02955375569032841,
        0.027832963000066945,
        0.029026485063502045,
        0.029940292605611145,
        0.033581724298782034,
        0.030851824331234713,
        0.03191523345523193,
        0.035405689331351735
    ],
    "val_losses": [
        0.04285818338394165,
        0.04199986159801483,
        0.04155886918306351,
        0.04115832969546318,
        0.040702011436223984,
        0.04034622758626938,
        0.03953636437654495,
        0.038681186735630035,
        0.0377553254365921,
        0.03684444725513458,
        0.03597358986735344,
        0.034933652728796005,
        0.033119723200798035,
        0.0315120704472065,
        0.029935332015156746,
        0.027104495093226433,
        0.02473309636116028,
        0.022531766444444656,
        0.02108963206410408,
        0.019622113555669785,
        0.01744878850877285,
        0.015102419070899487,
        0.014498920179903507,
        0.012553462758660316,
        0.011272169649600983,
        0.012108353897929192,
        0.015904109925031662,
        0.01424723956733942,
        0.010349330492317677,
        0.006866718642413616,
        0.006963300984352827,
        0.0075266617350280285,
        0.010655977763235569,
        0.010312693193554878,
        0.011212668381631374,
        0.01383574865758419,
        0.01183791272342205,
        0.010465643368661404,
        0.010124490596354008,
        0.009599409997463226
    ],
    "train_accuracies": [
        0.46309460968267724,
        0.49855472220749153,
        0.47147381891969775,
        0.4200277406661237,
        0.5118094350470871,
        0.47796296291664,
        0.6391875313930824,
        0.5720979815623799,
        0.6130844022406906,
        0.5756230510649134,
        0.5733914922495358,
        0.5353012397641042,
        0.615647487953061,
        0.5820781676495661,
        0.6234309008864106,
        0.6156195030837762,
        0.6793986148521548,
        0.6139848974884533,
        0.7455930866178919,
        0.6565409175685195,
        0.708568416657995,
        0.7607871196309074,
        0.8156420129244445,
        0.8017772455684474,
        0.763362180991251,
        0.7507321248289014,
        0.8922071613249232,
        0.7626489420406154,
        0.7931260749941966,
        0.8265491860811828,
        0.7914240477515049,
        0.8129548557469102,
        0.8001356906578189,
        0.8087522006425701,
        0.817030734703189,
        0.7995248075391426,
        0.7629093732990202,
        0.787661286651111,
        0.7626552425447057,
        0.778403329067543
    ],
    "val_accuracies": [
        0.45161290322580644,
        0.5806451612903226,
        0.5806451612903226,
        0.6774193548387096,
        0.7096774193548387,
        0.7741935483870968,
        0.8387096774193549,
        0.8064516129032258,
        0.9032258064516129,
        0.9354838709677419,
        0.9354838709677419,
        0.9354838709677419,
        0.9354838709677419,
        0.9354838709677419,
        0.9354838709677419,
        0.9354838709677419,
        0.967741935483871,
        0.967741935483871,
        0.9032258064516129,
        1.0,
        0.967741935483871,
        0.9354838709677419,
        0.9354838709677419,
        0.967741935483871,
        0.967741935483871,
        0.9354838709677419,
        0.9032258064516129,
        0.9354838709677419,
        0.9354838709677419,
        0.967741935483871,
        0.967741935483871,
        0.967741935483871,
        0.967741935483871,
        0.967741935483871,
        0.9354838709677419,
        0.9032258064516129,
        0.9032258064516129,
        0.9032258064516129,
        0.967741935483871,
        0.967741935483871
    ],
    "train_f1": [
        0.4942575603126062,
        0.5727370689655173,
        0.4340840336134454,
        0.49125638956147427,
        0.4424731182795699,
        0.5244623655913978,
        0.6556451612903226,
        0.5812638804764789,
        0.5161008403361345,
        0.5076674737691687,
        0.5325042016806724,
        0.5327554928441847,
        0.6228494623655914,
        0.4983485001685204,
        0.6311227575085668,
        0.5240785579768631,
        0.597684904771519,
        0.4918032786885246,
        0.6309243697478991,
        0.6225450632230294,
        0.6141059290665589,
        0.7042025862068966,
        0.6145210084033613,
        0.73742265267689,
        0.47484530535377995,
        0.6721311475409836,
        0.6134816312773846,
        0.662824401752612,
        0.5327554928441847,
        0.7213114754098361,
        0.826926974261974,
        0.5240785579768631,
        0.6957195820694304,
        0.7376344086021505,
        0.6309243697478991,
        0.6637310924369748,
        0.49969747899159667,
        0.6475173016192972,
        0.7615099427030672,
        0.7783161720169595
    ],
    "val_f1": [
        0.4400068271036013,
        0.5717699266086362,
        0.546984572230014,
        0.6670802315963608,
        0.707857215087471,
        0.7694145758661888,
        0.8376984528263728,
        0.8040119273515857,
        0.9032258064516129,
        0.9354838709677419,
        0.9354838709677419,
        0.9354838709677419,
        0.9354838709677419,
        0.9354838709677419,
        0.9354838709677419,
        0.9354838709677419,
        0.967741935483871,
        0.967741935483871,
        0.9019969278033794,
        1.0,
        0.967741935483871,
        0.9354838709677419,
        0.9354838709677419,
        0.9676745205110057,
        0.9676745205110057,
        0.9350772567091352,
        0.9019969278033794,
        0.9350772567091352,
        0.9350772567091352,
        0.9676745205110057,
        0.967741935483871,
        0.9676745205110057,
        0.9676745205110057,
        0.9676745205110057,
        0.9353494623655914,
        0.9032258064516129,
        0.9032258064516129,
        0.9032258064516129,
        0.9676745205110057,
        0.9676745205110057
    ],