{
    "epochs": [
        1,
        2,
        3,
        4,
        5,
        6,
        7,
        8,
        9,
        10,
        11,
        12,
        13,
        14,
        15,
        16,
        17,
        18,
        19,
        20,
        21,
        22,
        23,
        24,
        25,
        26,
        27,
        28,
        29,
        30,
        31,
        32,
        33,
        34,
        35,
        36,
        37,
        38,
        39,
        40,
        41,
        42,
        43,
        44,
        45,
        46,
        47,
        48,
        49,
        50
    ],
    "train_losses": [
        0.044741299487953266,
        0.04580165533636644,
        0.04672618849369568,
        0.04688291824082049,
        0.04701471355993573,
        0.04366100134282577,
        0.044911522236539096,
        0.043283583550918395,
        0.04119660817389566,
        0.0445111694980443,
        0.04206830051129427,
        0.04151056161740931,
        0.04074541031102824,
        0.039677962933371703,
        0.03946582409666806,
        0.04187434754235958,
        0.03936350645452011,
        0.04081379710053041,
        0.03777282488176493,
        0.03764674497571418,
        0.03566115182953152,
        0.034357463713826204,
        0.03638905940986261,
        0.030206810607294726,
        0.034203720619765725,
        0.03416578780587127,
        0.028958104308543165,
        0.029809488725613772,
        0.0313312663901143,
        0.02442161955423956,
        0.024964744058566364,
        0.02333932103422599,
        0.026647637954087762,
        0.02193854906694676,
        0.030051001476320793,
        0.019166214815605948,
        0.024431202651523962,
        0.03560495182750671,
        0.02879809088459829,
        0.02989642170628881,
        0.023793322541485955,
        0.02180820667162174,
        0.030961649757393492,
        0.02149180946795921,
        0.023577696795204307,
        0.02426462499349098,
        0.015157304514896094,
        0.02570218067404216,
        0.01566152664552617,
        0.017699895366057147
    ],
    "val_losses": [
        0.046179257333278656,
        0.045052263885736465,
        0.044399160891771317,
        0.04367378354072571,
        0.04327915608882904,
        0.043014973402023315,
        0.04250587150454521,
        0.04213126748800278,
        0.04185836389660835,
        0.041376639157533646,
        0.040674276649951935,
        0.039772480726242065,
        0.03875342383980751,
        0.03763515502214432,
        0.036583054810762405,
        0.035943105816841125,
        0.03476423770189285,
        0.03399529308080673,
        0.03365884721279144,
        0.03319317847490311,
        0.03257809206843376,
        0.03145642578601837,
        0.02781667932868004,
        0.024756453931331635,
        0.02428755722939968,
        0.021918633952736855,
        0.019591305404901505,
        0.020579440519213676,
        0.026869982481002808,
        0.029069073498249054,
        0.018833810463547707,
        0.012191837653517723,
        0.014351889491081238,
        0.01617695949971676,
        0.013431660830974579,
        0.020724637433886528,
        0.023746108636260033,
        0.018561093136668205,
        0.015983352437615395,
        0.012384326197206974,
        0.009303516708314419,
        0.008192007429897785,
        0.00974706094712019,
        0.013869084417819977,
        0.015036573633551598,
        0.014887412078678608,
        0.012925594113767147,
        0.014264817349612713,
        0.013192905113101006,
        0.011770524084568024
    ],
    "train_accuracies": [
        0.5232983565912014,
        0.508867387849141,
        0.4596334317835366,
        0.46347370767981055,
        0.4792419914307633,
        0.5284401032982803,
        0.48567749426616885,
        0.5298935959978801,
        0.5884286989041461,
        0.47722421041349083,
        0.558050140132749,
        0.5109654403314358,
        0.6126127165507494,
        0.6551535303999738,
        0.6546470285431156,
        0.5829459089573806,
        0.6161329843164459,
        0.6285384573587557,
        0.6964787273872189,
        0.6497775752369951,
        0.7179542479476309,
        0.7170920023104039,
        0.7122110661452379,
        0.8034105533506812,
        0.7195265545108454,
        0.738670597231485,
        0.7760740450727261,
        0.8098700608664412,
        0.8143351485089558,
        0.8249152734027645,
        0.8458683044929814,
        0.8906823135003811,
        0.8638569746560197,
        0.8504942296966305,
        0.8124882612771135,
        0.8858282352850689,
        0.8571209170954014,
        0.8078452629771659,
        0.7858526803613678,
        0.8372941676194106,
        0.8688667111280488,
        0.8630505848706254,
        0.8128276762923574,
        0.8844580766631336,
        0.8858784621323996,
        0.825965292085477,
        0.9103303149463685,
        0.8558661763261004,
        0.9019278704635496,
        0.904840314291357
    ],
    "val_accuracies": [
        0.43333333333333335,
        0.43333333333333335,
        0.43333333333333335,
        0.43333333333333335,
        0.43333333333333335,
        0.43333333333333335,
        0.4,
        0.4666666666666667,
        0.5,
        0.6,
        0.6666666666666666,
        0.6666666666666666,
        0.7333333333333333,
        0.8,
        0.9,
        0.8666666666666667,
        0.8666666666666667,
        0.8333333333333334,
        0.8,
        0.8333333333333334,
        0.8,
        0.7666666666666667,
        0.8666666666666667,
        0.8333333333333334,
        0.8666666666666667,
        0.8666666666666667,
        0.9,
        0.9,
        0.7666666666666667,
        0.7,
        0.8666666666666667,
        0.9,
        0.9333333333333333,
        0.9333333333333333,
        0.8666666666666667,
        0.8,
        0.7666666666666667,
        0.9,
        0.9,
        0.9,
        0.9333333333333333,
        1.0,
        0.9666666666666667,
        0.9333333333333333,
        0.9,
        0.9,
        0.9333333333333333,
        0.9,
        0.9333333333333333,
        0.9333333333333333
    ],
    "train_f1": [
        0.42289286816918803,
        0.4582113821138211,
        0.42469834872469586,
        0.4868557813422121,
        0.44128048780487805,
        0.5251771662101647,
        0.5195610349731111,
        0.536401142186735,
        0.4937182554128313,
        0.467771932621287,
        0.5121951219512195,
        0.4908618409855596,
        0.5513578896518222,
        0.5936034188475147,
        0.6099109562524198,
        0.5611498257839721,
        0.584705301417435,
        0.559925312171782,
        0.6907700933773264,
        0.617277434639597,
        0.5549405035829333,
        0.730203374105813,
        0.6749257968770164,
        0.5925234371960945,
        0.5762243746839382,
        0.703293669055289,
        0.6638541038862475,
        0.6320955101442907,
        0.7395958681072221,
        0.6419443186474304,
        0.5676721482099377,
        0.5692197370594099,
        0.7876883006569937,
        0.8613288022560177,
        0.6251215622204068,
        0.8211382113821138,
        0.8943369166372138,
        0.8699186991869918,
        0.6911795070331657,
        0.6342431729749707,
        0.8780810576583236,
        0.48610085541936,
        0.7398373983739838,
        0.7801381007504067,
        0.8130576217427627,
        0.6824217010839209,
        0.5689343953666133,
        0.6340009017263697,
        0.642371008585813,
        0.748034185827202
    ],