{
    "epochs": [
        1,
        2,
        3,
        4,
        5,
        6,
        7,
        8,
        9,
        10,
        11,
        12,
        13,
        14,
        15,
        16,
        17,
        18,
        19,
        20,
        21,
        22,
        23,
        24,
        25,
        26,
        27,
        28,
        29,
        30,
        31,
        32,
        33,
        34,
        35,
        36
    ],
    "train_losses": [
        0.045012938449295554,
        0.04492204503072956,
        0.04486832204388409,
        0.043006396178549865,
        0.04320079236616933,
        0.040931250597161004,
        0.042109046585676144,
        0.04189227321525899,
        0.04084631794594168,
        0.040458302460307995,
        0.040180827665135144,
        0.0376480331084108,
        0.037153416260228896,
        0.035730249846611564,
        0.035354927061049916,
        0.0386883456229679,
        0.03694034083102777,
        0.03285075112329266,
        0.031007946991338964,
        0.030623747035861015,
        0.030087799409298392,
        0.022842192310627882,
        0.026449993919066297,
        0.031197486566455383,
        0.027141510546813165,
        0.023843011054081646,
        0.027416289261564974,
        0.03224016865336798,
        0.025280947365411897,
        0.02725795904795329,
        0.025678166619888167,
        0.02838459312612933,
        0.028716079042694433,
        0.021964453122904147,
        0.024441770921514287,
        0.025323042328037868
    ],
    "val_losses": [
        0.043279990553855896,
        0.04313959553837776,
        0.04207049310207367,
        0.041257575154304504,
        0.040386516600847244,
        0.039183150976896286,
        0.03762393817305565,
        0.036195479333400726,
        0.03479396551847458,
        0.03300737217068672,
        0.03185516595840454,
        0.030204974114894867,
        0.029766704887151718,
        0.0275728777050972,
        0.02440592087805271,
        0.024659492075443268,
        0.025332622230052948,
        0.02405722253024578,
        0.024886665865778923,
        0.023231683298945427,
        0.018999319523572922,
        0.017923273146152496,
        0.01623784936964512,
        0.01777678355574608,
        0.016743188723921776,
        0.011005283333361149,
        0.02308262698352337,
        0.02327759377658367,
        0.0139313330873847,
        0.012487874366343021,
        0.01251440029591322,
        0.013535382226109505,
        0.013195116072893143,
        0.0123233487829566,
        0.01274966262280941,
        0.013969511725008488
    ],
    "train_accuracies": [
        0.4793040888096259,
        0.5235131736693344,
        0.5751567003203601,
        0.5865148994011607,
        0.5505028701410061,
        0.6159790938462668,
        0.6058553990309801,
        0.5862403032256336,
        0.6178410382774787,
        0.6107770563141117,
        0.590079144733708,
        0.6746279243531266,
        0.6725122250192533,
        0.6727059061934308,
        0.6918309064415412,
        0.7065583981149565,
        0.6639143780964177,
        0.7274936427915,
        0.7996069125043668,
        0.8034311775269547,
        0.746504217628541,
        0.9163698956249205,
        0.8476772618487598,
        0.7886383707930402,
        0.7823642792740488,
        0.8781705716761147,
        0.7729561503340558,
        0.7942332756228563,
        0.8332327865972752,
        0.8598269795983787,
        0.8282181034243203,
        0.8167922167274041,
        0.8563746320522898,
        0.8616474585804513,
        0.862163652249468,
        0.8429271729011846
    ],
    "val_accuracies": [
        0.4,
        0.4,
        0.5,
        0.6666666666666666,
        0.7,
        0.7,
        0.7666666666666667,
        0.8333333333333334,
        0.8333333333333334,
        0.8333333333333334,
        0.7666666666666667,
        0.7666666666666667,
        0.8,
        0.8333333333333334,
        0.8333333333333334,
        0.8666666666666667,
        0.8666666666666667,
        0.9,
        0.8333333333333334,
        0.8333333333333334,
        0.9333333333333333,
        0.9,
        0.9,
        0.8666666666666667,
        0.9,
        0.9333333333333333,
        0.8666666666666667,
        0.8666666666666667,
        0.9666666666666667,
        0.9666666666666667,
        0.9666666666666667,
        0.9333333333333333,
        0.9666666666666667,
        0.9666666666666667,
        0.9333333333333333,
        0.9
    ],
    "train_f1": [
        0.4616383319553534,
        0.5120016509525221,
        0.5565570873100035,
        0.5127437171028245,
        0.48610085541936,
        0.5654699391700272,
        0.5590449321337563,
        0.599392888823783,
        0.6146620215281374,
        0.5676721482099377,
        0.5579235685404983,
        0.6099109562524198,
        0.5286424054716738,
        0.6088224997082506,
        0.5201345155967958,
        0.617277434639597,
        0.633563501250678,
        0.7395958681072221,
        0.7236503248163101,
        0.7642276422764228,
        0.6260162601626016,
        0.559925312171782,
        0.788421642837118,
        0.7886178861788617,
        0.7465546847660669,
        0.7886737778007077,
        0.6663581267217631,
        0.6749257968770164,
        0.7310682290969008,
        0.7155600349391924,
        0.7317783268483118,
        0.6911795070331657,
        0.8861788617886179,
        0.8618434455418935,
        0.7876883006569937,
        0.6099109562524198
    ],
    "val_f1": [
        0.35,
        0.3196172248803828,
        0.4175824175824176,
        0.6515837104072398,
        0.6976640711902113,
        0.6976640711902113,
        0.769023569023569,
        0.8342857142857143,
        0.8342857142857143,
        0.8342857142857143,
        0.7647473560517039,
        0.7589743589743588,
        0.780952380952381,
        0.821566110397946,
        0.8319623971797886,
        0.8666666666666667,
        0.8666666666666667,
        0.8991774383078731,
        0.821566110397946,
        0.821566110397946,
        0.9320574162679426,
        0.8991774383078731,
        0.8991774383078731,
        0.8666666666666667,
        0.8991774383078731,
        0.9333333333333333,
        0.86,
        0.86,
        0.9663924794359579,
        0.9663924794359579,
        0.9663924794359579,
        0.9333333333333333,
        0.9663924794359579,
        0.9663924794359579,
        0.9320574162679426,
        0.8967032967032967
    ],
    "train_precision": [
        0.46603301781810086,
        0.5142524422591707,
        0.5596303122435526,
        0.5168936754302608,
        0.48600473927444593,
        0.567983071611538,
        0.5597922556044967,
        0.6010865065313707,
        0.6181467869473215,
        0.5681237971800008,
        0.559647165099102,
        0.6103881028233867,
        0.5291087865928896,
        0.6091822094691536,
        0.5200125078173858,
        0.6174051346057171,
        0.6337368037859482,
        0.7397466319160799,
        0.725254871596335,
        0.7667575272151027,
        0.6260162601626016,
        0.5600626059736532,
        0.7886438194525486,
        0.7886178861788617,
        0.7500638603352447,
        0.7903987611304684,
        0.670388091440723,
        0.6754115558077844,
        0.7383396374070692,
        0.7165241430309597,
        0.7319460575558137,
        0.6916674190538837,
        0.8861788617886179,
        0.8629236477452029,
        0.7905638463392721,
        0.6103881028233867
    ],