{
    "epochs": [
        1,
        2,
        3,
        4,
        5,
        6,
        7,
        8,
        9,
        10,
        11,
        12,
        13,
        14,
        15,
        16,
        17,
        18,
        19,
        20,
        21,
        22,
        23,
        24,
        25,
        26,
        27,
        28,
        29,
        30,
        31,
        32,
        33,
        34,
        35,
        36,
        37,
        38,
        39,
        40,
        41,
        42
    ],
    "train_losses": [
        0.04499189641143455,
        0.04352585189655179,
        0.04451777285239736,
        0.04443230278423575,
        0.04520651233977959,
        0.04271304698996856,
        0.04058795831486827,
        0.04067797836710195,
        0.04289161035271942,
        0.040676133371278886,
        0.04150222461731708,
        0.039737491517281925,
        0.04032339039640349,
        0.03978344614877075,
        0.03900854680381837,
        0.03812398511122485,
        0.033344710795361485,
        0.03352962391542607,
        0.034417318638230936,
        0.035493155300128656,
        0.033734043724224214,
        0.027970927049879166,
        0.03496245899405636,
        0.030781818584340516,
        0.03128530017909457,
        0.03248643352970725,
        0.02942474024584059,
        0.024937402212717494,
        0.025825725227105814,
        0.02931921855836618,
        0.02585291337282931,
        0.030225973148814967,
        0.022777329824987005,
        0.03490058100614391,
        0.033114089584741435,
        0.025465711706974467,
        0.024700157619157774,
        0.02252576805529047,
        0.022643310613319523,
        0.021833360195159912,
        0.02659289596877137,
        0.026620166254092435
    ],
    "val_losses": [
        0.042980942875146866,
        0.04248346760869026,
        0.0416843444108963,
        0.040900181978940964,
        0.04028710722923279,
        0.03983735293149948,
        0.03904064744710922,
        0.03825168311595917,
        0.0375945009291172,
        0.036697324365377426,
        0.035137325525283813,
        0.03322664275765419,
        0.030765390023589134,
        0.028124187141656876,
        0.025969451293349266,
        0.023948390036821365,
        0.02194276824593544,
        0.019339503720402718,
        0.016474347561597824,
        0.015678489580750465,
        0.014873102307319641,
        0.014096176251769066,
        0.012870161794126034,
        0.012312609702348709,
        0.011585291475057602,
        0.01369619369506836,
        0.01459651067852974,
        0.013908185996115208,
        0.01242897566407919,
        0.011473456397652626,
        0.012220572680234909,
        0.010343637317419052,
        0.01118889544159174,
        0.019126717001199722,
        0.024603793397545815,
        0.015682067722082138,
        0.011938227340579033,
        0.012809897772967815,
        0.013007158413529396,
        0.01269046775996685,
        0.012768964283168316,
        0.011603563092648983
    ],
    "train_accuracies": [
        0.5178500550692199,
        0.4864252278062164,
        0.5246249417789647,
        0.5391510275543713,
        0.5575171767688188,
        0.5709154957630596,
        0.6508866138145571,
        0.5940744525096455,
        0.5862466780865778,
        0.610472382092085,
        0.6018895477545066,
        0.5960936155475554,
        0.6065233105518779,
        0.606319646366307,
        0.653013041762055,
        0.6355664925497087,
        0.7351822462238249,
        0.7336943735841845,
        0.7229865496275855,
        0.7224978149914351,
        0.7349091045192031,
        0.8097712407346631,
        0.7459142559864482,
        0.7410682303006532,
        0.7933000658379227,
        0.7867706173756084,
        0.8057920111984503,
        0.8774575249093478,
        0.8033403334070425,
        0.8199035769603291,
        0.8295703012435163,
        0.819997459161477,
        0.8853243374433674,
        0.7793839407748864,
        0.7823472726540487,
        0.8327224606373271,
        0.8818261818807633,
        0.8549390073682441,
        0.8739758319542056,
        0.8605706730826956,
        0.8360261917114258,
        0.8410160971469567
    ],
    "val_accuracies": [
        0.5161290322580645,
        0.4838709677419355,
        0.4838709677419355,
        0.6129032258064516,
        0.7741935483870968,
        0.8709677419354839,
        0.9032258064516129,
        0.7741935483870968,
        0.7096774193548387,
        0.6774193548387096,
        0.8387096774193549,
        0.8387096774193549,
        0.8064516129032258,
        0.8387096774193549,
        0.9354838709677419,
        0.967741935483871,
        0.967741935483871,
        0.967741935483871,
        0.967741935483871,
        0.967741935483871,
        0.967741935483871,
        0.967741935483871,
        0.967741935483871,
        0.967741935483871,
        0.967741935483871,
        0.9354838709677419,
        0.9354838709677419,
        0.9354838709677419,
        0.967741935483871,
        0.967741935483871,
        0.9354838709677419,
        0.967741935483871,
        1.0,
        0.8709677419354839,
        0.7419354838709677,
        0.9354838709677419,
        1.0,
        0.9354838709677419,
        0.9354838709677419,
        0.9354838709677419,
        0.9354838709677419,
        0.967741935483871
    ],
    "train_f1": [
        0.42592078046370907,
        0.48239020563791446,
        0.4918032786885246,
        0.5081967213114754,
        0.5888390333521765,
        0.5461571518517161,
        0.5735411512016124,
        0.6059222799984122,
        0.5407366243709673,
        0.5809809544331913,
        0.5559461560203505,
        0.49153005464480876,
        0.5645488349991988,
        0.5394969137850932,
        0.5402426599981476,
        0.5571390798519302,
        0.6555526176626123,
        0.4915298341249994,
        0.6546247880158282,
        0.6460441910192446,
        0.49098294499794914,
        0.4915298341249994,
        0.6721311475409836,
        0.7377049180327869,
        0.6721311475409836,
        0.7781672309876776,
        0.819672131147541,
        0.6638666482986637,
        0.6311723244586462,
        0.7130568948891033,
        0.7130568948891033,
        0.7288710600960504,
        0.9015864621893178,
        0.8438954588431805,
        0.6229508196721312,
        0.6800051632890152,
        0.5645488349991988,
        0.49098184002261164,
        0.8029607122668174,
        0.6800051632890152,
        0.6387613058224986,
        0.7294536730762241
    ],
    "val_f1": [
        0.3514070006863418,
        0.33660589060308554,
        0.33660589060308554,
        0.5366568914956011,
        0.766870095902354,
        0.8701545134182704,
        0.9030235615330164,
        0.7694145758661888,
        0.6964952048823017,
        0.6576117713638936,
        0.8376984528263728,
        0.8376984528263728,
        0.8040119273515857,
        0.8376984528263728,
        0.9354838709677419,
        0.9676745205110057,
        0.9676745205110057,
        0.9676745205110057,
        0.9676745205110057,
        0.9676745205110057,
        0.9676745205110057,
        0.9676745205110057,
        0.9676745205110057,
        0.9676745205110057,
        0.9676745205110057,
        0.9354838709677419,
        0.9354838709677419,
        0.9354838709677419,
        0.9676745205110057,
        0.9676745205110057,
        0.9350772567091352,
        0.9676745205110057,
        1.0,
        0.8693412849010572,
        0.7260894170911149,
        0.9353494623655914,
        1.0,
        0.9350772567091352,
        0.9350772567091352,
        0.9350772567091352,
        0.9350772567091352,
        0.9676745205110057
    ],