{
    "epochs": [
        1,
        2,
        3,
        4,
        5,
        6,
        7,
        8,
        9,
        10,
        11,
        12,
        13,
        14,
        15,
        16,
        17,
        18,
        19,
        20,
        21,
        22,
        23,
        24,
        25,
        26,
        27,
        28,
        29,
        30,
        31,
        32,
        33,
        34,
        35,
        36,
        37,
        38,
        39,
        40,
        41,
        42,
        43
    ],
    "train_losses": [
        0.04325707607409533,
        0.04230556756355404,
        0.04441221881341311,
        0.04546183532749126,
        0.043102939534031486,
        0.04484968048100378,
        0.041254272550539255,
        0.04214069368987301,
        0.0425270668967487,
        0.04117452601591746,
        0.0444205525799904,
        0.04032272996466144,
        0.03931513075637662,
        0.03892532896761801,
        0.0370553554662692,
        0.03756476936289688,
        0.036612123835320566,
        0.0337010032308647,
        0.03548304872964722,
        0.02913794425480506,
        0.02562873195735068,
        0.02749000532321291,
        0.029322809935395235,
        0.03058146087611033,
        0.029045292559792015,
        0.024958125479957637,
        0.028172311099136576,
        0.02774117436576513,
        0.02458369843905268,
        0.02658066854757421,
        0.032005322232745055,
        0.026768382784782673,
        0.0189380649038974,
        0.01741934775867883,
        0.026140381332511217,
        0.023353318312491468,
        0.0292085019104621,
        0.021495589122078777,
        0.025415907163489487,
        0.026651524603853817,
        0.03582242240800577,
        0.03475459167137255,
        0.020153739532224494
    ],
    "val_losses": [
        0.0424166060028932,
        0.04204007715750963,
        0.04171237970391909,
        0.04125724551387322,
        0.040698142196887575,
        0.040118152323441625,
        0.039420019930753954,
        0.03871679783631594,
        0.037932988351736315,
        0.03620450542523311,
        0.034475292437351666,
        0.0332098425580905,
        0.031510537155927755,
        0.03000392377949678,
        0.02832033341893783,
        0.025589927935447447,
        0.022265329240606382,
        0.019403650019413386,
        0.01841584397241091,
        0.01754225957661103,
        0.017558155151513908,
        0.017303127890978105,
        0.015474784689453932,
        0.01519138060319118,
        0.017270037713341225,
        0.016595954791857645,
        0.03248326690533222,
        0.03576010503830054,
        0.018512327032975662,
        0.013604982768018276,
        0.015595745247526046,
        0.01338875308059729,
        0.011049734524045235,
        0.013652798457023425,
        0.012661808600219397,
        0.012067600201146726,
        0.011609727397370033,
        0.012288773145813208,
        0.014345540306889094,
        0.014271251809520599,
        0.014298585936045036,
        0.013995364785958558,
        0.012360784583366834
    ],
    "train_accuracies": [
        0.5313440397673962,
        0.5792278713650174,
        0.5360526103599399,
        0.4966421189650991,
        0.6110464108535667,
        0.5125938490325329,
        0.5869384154774784,
        0.5128451266319923,
        0.5659195270413667,
        0.6034262351740419,
        0.5537057328068353,
        0.5906992207944782,
        0.6313839457393472,
        0.6267269982231988,
        0.6924883025923586,
        0.6577456106547437,
        0.6398856094460083,
        0.7200351540559258,
        0.6846743440316394,
        0.8075328901702282,
        0.8657451579773349,
        0.8200765372880923,
        0.8504733914643331,
        0.8011918660082848,
        0.8075522503821678,
        0.8438243117986941,
        0.8277652216892616,
        0.8234503128949333,
        0.8191919763103809,
        0.8393700917561849,
        0.7864433737362132,
        0.8345067142661101,
        0.9015028835122102,
        0.9307276906530841,
        0.8456186406752643,
        0.8700976028941036,
        0.818561765882704,
        0.8835911470301011,
        0.8573701646592882,
        0.8655864241855596,
        0.8064568962147033,
        0.7779039869121477,
        0.8961123048869613
    ],
    "val_accuracies": [
        0.5384615384615384,
        0.5384615384615384,
        0.5641025641025641,
        0.6666666666666666,
        0.6666666666666666,
        0.8461538461538461,
        0.8461538461538461,
        0.8205128205128205,
        0.7948717948717948,
        0.8461538461538461,
        0.8461538461538461,
        0.8974358974358975,
        0.8717948717948718,
        0.8461538461538461,
        0.8461538461538461,
        0.8717948717948718,
        0.8974358974358975,
        0.8717948717948718,
        0.8717948717948718,
        0.8717948717948718,
        0.8974358974358975,
        0.8205128205128205,
        0.8974358974358975,
        0.8717948717948718,
        0.8461538461538461,
        0.8717948717948718,
        0.717948717948718,
        0.6666666666666666,
        0.8974358974358975,
        0.9230769230769231,
        0.8974358974358975,
        0.8974358974358975,
        0.9230769230769231,
        0.8717948717948718,
        0.8717948717948718,
        0.8974358974358975,
        0.9230769230769231,
        0.8717948717948718,
        0.8974358974358975,
        0.8974358974358975,
        0.8974358974358975,
        0.8974358974358975,
        0.9230769230769231
    ],
    "train_f1": [
        0.5137254901960784,
        0.5476287066550758,
        0.4999336280697017,
        0.535828750071559,
        0.5271889587164307,
        0.5095524637418769,
        0.5750544895021314,
        0.5422490363666834,
        0.5032679738562091,
        0.5854742670762696,
        0.5065169846146066,
        0.5423663482487012,
        0.5751633986928104,
        0.5162985449363158,
        0.5620540831870738,
        0.6012049824558464,
        0.5937998030262334,
        0.5947712418300654,
        0.587495375508694,
        0.7370802208436334,
        0.5555555555555556,
        0.6796564613169913,
        0.810441319588435,
        0.6398769151266376,
        0.7053538396490672,
        0.7711831866549939,
        0.6274191453979583,
        0.7254198089492208,
        0.705731478245126,
        0.5940426627271913,
        0.7637981118373276,
        0.6927842076088429,
        0.5743999906042081,
        0.6730350259762025,
        0.7515703033350093,
        0.5157193679159428,
        0.6470286679265007,
        0.6925478237861782,
        0.6404307218864189,
        0.7842030840464258,
        0.5479377958079784,
        0.6730350259762025,
        0.6535651702823122
    ],