{
    "epochs": [
        1,
        2,
        3,
        4,
        5,
        6,
        7,
        8,
        9,
        10,
        11,
        12,
        13,
        14,
        15
    ],
    "train_losses": [
        0.6073522632028542,
        0.3028372892367294,
        0.14745078567001554,
        0.1980945875052533,
        0.13985771914712744,
        0.09390106621910543,
        0.2125193233193915,
        0.04999811333768508,
        0.10504277274499532,
        0.05356324649129818,
        0.11117048049041259,
        0.06326067871322819,
        0.06417412612757652,
        0.042757632685642616,
        0.10467849369617362
    ],
    "val_losses": [
        0.3485278945702773,
        0.05516249065597852,
        0.20631665691064718,
        0.11697439868480732,
        0.07890516013289109,
        0.0870766325477654,
        0.016432847803792894,
        0.04380403404147961,
        0.008501380311850553,
        0.03152824193239212,
        0.01660681487276004,
        0.02592497827628484,
        0.01935347248441898,
        0.010778898432946358,
        0.004119934863784016
    ],
    "train_accuracies": [
        0.6862745098039216,
        0.8562091503267973,
        0.9215686274509803,
        0.9215686274509803,
        0.954248366013072,
        0.9738562091503268,
        0.934640522875817,
        0.9803921568627451,
        0.954248366013072,
        0.9803921568627451,
        0.9803921568627451,
        0.9803921568627451,
        0.9738562091503268,
        0.9803921568627451,
        0.9607843137254902
    ],
    "val_accuracies": [
        0.9230769230769231,
        1.0,
        0.9487179487179487,
        0.9487179487179487,
        0.9743589743589743,
        0.9487179487179487,
        1.0,
        1.0,
        1.0,
        1.0,
        1.0,
        0.9743589743589743,
        1.0,
        1.0,
        1.0
    ],
    "train_f1": [
        0.6799639395988281,
        0.8559506222580356,
        0.9214276121407469,
        0.9215686274509803,
        0.954248366013072,
        0.9738562091503268,
        0.9346237640355288,
        0.9803904813367345,
        0.954248366013072,
        0.9803904813367345,
        0.9803904813367345,
        0.9803921568627451,
        0.9738338487407736,
        0.9803921568627451,
        0.9607809631029445
    ],
    "val_f1": [
        0.9224635829286992,
        1.0,
        0.9487179487179487,
        0.9487179487179487,
        0.9743589743589743,
        0.9486504723346828,
        1.0,
        1.0,
        1.0,
        1.0,
        1.0,
        0.9743589743589743,
        1.0,
        1.0,
        1.0
    ],
    "train_precision": [
        0.7036414565826331,
        0.8583420516801098,
        0.9241402585130438,
        0.9215686274509803,
        0.9543298978283499,
        0.9738562091503268,
        0.9349267361180986,
        0.9804725992961286,
        0.9543298978283499,
        0.9804725992961286,
        0.9804725992961286,
        0.9804759224263867,
        0.9751472605503105,
        0.9804759224263867,
        0.9611060834590247
    ],
    "val_precision": [
        0.9331103678929765,
        1.0,
        0.9487179487179487,
        0.9487179487179487,
        0.9756410256410256,
        0.9536019536019535,
        1.0,
        1.0,
        1.0,
        1.0,
        1.0,
        0.9756410256410256,
        1.0,
        1.0,
        1.0
    ],
    "train_recall": [
        0.6862745098039216,
        0.8562091503267973,
        0.9215686274509803,
        0.9215686274509803,
        0.954248366013072,
        0.9738562091503268,
        0.934640522875817,
        0.9803921568627451,
        0.954248366013072,
        0.9803921568627451,
        0.9803921568627451,
        0.9803921568627451,
        0.9738562091503268,
        0.9803921568627451,
        0.9607843137254902
    ],
    "val_recall": [
        0.9230769230769231,
        1.0,
        0.9487179487179487,
        0.9487179487179487,
        0.9743589743589743,
        0.9487179487179487,
        1.0,
        1.0,
        1.0,
        1.0,
        1.0,
        0.9743589743589743,
        1.0,
        1.0,
        1.0
    ],
    "train_bal_acc": [
        0.687200956937799,
        0.8559466848940533,
        0.921308954203691,
        0.9215652768284347,
        0.9542891319207109,
        0.9738550922761449,
        0.9345522898154477,
        0.9803485987696514,
        0.9542891319207109,
        0.9803485987696514,
        0.9803485987696514,
        0.9804340396445659,
        0.9736842105263157,
        0.9804340396445659,
        0.960868079289132
    ],
    "val_bal_acc": [
        0.9210526315789473,
        1.0,
        0.9486842105263158,
        0.9486842105263158,
        0.975,
        0.95,
        1.0,
        1.0,
        1.0,
        1.0,
        1.0,
        0.975,
        1.0,
        1.0,
        1.0
    ],
    "train_auc": [],
    "val_auc": []
}