{
    "epochs": [
        1,
        2,
        3,
        4,
        5,
        6,
        7,
        8,
        9,
        10,
        11,
        12,
        13,
        14,
        15,
        16,
        17,
        18,
        19,
        20,
        21,
        22,
        23,
        24,
        25,
        26,
        27,
        28,
        29,
        30,
        31,
        32,
        33,
        34,
        35
    ],
    "train_losses": [
        0.6478352305156733,
        0.49257325833919,
        0.23771687601906022,
        0.16770769003169989,
        0.15017430250551186,
        0.07533842278948796,
        0.10425698211769653,
        0.04872836425803066,
        0.12206453416082594,
        0.07112432578030754,
        0.1291686915883831,
        0.1324899966031118,
        0.07590689373756546,
        0.04182422657807668,
        0.09875956872855526,
        0.04920403587516227,
        0.11843165726053949,
        0.1310578897790192,
        0.11994378414808535,
        0.045255535032624514,
        0.08157072369666661,
        0.07721483795081868,
        0.06515539169701096,
        0.07020837716222589,
        0.07977192035687515,
        0.11972855624371494,
        0.04786927131266376,
        0.10699074490154101,
        0.06284255198403901,
        0.05543960938899735,
        0.06115372268349127,
        0.046425750466927984,
        0.054790409111411746,
        0.03025660766106026,
        0.06792255142533214
    ],
    "val_losses": [
        0.5852386538798993,
        0.4114298331431853,
        0.2922315001487732,
        0.2263736136448689,
        0.20015332102775574,
        0.2566082905500363,
        0.3528198985717235,
        0.3483808445624816,
        0.5695242209312243,
        0.4364183728511517,
        0.2985227704048157,
        0.19880748253602248,
        0.226381595318134,
        0.33861017074340427,
        0.37208309998879063,
        0.3028163650096991,
        0.24203137327463198,
        0.1717008841343415,
        0.23898550753410047,
        0.1800466307844871,
        0.1214420151634094,
        0.09968019009400637,
        0.12681252719500127,
        0.11704208357976033,
        0.08541016906308822,
        0.09280629284106769,
        0.1309354959581143,
        0.10930582049947518,
        0.12110569547766294,
        0.16641295032623488,
        0.14510420308663294,
        0.1368001313545765,
        0.11499167405641995,
        0.1043377948495058,
        0.11211060312313911
    ],
    "train_accuracies": [
        0.5882352941176471,
        0.7124183006535948,
        0.9215686274509803,
        0.9411764705882353,
        0.934640522875817,
        0.9738562091503268,
        0.9673202614379085,
        0.9803921568627451,
        0.9281045751633987,
        0.9673202614379085,
        0.9607843137254902,
        0.9607843137254902,
        0.954248366013072,
        0.9869281045751634,
        0.9673202614379085,
        0.9869281045751634,
        0.954248366013072,
        0.9607843137254902,
        0.954248366013072,
        0.9673202614379085,
        0.9607843137254902,
        0.9607843137254902,
        0.9607843137254902,
        0.9738562091503268,
        0.9673202614379085,
        0.9803921568627451,
        0.9738562091503268,
        0.9673202614379085,
        0.9803921568627451,
        0.9738562091503268,
        0.9673202614379085,
        0.9803921568627451,
        0.9673202614379085,
        0.9934640522875817,
        0.9607843137254902
    ],
    "val_accuracies": [
        0.6923076923076923,
        0.7948717948717948,
        0.8717948717948718,
        0.9230769230769231,
        0.9230769230769231,
        0.8974358974358975,
        0.8717948717948718,
        0.8717948717948718,
        0.8205128205128205,
        0.8205128205128205,
        0.8717948717948718,
        0.9230769230769231,
        0.9230769230769231,
        0.8717948717948718,
        0.8461538461538461,
        0.8717948717948718,
        0.8974358974358975,
        0.8974358974358975,
        0.8974358974358975,
        0.8974358974358975,
        0.9230769230769231,
        0.9487179487179487,
        0.9487179487179487,
        0.9230769230769231,
        0.9487179487179487,
        0.9743589743589743,
        0.9487179487179487,
        0.9487179487179487,
        0.9487179487179487,
        0.9230769230769231,
        0.9230769230769231,
        0.9230769230769231,
        0.9487179487179487,
        0.9487179487179487,
        0.9487179487179487
    ],
    "train_f1": [
        0.5723200915712147,
        0.7094412644284768,
        0.9215686274509803,
        0.9411462956490252,
        0.9346070051952406,
        0.9738495056142115,
        0.9673034975827919,
        0.9803904813367345,
        0.9281045751633987,
        0.9673118838078563,
        0.9607809631029445,
        0.9607843137254902,
        0.954209250351133,
        0.9869247528071057,
        0.9673174688945577,
        0.9869247528071057,
        0.9541896423139486,
        0.9607642031171443,
        0.9542444564523808,
        0.9673034975827919,
        0.9607742584213171,
        0.9607843137254902,
        0.9607642031171443,
        0.9738495056142115,
        0.9673174688945577,
        0.9803921568627451,
        0.9738562091503268,
        0.9673202614379085,
        0.9803921568627451,
        0.9738495056142115,
        0.9673174688945577,
        0.9803904813367345,
        0.9673174688945577,
        0.9934640522875817,
        0.9607809631029445
    ],
    "val_f1": [
        0.6769230769230768,
        0.7907582613464966,
        0.8700911491609167,
        0.9227726788702398,
        0.9227726788702398,
        0.8966218966218966,
        0.8700911491609167,
        0.8700911491609167,
        0.8154364154364154,
        0.8154364154364154,
        0.8700911491609167,
        0.9227726788702398,
        0.9230769230769231,
        0.8700911491609167,
        0.8430686960098723,
        0.8700911491609167,
        0.8966218966218966,
        0.8966218966218966,
        0.8966218966218966,
        0.8966218966218966,
        0.9227726788702398,
        0.9486504723346828,
        0.9486504723346828,
        0.9227726788702398,
        0.9486504723346828,
        0.9743589743589743,
        0.9486504723346828,
        0.9486504723346828,
        0.9486504723346828,
        0.9227726788702398,
        0.9227726788702398,
        0.9227726788702398,
        0.9486504723346828,
        0.9486504723346828,
        0.9486504723346828
    ],
    "train_precision": [
        0.6019316598578411,
        0.7225180402405676,
        0.9215686274509803,
        0.9418412570507655,
        0.935853702211478,
        0.9741759630069384,
        0.96803205300385,
        0.9804725992961286,
        0.9281838732303129,
        0.9680480927688672,
        0.9611060834590247,
        0.9607843137254902,
        0.9562152021302348,
        0.9872590386365516,
        0.9673973521032346,
        0.9872590386365516,
        0.9561792883877472,
        0.9620601665323664,
        0.95432210491034,
        0.96803205300385,
        0.9610928873773252,
        0.9607843137254902,
        0.9620601665323664,
        0.9741759630069384,
        0.9673973521032346,
        0.9804759224263867,
        0.9738562091503268,
        0.9674029101273683,
        0.9804759224263867,
        0.9741759630069384,
        0.9673973521032346,
        0.9804725992961286,
        0.9673973521032346,
        0.9935489347254054,
        0.9611060834590247
    ],