{
    "epochs": [
        1,
        2,
        3,
        4,
        5,
        6,
        7,
        8,
        9,
        10,
        11,
        12,
        13,
        14,
        15,
        16,
        17,
        18,
        19,
        20,
        21,
        22,
        23,
        24
    ],
    "train_losses": [
        0.044134129388410534,
        0.04246918252501331,
        0.03798646143958217,
        0.029653480032184085,
        0.018234166637307307,
        0.034766036589614684,
        0.013453763848567595,
        0.03343702887841424,
        0.025466172360494487,
        0.017893461846425884,
        0.03067616495441218,
        0.026311096414679387,
        0.021025279048280637,
        0.009313519486821577,
        0.01733607704155758,
        0.027638320215657108,
        0.029212264252490686,
        0.017274106608428916,
        0.02459141648695117,
        0.01860165898306448,
        0.017285163560118832,
        0.016141681000590324,
        0.018713772006821436,
        0.016204899757123383
    ],
    "val_losses": [
        0.042514510452747345,
        0.04007207602262497,
        0.03463615104556084,
        0.019360914826393127,
        0.057228196412324905,
        0.055992841720581055,
        0.06454500555992126,
        0.010168749839067459,
        0.013927869498729706,
        0.019506772980093956,
        0.01778123714029789,
        0.012092814780771732,
        0.00782856997102499,
        0.002091362839564681,
        0.002523193135857582,
        0.0055754827335476875,
        0.009237125515937805,
        0.011721336282789707,
        0.008188444189727306,
        0.00382122746668756,
        0.0027524481993168592,
        0.002312720287591219,
        0.002723872661590576,
        0.0035128346644341946
    ],
    "train_accuracies": [
        0.4918032786885246,
        0.5381662181166352,
        0.7602677423445905,
        0.7950383170706327,
        0.9101232153470399,
        0.889964650888912,
        0.9325110326047803,
        0.8427387300084849,
        0.8395642139872567,
        0.9334400520950067,
        0.8220528461894051,
        0.8363974055305856,
        0.8961747904292873,
        0.9589262634027199,
        0.9250795020431769,
        0.9148671666129691,
        0.8403653473150535,
        0.9469501620433369,
        0.8656018835599305,
        0.9352072262373127,
        0.9322257432781282,
        0.9532106899824299,
        0.8914354511948882,
        0.9404382393008373
    ],
    "val_accuracies": [
        0.5161290322580645,
        0.8387096774193549,
        0.6129032258064516,
        0.9032258064516129,
        0.8387096774193549,
        0.8064516129032258,
        0.7741935483870968,
        0.9354838709677419,
        0.9354838709677419,
        0.8709677419354839,
        0.8709677419354839,
        1.0,
        1.0,
        1.0,
        0.967741935483871,
        1.0,
        1.0,
        0.967741935483871,
        0.967741935483871,
        1.0,
        1.0,
        1.0,
        1.0,
        1.0
    ],
    "train_f1": [
        0.32426589803638983,
        0.5203199073571455,
        0.7402782223869617,
        0.6606685494337773,
        0.589501483889203,
        0.7786438903430225,
        0.5066038361983142,
        0.7211616428697338,
        0.6063456780322577,
        0.8770243835239013,
        0.7703683121854836,
        0.8031729243786356,
        0.6557377049180327,
        0.9590191471620718,
        0.5164259365124474,
        0.5901639344262295,
        0.6638666847310662,
        0.7130569259899345,
        0.7537008903335217,
        0.5737704918032787,
        0.47540983606557374,
        0.753966048770161,
        0.7130569259899345,
        0.8688524590163934
    ],
    "val_f1": [
        0.3514070006863418,
        0.8383726025550274,
        0.552073732718894,
        0.9019969278033794,
        0.8334786399302528,
        0.7975382003395586,
        0.7600963786097026,
        0.9350772567091352,
        0.9353494623655914,
        0.8693412849010572,
        0.8693412849010572,
        1.0,
        1.0,
        1.0,
        0.9676745205110057,
        1.0,
        1.0,
        0.967741935483871,
        0.967741935483871,
        1.0,
        1.0,
        1.0,
        1.0,
        1.0
    ],
    "train_precision": [
        0.24187046492878259,
        0.5708881282651774,
        0.7734548806323805,
        0.668446403937726,
        0.5901107089631681,
        0.7787039609768146,
        0.507473481195757,
        0.7225657150932729,
        0.606460217637083,
        0.8771175414687501,
        0.7706596240814019,
        0.8047979084228377,
        0.6560902520712144,
        0.9591507659231389,
        0.5165278151034669,
        0.5901639344262295,
        0.6646026012516705,
        0.7138623162518689,
        0.7549322262437017,
        0.5737704918032787,
        0.47540983606557374,
        0.7542396834369701,
        0.7138623162518689,
        0.8688524590163934
    ],
    "val_precision": [
        0.26638917793964617,
        0.8397939821089726,
        0.7849462365591399,
        0.9185059422750425,
        0.8771121351766513,
        0.8592375366568915,
        0.8429172510518934,
        0.942652329749104,
        0.9430740037950663,
        0.8981324278438031,
        0.8981324278438031,
        1.0,
        1.0,
        1.0,
        0.969639468690702,
        1.0,
        1.0,
        0.969758064516129,
        0.969758064516129,
        1.0,
        1.0,
        1.0,
        1.0,
        1.0
    ],
    "train_recall": [
        0.4918032786885246,
        0.5491803278688525,
        0.7459016393442623,
        0.6639344262295082,
        0.5901639344262295,
        0.7786885245901639,
        0.5081967213114754,
        0.7213114754098361,
        0.6065573770491803,
        0.8770491803278688,
        0.7704918032786885,
        0.8032786885245902,
        0.6557377049180327,
        0.9590163934426229,
        0.5163934426229508,
        0.5901639344262295,
        0.6639344262295082,
        0.7131147540983607,
        0.7540983606557377,
        0.5737704918032787,
        0.47540983606557374,
        0.7540983606557377,
        0.7131147540983607,
        0.8688524590163934
    ],
    "val_recall": [
        0.5161290322580645,
        0.8387096774193549,
        0.6129032258064516,
        0.9032258064516129,
        0.8387096774193549,
        0.8064516129032258,
        0.7741935483870968,
        0.9354838709677419,
        0.9354838709677419,
        0.8709677419354839,
        0.8709677419354839,
        1.0,
        1.0,
        1.0,
        0.967741935483871,
        1.0,
        1.0,
        0.967741935483871,
        0.967741935483871,
        1.0,
        1.0,
        1.0,
        1.0,
        1.0
    ],
    "train_bal_acc": [
        0.5,
        0.5532258064516129,
        0.7483870967741936,
        0.6623655913978495,
        0.5895161290322581,
        0.778494623655914,
        0.5072580645161291,
        0.7217741935483871,
        0.6061827956989247,
        0.8768817204301076,
        0.7701612903225806,
        0.803763440860215,
        0.6559139784946236,
        0.9591397849462366,
        0.5163978494623656,
        0.5900537634408602,
        0.664247311827957,
        0.7134408602150537,
        0.7534946236559139,
        0.5736559139784947,
        0.4752688172043011,
        0.753763440860215,
        0.7134408602150537,
        0.8688172043010753
    ],
    "val_bal_acc": [
        0.5,
        0.8375,
        0.625,
        0.9,
        0.8333333333333333,
        0.8,
        0.7666666666666666,
        0.9333333333333333,
        0.9375,
        0.875,
        0.875,
        1.0,
        1.0,
        1.0,
        0.9666666666666667,
        1.0,
        1.0,
        0.96875,
        0.96875,
        1.0,
        1.0,
        1.0,
        1.0,
        1.0
    ],