{
    "epochs": [
        1,
        2,
        3,
        4,
        5,
        6,
        7,
        8,
        9,
        10,
        11,
        12,
        13,
        14,
        15,
        16,
        17,
        18,
        19,
        20,
        21,
        22,
        23,
        24,
        25,
        26,
        27,
        28
    ],
    "train_losses": [
        0.04395894836482963,
        0.04015844581815285,
        0.03599682535097851,
        0.03278953642622242,
        0.029101396600405376,
        0.019578501604860875,
        0.01837631573946011,
        0.028502222150564194,
        0.02603509767753322,
        0.02068689379205064,
        0.011892029258414982,
        0.02399683162206557,
        0.029944666578033106,
        0.021030347037121533,
        0.029181392575667157,
        0.0259506796312526,
        0.016169178246603747,
        0.01796075568451145,
        0.01418176252107189,
        0.01991872208541244,
        0.023508548176264375,
        0.01877802405960676,
        0.010222169267755698,
        0.013979809267855272,
        0.01811771808055843,
        0.028691476044373783,
        0.017554088215517804,
        0.01689064439113547
    ],
    "val_losses": [
        0.04254560545086861,
        0.031081397086381912,
        0.02657964453101158,
        0.0215716902166605,
        0.023321721702814102,
        0.014156500808894634,
        0.011062086559832096,
        0.0122249536216259,
        0.017722323536872864,
        0.016901211813092232,
        0.015520039014518261,
        0.0062318523414433,
        0.00940951332449913,
        0.021139396354556084,
        0.019892407581210136,
        0.013229765929281712,
        0.0059292130172252655,
        0.0012114883866161108,
        0.0029731837566941977,
        0.0050567504949867725,
        0.004821676295250654,
        0.004063052125275135,
        0.0028148945420980453,
        0.001908144331537187,
        0.0016694318037480116,
        0.003647057805210352,
        0.008033208549022675,
        0.010160506702959538
    ],
    "train_accuracies": [
        0.5203252032520326,
        0.659283335615949,
        0.8035570315229215,
        0.8157914324504573,
        0.8037079446684054,
        0.9207134401895166,
        0.9184570622637989,
        0.8740801462313024,
        0.8658361047264037,
        0.9247034429534664,
        0.9718340896978611,
        0.9189118951316771,
        0.8650088891750429,
        0.895004939257614,
        0.8396622882625921,
        0.8576059884172145,
        0.9531003750436674,
        0.9326439058877588,
        0.9239302999605008,
        0.9219444554026534,
        0.8913434191447932,
        0.912168735411109,
        0.9641167400329094,
        0.9288873905088844,
        0.9016295952525565,
        0.8645308734924813,
        0.9217757558434959,
        0.9306990460651677
    ],
    "val_accuracies": [
        0.5666666666666667,
        0.9666666666666667,
        0.9333333333333333,
        0.9,
        0.8333333333333334,
        0.9,
        0.9666666666666667,
        0.9,
        0.9,
        0.9,
        0.9,
        0.9666666666666667,
        1.0,
        0.9333333333333333,
        0.9666666666666667,
        0.9666666666666667,
        0.9666666666666667,
        1.0,
        0.9666666666666667,
        1.0,
        1.0,
        0.9666666666666667,
        1.0,
        1.0,
        1.0,
        1.0,
        1.0,
        1.0
    ],
    "train_f1": [
        0.3701106944609544,
        0.6414206247325631,
        0.771996386630533,
        0.6414206247325631,
        0.7362610391602569,
        0.6981862166748622,
        0.7073944615702107,
        0.6502675283163087,
        0.8044112498541254,
        0.633563501250678,
        0.6342431729749707,
        0.9105691056910569,
        0.7804878048780488,
        0.7964241673614878,
        0.8530149773779188,
        0.756000825476261,
        0.8862240289069557,
        0.6987077676950019,
        0.6993063226500033,
        0.7153340346760652,
        0.7558711263505209,
        0.7072009905715134,
        0.8780810576583236,
        0.8861788617886179,
        0.8130823086743264,
        0.7399061880624095,
        0.6992666088905314,
        0.6911385983241112
    ],
    "val_f1": [
        0.5203290246768508,
        0.9668571428571427,
        0.9339366515837104,
        0.901010101010101,
        0.8342602892102337,
        0.9005714285714286,
        0.9668571428571427,
        0.8991774383078731,
        0.8967032967032967,
        0.8967032967032967,
        0.8967032967032967,
        0.9663924794359579,
        1.0,
        0.9333333333333333,
        0.9663924794359579,
        0.9663924794359579,
        0.9663924794359579,
        1.0,
        0.9668571428571427,
        1.0,
        1.0,
        0.9663924794359579,
        1.0,
        1.0,
        1.0,
        1.0,
        1.0,
        1.0
    ],
    "train_precision": [
        0.5107505207283478,
        0.641928611799487,
        0.7782169292908281,
        0.641928611799487,
        0.7473210790338586,
        0.6995142898288886,
        0.7089688992128016,
        0.6502145737637748,
        0.8056606234511543,
        0.6337368037859482,
        0.6344237966189186,
        0.9135834366818245,
        0.7830715171558496,
        0.7970534955882608,
        0.8564985865492079,
        0.7595134890340947,
        0.8867377780070768,
        0.6990634805068734,
        0.7002575313960437,
        0.7153156067369691,
        0.7560456944282361,
        0.7104612796791098,
        0.8782294489611562,
        0.8861788617886179,
        0.8141238128404552,
        0.7415408439798684,
        0.6994386372435153,
        0.6926829268292682
    ],
    "val_precision": [
        0.7919999999999999,
        0.9692307692307692,
        0.9428571428571428,
        0.92,
        0.8823529411764706,
        0.9031674208144796,
        0.9692307692307692,
        0.9004784688995215,
        0.9142857142857143,
        0.9142857142857143,
        0.9142857142857143,
        0.9684210526315788,
        1.0,
        0.9333333333333333,
        0.9684210526315788,
        0.9684210526315788,
        0.9684210526315788,
        1.0,
        0.9692307692307692,
        1.0,
        1.0,
        0.9684210526315788,
        1.0,
        1.0,
        1.0,
        1.0,
        1.0,
        1.0
    ],
    "train_recall": [
        0.5203252032520326,
        0.6422764227642277,
        0.7723577235772358,
        0.6422764227642277,
        0.7398373983739838,
        0.6991869918699187,
        0.7073170731707317,
        0.6504065040650406,
        0.8048780487804879,
        0.6341463414634146,
        0.6341463414634146,
        0.9105691056910569,
        0.7804878048780488,
        0.7967479674796748,
        0.8536585365853658,
        0.7560975609756098,
        0.8861788617886179,
        0.6991869918699187,
        0.6991869918699187,
        0.7154471544715447,
        0.7560975609756098,
        0.7073170731707317,
        0.8780487804878049,
        0.8861788617886179,
        0.8130081300813008,
        0.7398373983739838,
        0.6991869918699187,
        0.6910569105691057
    ],
    "val_recall": [
        0.5666666666666667,
        0.9666666666666667,
        0.9333333333333333,
        0.9,
        0.8333333333333334,
        0.9,
        0.9666666666666667,
        0.9,
        0.9,
        0.9,
        0.9,
        0.9666666666666667,
        1.0,
        0.9333333333333333,
        0.9666666666666667,
        0.9666666666666667,
        0.9666666666666667,
        1.0,
        0.9666666666666667,
        1.0,
        1.0,
        0.9666666666666667,
        1.0,
        1.0,
        1.0,
        1.0,
        1.0,
        1.0
    ],