{
    "epochs": [
        1,
        2,
        3,
        4,
        5,
        6,
        7,
        8,
        9,
        10,
        11,
        12,
        13,
        14,
        15,
        16,
        17,
        18,
        19,
        20
    ],
    "train_losses": [
        0.04442076363820371,
        0.04090131834391656,
        0.03606216012825811,
        0.028908767464866,
        0.03571443859396911,
        0.01778909846443713,
        0.025969533052870898,
        0.020878859894062445,
        0.016893164565165836,
        0.009456714054917902,
        0.032903537457066825,
        0.013331441837173651,
        0.035288875483400456,
        0.017352835797682042,
        0.020335804095597772,
        0.008905177012207062,
        0.026314176747772266,
        0.00998068906790842,
        0.012464487652589635,
        0.01950532914237763
    ],
    "val_losses": [
        0.04370623081922531,
        0.04043726250529289,
        0.026443323120474815,
        0.009317832067608833,
        0.009060024283826351,
        0.019819892942905426,
        0.00862512644380331,
        0.005968686658889055,
        0.0031043943017721176,
        0.0022803829051554203,
        0.012136043980717659,
        0.008191226050257683,
        0.02725890651345253,
        0.01663721539080143,
        0.007461337838321924,
        0.00420348672196269,
        0.004089370369911194,
        0.003952988889068365,
        0.0033839684911072254,
        0.0041928463615477085
    ],
    "train_accuracies": [
        0.4876868860508368,
        0.6122320764433078,
        0.7290967615639291,
        0.8257551115702807,
        0.8721384653230992,
        0.9182884247322393,
        0.8715861095645563,
        0.9185161745645166,
        0.9459485620017943,
        0.9592599170963939,
        0.8846190227725641,
        0.9544855133304752,
        0.7792831203801845,
        0.9228293876337811,
        0.9187294719665031,
        0.9606188797369236,
        0.891916476614107,
        0.9757925979490203,
        0.9412566859547685,
        0.907548826884448
    ],
    "val_accuracies": [
        0.43333333333333335,
        0.6666666666666666,
        0.8666666666666667,
        0.9666666666666667,
        0.9333333333333333,
        0.9333333333333333,
        0.9666666666666667,
        1.0,
        1.0,
        1.0,
        0.9,
        1.0,
        0.8,
        0.8666666666666667,
        0.9666666666666667,
        0.9666666666666667,
        0.9666666666666667,
        1.0,
        1.0,
        1.0
    ],
    "train_f1": [
        0.3965514910513742,
        0.5376574644867328,
        0.5935119423161099,
        0.6177342751364306,
        0.7074332171893146,
        0.8127102339725688,
        0.6903178122690318,
        0.7643211718067594,
        0.7399406375016131,
        0.7233206098639235,
        0.6667548909327511,
        0.967479674796748,
        0.78481048894996,
        0.8442250725326512,
        0.6992666088905314,
        0.7398373983739838,
        0.6340009017263697,
        0.6419443186474304,
        0.9592848334722976,
        0.796667167625761
    ],
    "val_f1": [
        0.262015503875969,
        0.6435185185185186,
        0.8615629984051038,
        0.9664761904761904,
        0.9333333333333333,
        0.9336309523809523,
        0.9664761904761904,
        1.0,
        1.0,
        1.0,
        0.8975323149236194,
        1.0,
        0.7973214285714286,
        0.8666666666666667,
        0.9667789001122334,
        0.9667789001122334,
        0.9667789001122334,
        1.0,
        1.0,
        1.0
    ],
    "train_precision": [
        0.43386184189495897,
        0.6486290773838912,
        0.6039064619645045,
        0.6176640572771775,
        0.7079232822999832,
        0.813385164768492,
        0.6910482152949872,
        0.7653239779357075,
        0.740435008792182,
        0.7234475694039237,
        0.666931216931217,
        0.967479674796748,
        0.8026266416510318,
        0.8522441251809778,
        0.6994386372435153,
        0.7398373983739838,
        0.6339393155204761,
        0.6419522568431426,
        0.9603701873905732,
        0.7966918979534623
    ],
    "val_precision": [
        0.1877777777777778,
        0.8115942028985508,
        0.8920634920634921,
        0.9685185185185184,
        0.9333333333333333,
        0.9422222222222222,
        0.9685185185185184,
        1.0,
        1.0,
        1.0,
        0.9149999999999999,
        1.0,
        0.8631578947368421,
        0.8980392156862745,
        0.9690476190476189,
        0.9690476190476189,
        0.9690476190476189,
        1.0,
        1.0,
        1.0
    ],
    "train_recall": [
        0.4878048780487805,
        0.5934959349593496,
        0.6016260162601627,
        0.6178861788617886,
        0.7073170731707317,
        0.8130081300813008,
        0.6910569105691057,
        0.7642276422764228,
        0.7398373983739838,
        0.7235772357723578,
        0.6666666666666666,
        0.967479674796748,
        0.7886178861788617,
        0.8455284552845529,
        0.6991869918699187,
        0.7398373983739838,
        0.6341463414634146,
        0.6422764227642277,
        0.959349593495935,
        0.7967479674796748
    ],
    "val_recall": [
        0.43333333333333335,
        0.6666666666666666,
        0.8666666666666667,
        0.9666666666666667,
        0.9333333333333333,
        0.9333333333333333,
        0.9666666666666667,
        1.0,
        1.0,
        1.0,
        0.9,
        1.0,
        0.8,
        0.8666666666666667,
        0.9666666666666667,
        0.9666666666666667,
        0.9666666666666667,
        1.0,
        1.0,
        1.0
    ],
    "train_bal_acc": [
        0.4720603813559322,
        0.5795815677966102,
        0.596001059322034,
        0.6169226694915254,
        0.7074947033898304,
        0.8117055084745763,
        0.6892213983050848,
        0.7648305084745763,
        0.7400688559322034,
        0.722457627118644,
        0.6664459745762712,
        0.9674258474576272,
        0.7836334745762712,
        0.8422934322033898,
        0.699020127118644,
        0.7394067796610169,
        0.6332097457627119,
        0.6410222457627119,
        0.9582891949152542,
        0.7960805084745763
    ],
    "val_bal_acc": [
        0.5,
        0.7058823529411764,
        0.8461538461538461,
        0.9615384615384616,
        0.9321266968325792,
        0.9411764705882353,
        0.9615384615384616,
        1.0,
        1.0,
        1.0,
        0.8846153846153846,
        1.0,
        0.8235294117647058,
        0.8823529411764706,
        0.9705882352941176,
        0.9705882352941176,
        0.9705882352941176,
        1.0,
        1.0,
        1.0
    ],
    "train_auc": [
        0.4720603813559322,
        0.5795815677966102,
        0.5960010593220338,
        0.6169226694915254,
        0.7074947033898304,
        0.8117055084745762,
        0.6892213983050848,
        0.7648305084745763,
        0.7400688559322034,
        0.722457627118644,
        0.6664459745762712,
        0.9674258474576272,
        0.7836334745762712,
        0.8422934322033898,
        0.699020127118644,
        0.7394067796610171,
        0.6332097457627118,
        0.6410222457627118,
        0.9582891949152542,
        0.7960805084745763
    ],
    "val_auc": [
        0.5,
        0.7058823529411764,
        0.8461538461538461,
        0.9615384615384616,
        0.9321266968325792,
        0.9411764705882353,
        0.9615384615384616,
        1.0,
        1.0,
        1.0,
        0.8846153846153846,
        1.0,
        0.8235294117647058,
        0.8823529411764706,
        0.9705882352941176,
        0.9705882352941176,
        0.9705882352941176,
        1.0,
        1.0,
        1.0
    ]
}