{
    "epochs": [
        1,
        2,
        3,
        4,
        5,
        6,
        7,
        8,
        9,
        10,
        11,
        12,
        13,
        14,
        15,
        16,
        17,
        18,
        19,
        20,
        21,
        22,
        23,
        24,
        25,
        26,
        27,
        28,
        29,
        30,
        31,
        32,
        33,
        34
    ],
    "train_losses": [
        0.04399950110834409,
        0.04140419442377059,
        0.030266685472204794,
        0.018122387952566925,
        0.02218578694984804,
        0.02896120182536786,
        0.016765901611910924,
        0.0315655687933459,
        0.026901250705122948,
        0.01462881671861301,
        0.02610985182371794,
        0.01701174299019614,
        0.02064841737349828,
        0.016348228808127196,
        0.009660154008884834,
        0.026969901413894166,
        0.02598004665201396,
        0.014556404166654045,
        0.021778044065618826,
        0.03930909527477875,
        0.020061668720753753,
        0.02099213466729993,
        0.020756999980293067,
        0.006200234445262384,
        0.012994467286892186,
        0.024572365780306214,
        0.017722913885817808,
        0.012792419130895651,
        0.011566211451210227,
        0.014827103128815008,
        0.013364410867878035,
        0.007378835654117508,
        0.0036068532640248343,
        0.01800223174535371
    ],
    "val_losses": [
        0.04230015237744038,
        0.032805113647228636,
        0.013614408003214078,
        0.009885398909831658,
        0.09381007040158296,
        0.05179242827953436,
        0.06760470550029705,
        0.023754300454106085,
        0.03188984105602289,
        0.006704879781374564,
        0.005315594745274537,
        0.01603305167876757,
        0.01824355660340725,
        0.012155463489202352,
        0.004981644141177337,
        0.005560783191751211,
        0.01172557253486071,
        0.006768680798510711,
        0.008317853849476729,
        0.018450886966326296,
        0.00978411203966691,
        0.006172321832332856,
        0.0042826139296476655,
        0.0037905821302093756,
        0.0038248814123037914,
        0.004874711330884542,
        0.007006352146466573,
        0.007511870816158943,
        0.007630441302003769,
        0.005933237727731466,
        0.00524738346799635,
        0.005283731561249647,
        0.005067326110572769,
        0.004844509868118434
    ],
    "train_accuracies": [
        0.43786078808354395,
        0.5625021940742443,
        0.8683728984757966,
        0.9044813268324908,
        0.8985507192175373,
        0.8501710704728669,
        0.9312265682843776,
        0.8696396023619408,
        0.8592890820472069,
        0.9515851712694355,
        0.9158642338771447,
        0.9167195613088172,
        0.8870945600123187,
        0.9363133050257864,
        0.9751988953235102,
        0.8970492867862477,
        0.862912421133004,
        0.94807911542506,
        0.8827945609497868,
        0.7830241583531199,
        0.9630329032349431,
        0.9064676621380974,
        0.9027943330652574,
        0.9929776409872217,
        0.9488432765786164,
        0.8928364647759331,
        0.9076924666859745,
        0.9380138746274063,
        0.9524848414402382,
        0.9376206117517808,
        0.9387076508765128,
        0.9901747236064836,
        0.9966637231166067,
        0.9170889386943742
    ],
    "val_accuracies": [
        0.6410256410256411,
        0.7948717948717948,
        0.9487179487179487,
        0.9230769230769231,
        0.6666666666666666,
        0.6923076923076923,
        0.717948717948718,
        0.9743589743589743,
        0.7948717948717948,
        0.9743589743589743,
        0.9743589743589743,
        0.8974358974358975,
        0.8974358974358975,
        0.9230769230769231,
        0.9487179487179487,
        1.0,
        0.9743589743589743,
        0.9743589743589743,
        0.9487179487179487,
        0.9487179487179487,
        1.0,
        1.0,
        1.0,
        0.9743589743589743,
        0.9743589743589743,
        0.9743589743589743,
        0.9743589743589743,
        0.9743589743589743,
        0.9230769230769231,
        0.9743589743589743,
        0.9743589743589743,
        0.9743589743589743,
        0.9487179487179487,
        0.9230769230769231
    ],
    "train_f1": [
        0.4418484666377837,
        0.5282836422240129,
        0.72534942182001,
        0.8549066969783082,
        0.6926528772782429,
        0.88214141821112,
        0.7385397540196302,
        0.5420923529635369,
        0.7110599192155965,
        0.6140493958166917,
        0.9607843137254902,
        0.6205908067412164,
        0.594563432210491,
        0.7382266853599689,
        0.7777587909166856,
        0.8496603569149656,
        0.7641418211120065,
        0.954209250351133,
        0.6927842076088429,
        0.7167507276320542,
        0.6598400336300559,
        0.7251380196279675,
        0.7777587909166856,
        0.7842952947040812,
        0.9150254191258502,
        0.6012731205136046,
        0.6209150326797386,
        0.6797385620915033,
        0.7320032449353735,
        0.5751270956292508,
        0.8234841725624238,
        0.7777777777777778,
        0.6601307189542484,
        0.8562091503267973
    ],
    "val_f1": [
        0.5927021696252465,
        0.7921294391882626,
        0.9486504723346828,
        0.9229755083413621,
        0.6208805031446542,
        0.6568047337278106,
        0.6909111222836714,
        0.9743589743589743,
        0.7846153846153846,
        0.9743251694471207,
        0.9743251694471207,
        0.8960647195941314,
        0.8960647195941314,
        0.9224635829286992,
        0.9485144485144485,
        1.0,
        0.9743589743589743,
        0.9743589743589743,
        0.9486504723346828,
        0.9486504723346828,
        1.0,
        1.0,
        1.0,
        0.9743589743589743,
        0.9743589743589743,
        0.9743589743589743,
        0.9743589743589743,
        0.9743589743589743,
        0.9227726788702398,
        0.9743589743589743,
        0.9743589743589743,
        0.9743589743589743,
        0.9486504723346828,
        0.9227726788702398
    ],
    "train_precision": [
        0.4558458355575739,
        0.5300612998822717,
        0.7262019876443727,
        0.868405261194635,
        0.6930286954964634,
        0.8846613344132832,
        0.7387699011228424,
        0.5424433147744694,
        0.7158672594778072,
        0.6150346970063746,
        0.9607843137254902,
        0.621116759460986,
        0.5951696660399319,
        0.7401719419016891,
        0.7780056980056981,
        0.8497201273671862,
        0.7677911744407909,
        0.9562152021302348,
        0.6928171610524552,
        0.7251582114327212,
        0.6604534818042443,
        0.7270259529438707,
        0.7780056980056981,
        0.7843438914027149,
        0.9150963633316576,
        0.6012904307021955,
        0.6209150326797386,
        0.6797966395489615,
        0.7320429026311379,
        0.5751399363164069,
        0.8240727697168502,
        0.7777777777777778,
        0.6601307189542484,
        0.8562091503267973
    ],