{
    "epochs": [
        1,
        2,
        3,
        4,
        5,
        6,
        7,
        8,
        9,
        10,
        11,
        12,
        13,
        14,
        15,
        16,
        17,
        18,
        19
    ],
    "train_losses": [
        0.04385291858286154,
        0.038488480705218236,
        0.02499844946089338,
        0.03465476998540222,
        0.037508595551623676,
        0.03348093699724948,
        0.03541032591315567,
        0.020800285621500405,
        0.02546308934688568,
        0.01541481979313444,
        0.026767965680995924,
        0.02103258834266272,
        0.028504352222700587,
        0.023295083129015126,
        0.020118416699229695,
        0.021164472108004522,
        0.02076099202281139,
        0.018558443997238504,
        0.010494949433525077
    ],
    "val_losses": [
        0.0415356382727623,
        0.027214087545871735,
        0.01409943588078022,
        0.014624867588281631,
        0.014784470200538635,
        0.026731250807642937,
        0.0167319905012846,
        0.008045301772654057,
        0.002578810788691044,
        0.00361429201439023,
        0.004906525369733572,
        0.006309796590358019,
        0.012291806749999523,
        0.009652777574956417,
        0.0037363283336162567,
        0.0032559724058955908,
        0.0030771817546337843,
        0.004630416631698608,
        0.004862045869231224
    ],
    "train_accuracies": [
        0.5051728076622134,
        0.7868620137699315,
        0.9095001533383229,
        0.9048986122256419,
        0.8286997216646789,
        0.7647518877123223,
        0.7521665291708024,
        0.91522928144111,
        0.8846399432323018,
        0.9181886735509653,
        0.8765162014570392,
        0.9014348827424596,
        0.8408850998174949,
        0.8643246791401847,
        0.9001230020992091,
        0.8996142715704246,
        0.9055673098954998,
        0.8840401133552926,
        0.9816214139344263
    ],
    "val_accuracies": [
        0.7741935483870968,
        0.9032258064516129,
        0.967741935483871,
        0.9354838709677419,
        0.9032258064516129,
        0.9354838709677419,
        0.9354838709677419,
        1.0,
        1.0,
        1.0,
        1.0,
        1.0,
        1.0,
        1.0,
        1.0,
        1.0,
        1.0,
        1.0,
        1.0
    ],
    "train_f1": [
        0.407418310273771,
        0.6056034482758621,
        0.8356681034482758,
        0.73742265267689,
        0.6088409850603724,
        0.6238437821171634,
        0.7048387096774194,
        0.7048387096774194,
        0.6557377049180327,
        0.7130954780622186,
        0.6957195820694304,
        0.721236559139785,
        0.8113613445378152,
        0.81889338731444,
        0.6639118457300275,
        0.8113613445378152,
        0.7785546218487395,
        0.8196236559139786,
        0.7868852459016393
    ],
    "val_f1": [
        0.7694145758661888,
        0.9019969278033794,
        0.9676745205110057,
        0.9350772567091352,
        0.9019969278033794,
        0.9350772567091352,
        0.9350772567091352,
        1.0,
        1.0,
        1.0,
        1.0,
        1.0,
        1.0,
        1.0,
        1.0,
        1.0,
        1.0,
        1.0,
        1.0
    ],
    "train_precision": [
        0.43711340206185567,
        0.6075983717774762,
        0.839348710990502,
        0.7387314439946019,
        0.6221395881006865,
        0.6421911421911422,
        0.7051385525961796,
        0.7051385525961796,
        0.6557377049180327,
        0.7131720430107527,
        0.6993464052287582,
        0.721549636803874,
        0.8122306034482758,
        0.8252666119770303,
        0.6639784946236559,
        0.8122306034482758,
        0.779364224137931,
        0.8200161420500404,
        0.7868852459016393
    ],
    "val_precision": [
        0.8079178885630499,
        0.9185059422750425,
        0.969639468690702,
        0.942652329749104,
        0.9185059422750425,
        0.942652329749104,
        0.942652329749104,
        1.0,
        1.0,
        1.0,
        1.0,
        1.0,
        1.0,
        1.0,
        1.0,
        1.0,
        1.0,
        1.0,
        1.0
    ],
    "train_recall": [
        0.45901639344262296,
        0.6065573770491803,
        0.8360655737704918,
        0.7377049180327869,
        0.6147540983606558,
        0.6311475409836066,
        0.7049180327868853,
        0.7049180327868853,
        0.6557377049180327,
        0.7131147540983607,
        0.6967213114754098,
        0.7213114754098361,
        0.8114754098360656,
        0.819672131147541,
        0.6639344262295082,
        0.8114754098360656,
        0.7786885245901639,
        0.819672131147541,
        0.7868852459016393
    ],
    "val_recall": [
        0.7741935483870968,
        0.9032258064516129,
        0.967741935483871,
        0.9354838709677419,
        0.9032258064516129,
        0.9354838709677419,
        0.9354838709677419,
        1.0,
        1.0,
        1.0,
        1.0,
        1.0,
        1.0,
        1.0,
        1.0,
        1.0,
        1.0,
        1.0,
        1.0
    ],
    "train_bal_acc": [
        0.4590163934426229,
        0.6065573770491803,
        0.8360655737704918,
        0.7377049180327868,
        0.6147540983606558,
        0.6311475409836065,
        0.7049180327868853,
        0.7049180327868853,
        0.6557377049180327,
        0.7131147540983607,
        0.6967213114754098,
        0.7213114754098361,
        0.8114754098360656,
        0.819672131147541,
        0.6639344262295082,
        0.8114754098360656,
        0.7786885245901639,
        0.819672131147541,
        0.7868852459016393
    ],
    "val_bal_acc": [
        0.7791666666666667,
        0.9,
        0.9666666666666667,
        0.9333333333333333,
        0.9,
        0.9333333333333333,
        0.9333333333333333,
        1.0,
        1.0,
        1.0,
        1.0,
        1.0,
        1.0,
        1.0,
        1.0,
        1.0,
        1.0,
        1.0,
        1.0
    ],
    "train_auc": [
        0.4590163934426229,
        0.6065573770491803,
        0.8360655737704918,
        0.7377049180327869,
        0.6147540983606558,
        0.6311475409836066,
        0.7049180327868853,
        0.7049180327868853,
        0.6557377049180327,
        0.7131147540983608,
        0.6967213114754098,
        0.7213114754098362,
        0.8114754098360655,
        0.8196721311475409,
        0.6639344262295082,
        0.8114754098360656,
        0.7786885245901639,
        0.819672131147541,
        0.7868852459016393
    ],
    "val_auc": [
        0.7791666666666667,
        0.9,
        0.9666666666666667,
        0.9333333333333333,
        0.9,
        0.9333333333333333,
        0.9333333333333333,
        1.0,
        1.0,
        1.0,
        1.0,
        1.0,
        1.0,
        1.0,
        1.0,
        1.0,
        1.0,
        1.0,
        1.0
    ]
}