{
    "epochs": [
        1,
        2,
        3,
        4,
        5,
        6,
        7,
        8,
        9,
        10,
        11,
        12,
        13,
        14,
        15,
        16,
        17,
        18,
        19,
        20,
        21,
        22,
        23,
        24,
        25,
        26,
        27,
        28,
        29,
        30,
        31,
        32,
        33,
        34
    ],
    "train_losses": [
        0.04317163749307883,
        0.03950133980786214,
        0.03516311900781804,
        0.01507939451725268,
        0.0360461414226743,
        0.013688559827135235,
        0.014179345342468043,
        0.03589191751890495,
        0.02356360803862087,
        0.030061995580059585,
        0.019911809259506523,
        0.0166204304693908,
        0.018700562058718968,
        0.018959755780266933,
        0.026763010098308813,
        0.02192204144829121,
        0.015351860158023287,
        0.02805109392301958,
        0.01807531378552562,
        0.017849403754120967,
        0.0077208680879385745,
        0.008238262909113383,
        0.019913999760737183,
        0.009964518920808543,
        0.021556873393596195,
        0.01247458086639154,
        0.015821388510406993,
        0.026454312268827784,
        0.01772872089851098,
        0.014838987106426817,
        0.011305424766462357,
        0.007279193540271677,
        0.012586478846239263,
        0.012589045395677696
    ],
    "val_losses": [
        0.042487479746341705,
        0.036480862647295,
        0.021719906479120255,
        0.016566507518291473,
        0.16623876988887787,
        0.03404878079891205,
        0.03604547679424286,
        0.05350397154688835,
        0.05032675713300705,
        0.02662142552435398,
        0.012602181173861027,
        0.005347611382603645,
        0.0036825647111982107,
        0.0025895978324115276,
        0.0044776806607842445,
        0.008857505396008492,
        0.011633578687906265,
        0.01292186789214611,
        0.009327341802418232,
        0.0052094715647399426,
        0.0034710781183093786,
        0.0021357471123337746,
        0.001768715213984251,
        0.0016149274306371808,
        0.0018232942093163729,
        0.0021271652076393366,
        0.002539056818932295,
        0.004155012313276529,
        0.005269905086606741,
        0.004990717861801386,
        0.0045091984793543816,
        0.0039031049236655235,
        0.003260580589994788,
        0.002755671739578247
    ],
    "train_accuracies": [
        0.5641487231020068,
        0.6425964167860688,
        0.838865092543305,
        0.9402041513411725,
        0.8587461377753586,
        0.9250842704147589,
        0.904714428010534,
        0.7951788198752482,
        0.891121223324635,
        0.7996639814533171,
        0.9030756090508133,
        0.9291578824402856,
        0.9107405553098584,
        0.9172118452728771,
        0.9132436377103211,
        0.892890320449579,
        0.9281127648275407,
        0.833199110187468,
        0.9171405385752194,
        0.9251902064339059,
        0.9901647098728867,
        0.9781530255176982,
        0.9271593562892226,
        0.9468035776107038,
        0.881528588592029,
        0.9437312141793673,
        0.9353219798353852,
        0.8450089595356925,
        0.9221238777285716,
        0.9384812057995405,
        0.9611272186529441,
        0.9879576104586242,
        0.9542256965011847,
        0.9520949692022606
    ],
    "val_accuracies": [
        0.6129032258064516,
        0.7419354838709677,
        0.9032258064516129,
        0.8709677419354839,
        0.7096774193548387,
        0.8387096774193549,
        0.7741935483870968,
        0.7419354838709677,
        0.6774193548387096,
        0.7419354838709677,
        0.9354838709677419,
        1.0,
        1.0,
        1.0,
        1.0,
        1.0,
        1.0,
        1.0,
        1.0,
        1.0,
        1.0,
        1.0,
        1.0,
        1.0,
        1.0,
        1.0,
        1.0,
        1.0,
        1.0,
        1.0,
        1.0,
        1.0,
        1.0,
        1.0
    ],
    "train_f1": [
        0.4721213415936766,
        0.5580167278200937,
        0.8603275158070562,
        0.5974130738671838,
        0.8026415344793256,
        0.7867706680768551,
        0.6795736710371463,
        0.6551812464669305,
        0.7208616149988752,
        0.6557377049180327,
        0.7283570122582596,
        0.8767591042450562,
        0.6557377049180327,
        0.9424875819810263,
        0.819672131147541,
        0.647469899435184,
        0.7458504201625135,
        0.6885245901639344,
        0.6885245901639344,
        0.4830852637745629,
        0.7623110535400166,
        0.5737704918032787,
        0.8770574414862153,
        0.6638666482986637,
        0.7540983606557377,
        0.8770574414862153,
        0.8852459016393442,
        0.6883569951088706,
        0.671954731693548,
        0.8032786885245902,
        0.7049180327868853,
        0.8770243835239013,
        0.7458503926160629,
        0.6475646655938175
    ],
    "val_f1": [
        0.6129032258064516,
        0.7208211143695015,
        0.9019969278033794,
        0.8682106424041908,
        0.679330111273463,
        0.8334786399302528,
        0.7600963786097026,
        0.7208211143695015,
        0.6351766513056836,
        0.7208211143695015,
        0.9350772567091352,
        1.0,
        1.0,
        1.0,
        1.0,
        1.0,
        1.0,
        1.0,
        1.0,
        1.0,
        1.0,
        1.0,
        1.0,
        1.0,
        1.0,
        1.0,
        1.0,
        1.0,
        1.0,
        1.0,
        1.0,
        1.0,
        1.0,
        1.0
    ],
    "train_precision": [
        0.49540347293156284,
        0.5731743666169895,
        0.8657161287452454,
        0.5984829948617568,
        0.8059305689488909,
        0.7883514697569248,
        0.6811175122895211,
        0.6560393158753814,
        0.723919523099851,
        0.6557377049180327,
        0.7320656096325485,
        0.8794403541161555,
        0.6557377049180327,
        0.9455479680583668,
        0.819672131147541,
        0.6474858536542337,
        0.7467021262520012,
        0.6885245901639344,
        0.6888947646747752,
        0.48314860290701533,
        0.7624294544477291,
        0.5737704918032787,
        0.8771835528083849,
        0.6638881170695563,
        0.7545037898818968,
        0.8771835528083849,
        0.8852459016393442,
        0.6885599208592426,
        0.6721399802148106,
        0.8032786885245902,
        0.7052970209765558,
        0.8771175414687501,
        0.7458994341461694,
        0.6476753560870734
    ],
    "val_precision": [
        0.6129032258064516,
        0.8279569892473118,
        0.9185059422750425,
        0.8967741935483872,
        0.8141935483870968,
        0.8771121351766513,
        0.8429172510518934,
        0.8279569892473118,
        0.8014888337468983,
        0.8279569892473118,
        0.942652329749104,
        1.0,
        1.0,
        1.0,
        1.0,
        1.0,
        1.0,
        1.0,
        1.0,
        1.0,
        1.0,
        1.0,
        1.0,
        1.0,
        1.0,
        1.0,
        1.0,
        1.0,
        1.0,
        1.0,
        1.0,
        1.0,
        1.0,
        1.0
    ],