{
    "epochs": [
        1,
        2,
        3,
        4,
        5,
        6,
        7,
        8,
        9,
        10,
        11,
        12,
        13,
        14,
        15,
        16,
        17,
        18,
        19,
        20,
        21,
        22,
        23,
        24,
        25,
        26,
        27,
        28,
        29,
        30,
        31,
        32,
        33,
        34,
        35
    ],
    "train_losses": [
        0.6698358215269495,
        0.3846445347442002,
        0.18425669606591835,
        0.09899513179161509,
        0.4037743670041444,
        0.2885598931156221,
        0.16699900991115413,
        0.17098295700843216,
        0.3003833264601035,
        0.11515341717444483,
        0.09574977259655468,
        0.04650826336907559,
        0.0922192735750167,
        0.11181684005547499,
        0.10120369982523997,
        0.0675694507653596,
        0.03138825738207116,
        0.22395430529703858,
        0.15434726828434428,
        0.09509005263203481,
        0.08610417609881671,
        0.11744469050012651,
        0.08226939009838417,
        0.027636012169303465,
        0.042508625608609345,
        0.15538430207821188,
        0.019205163828417905,
        0.041503987305599156,
        0.03620249051295343,
        0.019078435498427172,
        0.03794017360835779,
        0.03324098869791774,
        0.08034401634311089,
        0.021451054660023235,
        0.014102019241736194
    ],
    "val_losses": [
        0.5776670575141907,
        0.32761383056640625,
        0.21861566603183746,
        0.48974189162254333,
        0.3604936897754669,
        0.5263028144836426,
        0.4751141667366028,
        0.1347794085741043,
        0.11069934815168381,
        0.06882493197917938,
        0.05486787483096123,
        0.03917253762483597,
        0.019572239369153976,
        0.009188293479382992,
        0.023001132532954216,
        0.060178060084581375,
        0.1635858118534088,
        0.1680336445569992,
        0.024604059755802155,
        0.059445012360811234,
        0.0591232068836689,
        0.03179684653878212,
        0.010513832792639732,
        0.0046510035172104836,
        0.002962039550766349,
        0.003060495015233755,
        0.007093403488397598,
        0.008749866858124733,
        0.006190061569213867,
        0.010757995769381523,
        0.012181964702904224,
        0.009432676248252392,
        0.008684296160936356,
        0.0067088408395648,
        0.00837119109928608
    ],
    "train_accuracies": [
        0.6639344262295082,
        0.9016393442622951,
        0.9426229508196722,
        0.9672131147540983,
        0.9098360655737705,
        0.9016393442622951,
        0.9016393442622951,
        0.9426229508196722,
        0.9262295081967213,
        0.9344262295081968,
        0.9590163934426229,
        0.9918032786885246,
        0.9672131147540983,
        0.9836065573770492,
        0.9590163934426229,
        0.9836065573770492,
        0.9918032786885246,
        0.9590163934426229,
        0.9590163934426229,
        0.9672131147540983,
        0.9672131147540983,
        0.9508196721311475,
        0.9754098360655737,
        1.0,
        0.9836065573770492,
        0.9426229508196722,
        1.0,
        0.9836065573770492,
        0.9836065573770492,
        1.0,
        0.9918032786885246,
        0.9836065573770492,
        0.9754098360655737,
        0.9918032786885246,
        0.9918032786885246
    ],
    "val_accuracies": [
        0.7096774193548387,
        0.8709677419354839,
        0.9354838709677419,
        0.967741935483871,
        0.9354838709677419,
        0.9032258064516129,
        0.8387096774193549,
        0.967741935483871,
        0.967741935483871,
        0.967741935483871,
        0.967741935483871,
        0.967741935483871,
        1.0,
        1.0,
        1.0,
        0.967741935483871,
        0.9354838709677419,
        0.9354838709677419,
        1.0,
        1.0,
        1.0,
        1.0,
        1.0,
        1.0,
        1.0,
        1.0,
        1.0,
        1.0,
        1.0,
        1.0,
        1.0,
        1.0,
        1.0,
        1.0,
        1.0
    ],
    "train_f1": [
        0.639241825355615,
        0.9013213680045222,
        0.9423787601759944,
        0.9672131147540983,
        0.9096233431130412,
        0.9013207672396628,
        0.9011070896316797,
        0.9425650916104147,
        0.9262344648917293,
        0.9343909747928786,
        0.9590081322842765,
        0.9918038294324143,
        0.9672131147540983,
        0.9836065573770492,
        0.9590081278413005,
        0.9836065573770492,
        0.9918038294324143,
        0.9590191471620718,
        0.9589197014150187,
        0.9672131147540983,
        0.9671954873964392,
        0.9507932097540323,
        0.975411488297243,
        1.0,
        0.9836065573770492,
        0.9426113789778205,
        1.0,
        0.9835977365846774,
        0.9836065573770492,
        1.0,
        0.9918016255682601,
        0.9836065573770492,
        0.9753850125606935,
        0.9918038294324143,
        0.9918038294324143
    ],
    "val_f1": [
        0.679330111273463,
        0.8682106424041908,
        0.9350772567091352,
        0.9676745205110057,
        0.9354838709677419,
        0.9019969278033794,
        0.8334786399302528,
        0.967741935483871,
        0.967741935483871,
        0.967741935483871,
        0.967741935483871,
        0.967741935483871,
        1.0,
        1.0,
        1.0,
        0.967741935483871,
        0.9353494623655914,
        0.9353494623655914,
        1.0,
        1.0,
        1.0,
        1.0,
        1.0,
        1.0,
        1.0,
        1.0,
        1.0,
        1.0,
        1.0,
        1.0,
        1.0,
        1.0,
        1.0,
        1.0,
        1.0
    ],
    "train_precision": [
        0.7342402304928973,
        0.9088538876388442,
        0.9484438108814446,
        0.9672131147540983,
        0.9124941610872612,
        0.9054162648666024,
        0.9084849576652855,
        0.9456870423220725,
        0.9263638806772373,
        0.9363694177501413,
        0.9601608912528613,
        0.9919376511690406,
        0.9672131147540983,
        0.9841353781068217,
        0.9591288585453631,
        0.9841353781068217,
        0.9919376511690406,
        0.9591507659231389,
        0.9620748715439198,
        0.9672131147540983,
        0.9692622950819673,
        0.9512789711701527,
        0.9755442085460898,
        1.0,
        0.9836065573770492,
        0.9427265951300405,
        1.0,
        0.9841188524590164,
        0.9841353781068217,
        1.0,
        0.9919333853760083,
        0.9836065573770492,
        0.9765447667087012,
        0.9919376511690406,
        0.9919376511690406
    ],
    "val_precision": [
        0.8141935483870968,
        0.8967741935483872,
        0.942652329749104,
        0.969639468690702,
        0.9354838709677419,
        0.9185059422750425,
        0.8771121351766513,
        0.969758064516129,
        0.969758064516129,
        0.969758064516129,
        0.969758064516129,
        0.969758064516129,
        1.0,
        1.0,
        1.0,
        0.969758064516129,
        0.9430740037950663,
        0.9430740037950663,
        1.0,
        1.0,
        1.0,
        1.0,
        1.0,
        1.0,
        1.0,
        1.0,
        1.0,
        1.0,
        1.0,
        1.0,
        1.0,
        1.0,
        1.0,
        1.0,
        1.0
    ],