{
    "epochs": [
        1,
        2,
        3,
        4,
        5,
        6,
        7,
        8,
        9,
        10,
        11,
        12,
        13,
        14,
        15,
        16,
        17,
        18,
        19,
        20,
        21,
        22,
        23,
        24,
        25,
        26,
        27
    ],
    "train_losses": [
        0.6304451363985656,
        0.3217777487684469,
        0.1935907165046598,
        0.11660709332857953,
        0.22504176370433118,
        0.2959673606225702,
        0.18071456852017856,
        0.16315578644881484,
        0.1097723729297763,
        0.1407590503575372,
        0.08529163863448823,
        0.22720754769493323,
        0.14708149164426523,
        0.1353532627957766,
        0.112738095101763,
        0.06223403967794825,
        0.03010712991483876,
        0.0682561926421572,
        0.030857348173368174,
        0.025724606435807026,
        0.0774848099614753,
        0.08519751123595433,
        0.04442341406218952,
        0.17567473256074992,
        0.03897011848013909,
        0.10310593790939597,
        0.1737726610459265
    ],
    "val_losses": [
        0.509411096572876,
        0.4629594683647156,
        1.2408791780471802,
        0.6200978755950928,
        0.41128918528556824,
        0.30291423201560974,
        0.29320988059043884,
        0.3808109164237976,
        0.21875816583633423,
        0.08774235099554062,
        0.06014605611562729,
        0.06402020901441574,
        0.009301364421844482,
        0.009682292118668556,
        0.019493410363793373,
        0.0054165455512702465,
        0.0005448160227388144,
        0.0007238042890094221,
        0.00567323062568903,
        0.03987404331564903,
        0.034019600600004196,
        0.01454935036599636,
        0.023689210414886475,
        0.006639872211962938,
        0.0069069103337824345,
        0.004147165920585394,
        0.005184590350836515
    ],
    "train_accuracies": [
        0.7213114754098361,
        0.9344262295081968,
        0.9426229508196722,
        0.9508196721311475,
        0.9344262295081968,
        0.9262295081967213,
        0.9344262295081968,
        0.9508196721311475,
        0.9590163934426229,
        0.9672131147540983,
        0.9836065573770492,
        0.9590163934426229,
        0.9508196721311475,
        0.9344262295081968,
        0.9344262295081968,
        0.9754098360655737,
        0.9918032786885246,
        0.9754098360655737,
        0.9836065573770492,
        0.9918032786885246,
        0.9590163934426229,
        0.9754098360655737,
        0.9836065573770492,
        0.9426229508196722,
        0.9836065573770492,
        0.9754098360655737,
        0.9590163934426229
    ],
    "val_accuracies": [
        0.8709677419354839,
        0.8387096774193549,
        0.6774193548387096,
        0.8064516129032258,
        0.9032258064516129,
        0.9354838709677419,
        0.9354838709677419,
        0.9032258064516129,
        0.9354838709677419,
        0.967741935483871,
        0.967741935483871,
        0.967741935483871,
        1.0,
        1.0,
        1.0,
        1.0,
        1.0,
        1.0,
        1.0,
        0.967741935483871,
        0.967741935483871,
        1.0,
        1.0,
        1.0,
        1.0,
        1.0,
        1.0
    ],
    "train_f1": [
        0.7211616428697338,
        0.9343202374222724,
        0.9426113851979869,
        0.9508196721311475,
        0.934213844826442,
        0.9261551177848188,
        0.9344262295081968,
        0.9507932097540323,
        0.9590191471620718,
        0.9671954873964392,
        0.9836065573770492,
        0.9590191471620718,
        0.9508196721311475,
        0.9343203799997354,
        0.9344262295081968,
        0.9753850125606935,
        0.9918016255682601,
        0.9754048793705657,
        0.9836065573770492,
        0.9918038294324143,
        0.9590081278413005,
        0.9754048767047802,
        0.9836065573770492,
        0.9426268060269006,
        0.9836065573770492,
        0.9754048767047802,
        0.9590081278413005
    ],
    "val_f1": [
        0.8706989247311828,
        0.8334786399302528,
        0.6351766513056836,
        0.7975382003395586,
        0.9019969278033794,
        0.9350772567091352,
        0.9350772567091352,
        0.9019969278033794,
        0.9350772567091352,
        0.9676745205110057,
        0.9676745205110057,
        0.9676745205110057,
        1.0,
        1.0,
        1.0,
        1.0,
        1.0,
        1.0,
        1.0,
        0.967741935483871,
        0.967741935483871,
        1.0,
        1.0,
        1.0,
        1.0,
        1.0,
        1.0
    ],
    "train_precision": [
        0.7225657150932729,
        0.9362358952522887,
        0.9437409862527951,
        0.9513308655032611,
        0.9385781635058396,
        0.9292051060817239,
        0.9349286092014807,
        0.9512789711701527,
        0.9591507659231389,
        0.9692622950819673,
        0.9841353781068217,
        0.9591507659231389,
        0.9508196721311475,
        0.9387641047477112,
        0.9349286092014807,
        0.9765447667087012,
        0.9919333853760083,
        0.9765807962529274,
        0.9836065573770492,
        0.9919376511690406,
        0.9591288585453631,
        0.9755311219606857,
        0.9836065573770492,
        0.9427573233001881,
        0.9836065573770492,
        0.9755311219606857,
        0.9591288585453631
    ],
    "val_precision": [
        0.877744646245595,
        0.8771121351766513,
        0.8014888337468983,
        0.8592375366568915,
        0.9185059422750425,
        0.942652329749104,
        0.942652329749104,
        0.9185059422750425,
        0.942652329749104,
        0.969639468690702,
        0.969639468690702,
        0.969639468690702,
        1.0,
        1.0,
        1.0,
        1.0,
        1.0,
        1.0,
        1.0,
        0.969758064516129,
        0.969758064516129,
        1.0,
        1.0,
        1.0,
        1.0,
        1.0,
        1.0
    ],
    "train_recall": [
        0.7213114754098361,
        0.9344262295081968,
        0.9426229508196722,
        0.9508196721311475,
        0.9344262295081968,
        0.9262295081967213,
        0.9344262295081968,
        0.9508196721311475,
        0.9590163934426229,
        0.9672131147540983,
        0.9836065573770492,
        0.9590163934426229,
        0.9508196721311475,
        0.9344262295081968,
        0.9344262295081968,
        0.9754098360655737,
        0.9918032786885246,
        0.9754098360655737,
        0.9836065573770492,
        0.9918032786885246,
        0.9590163934426229,
        0.9754098360655737,
        0.9836065573770492,
        0.9426229508196722,
        0.9836065573770492,
        0.9754098360655737,
        0.9590163934426229
    ],
    "val_recall": [
        0.8709677419354839,
        0.8387096774193549,
        0.6774193548387096,
        0.8064516129032258,
        0.9032258064516129,
        0.9354838709677419,
        0.9354838709677419,
        0.9032258064516129,
        0.9354838709677419,
        0.967741935483871,
        0.967741935483871,
        0.967741935483871,
        1.0,
        1.0,
        1.0,
        1.0,
        1.0,
        1.0,
        1.0,
        0.967741935483871,
        0.967741935483871,
        1.0,
        1.0,
        1.0,
        1.0,
        1.0,
        1.0
    ],