{
    "epochs": [
        1,
        2,
        3,
        4,
        5,
        6,
        7,
        8,
        9,
        10,
        11,
        12,
        13,
        14,
        15,
        16,
        17,
        18,
        19,
        20,
        21,
        22,
        23,
        24,
        25,
        26,
        27,
        28
    ],
    "train_losses": [
        0.6318974640311265,
        0.3619569082085679,
        0.23130889345959918,
        0.24307841547136386,
        0.3215625878514313,
        0.23354380620204337,
        0.1513399629876381,
        0.0832558104359522,
        0.08937898835515588,
        0.11050185306770045,
        0.12759700490207207,
        0.0662417383334501,
        0.09742925855202403,
        0.032967666239757845,
        0.08342247728894396,
        0.07197584176996374,
        0.10850746067982864,
        0.12747968394097273,
        0.060301562627338295,
        0.06011470654085884,
        0.15555205141625753,
        0.048334826340489995,
        0.16052922073418532,
        0.11715970848633991,
        0.04942261954633201,
        0.05037691451730282,
        0.02049194324791916,
        0.028389711674999416
    ],
    "val_losses": [
        0.48832017183303833,
        0.3344830870628357,
        0.22075335681438446,
        0.26956310868263245,
        0.25172412395477295,
        0.23377475142478943,
        0.12397594749927521,
        0.08946970850229263,
        0.09719009697437286,
        0.1273108273744583,
        0.11513476073741913,
        0.08348694443702698,
        0.1185905784368515,
        0.12814533710479736,
        0.11758112907409668,
        0.05799422785639763,
        0.029539544135332108,
        0.022516630589962006,
        0.033374588936567307,
        0.06635633856058121,
        0.11393328011035919,
        0.07821715623140335,
        0.09339778125286102,
        0.05977816507220268,
        0.07081900537014008,
        0.09179503470659256,
        0.1304476112127304,
        0.16456161439418793
    ],
    "train_accuracies": [
        0.6829268292682927,
        0.9105691056910569,
        0.9186991869918699,
        0.9105691056910569,
        0.926829268292683,
        0.967479674796748,
        0.943089430894309,
        0.975609756097561,
        0.959349593495935,
        0.967479674796748,
        0.959349593495935,
        0.967479674796748,
        0.959349593495935,
        0.991869918699187,
        0.975609756097561,
        0.959349593495935,
        0.975609756097561,
        0.967479674796748,
        0.975609756097561,
        0.975609756097561,
        0.9349593495934959,
        0.983739837398374,
        0.943089430894309,
        0.9512195121951219,
        0.991869918699187,
        0.975609756097561,
        1.0,
        0.983739837398374
    ],
    "val_accuracies": [
        0.8333333333333334,
        0.8666666666666667,
        0.9,
        0.8666666666666667,
        0.9666666666666667,
        0.9666666666666667,
        1.0,
        0.9666666666666667,
        0.9666666666666667,
        0.9666666666666667,
        0.9666666666666667,
        0.9666666666666667,
        0.9333333333333333,
        0.9333333333333333,
        0.9333333333333333,
        0.9666666666666667,
        1.0,
        1.0,
        1.0,
        0.9666666666666667,
        0.9333333333333333,
        1.0,
        0.9666666666666667,
        0.9666666666666667,
        0.9666666666666667,
        0.9666666666666667,
        0.9666666666666667,
        0.9666666666666667
    ],
    "train_f1": [
        0.677915338423901,
        0.9104266336390545,
        0.9187206837695029,
        0.9103560763656336,
        0.926800180345274,
        0.9674018749756875,
        0.943089430894309,
        0.9756194315662164,
        0.9593657192770275,
        0.967479674796748,
        0.9593334335251522,
        0.9674925796877016,
        0.9592848334722976,
        0.9918666867050304,
        0.9756194315662164,
        0.9593657192770275,
        0.9756000601150913,
        0.9674494835134028,
        0.9756162115316648,
        0.9756000601150913,
        0.9349593495934959,
        0.983739837398374,
        0.9431044935738844,
        0.9512388695315525,
        0.9918666867050304,
        0.9756162115316648,
        1.0,
        0.983739837398374
    ],
    "val_f1": [
        0.8324063774564331,
        0.8666666666666667,
        0.8975323149236194,
        0.8615629984051038,
        0.9667789001122334,
        0.9667789001122334,
        1.0,
        0.9667789001122334,
        0.9667789001122334,
        0.9667789001122334,
        0.9667789001122334,
        0.9667789001122334,
        0.9333333333333333,
        0.9333333333333333,
        0.9324074074074074,
        0.9664761904761904,
        1.0,
        1.0,
        1.0,
        0.9667789001122334,
        0.9336309523809523,
        1.0,
        0.9664761904761904,
        0.9667789001122334,
        0.9667789001122334,
        0.9667789001122334,
        0.9667789001122334,
        0.9667789001122334
    ],
    "train_precision": [
        0.688745506879123,
        0.9113751798498795,
        0.9206865401987353,
        0.9199991304725881,
        0.9268939638998512,
        0.9693926351028216,
        0.9462114165633182,
        0.9767899291896146,
        0.9605233175546984,
        0.967479674796748,
        0.9594444803864485,
        0.9680170942375738,
        0.9603701873905732,
        0.9919949968730457,
        0.9767899291896146,
        0.9605233175546984,
        0.975719738629747,
        0.967933507086267,
        0.9757517098980514,
        0.975719738629747,
        0.9349593495934959,
        0.983739837398374,
        0.943244289585753,
        0.9517612309914745,
        0.9919949968730457,
        0.9757517098980514,
        1.0,
        0.983739837398374
    ],
    "val_precision": [
        0.8796296296296297,
        0.8980392156862745,
        0.9149999999999999,
        0.8920634920634921,
        0.9690476190476189,
        0.9690476190476189,
        1.0,
        0.9690476190476189,
        0.9690476190476189,
        0.9690476190476189,
        0.9690476190476189,
        0.9690476190476189,
        0.9333333333333333,
        0.9333333333333333,
        0.9403508771929824,
        0.9685185185185184,
        1.0,
        1.0,
        1.0,
        0.9690476190476189,
        0.9422222222222222,
        1.0,
        0.9685185185185184,
        0.9690476190476189,
        0.9690476190476189,
        0.9690476190476189,
        0.9690476190476189,
        0.9690476190476189
    ],
    "train_recall": [
        0.6829268292682927,
        0.9105691056910569,
        0.9186991869918699,
        0.9105691056910569,
        0.926829268292683,
        0.967479674796748,
        0.943089430894309,
        0.975609756097561,
        0.959349593495935,
        0.967479674796748,
        0.959349593495935,
        0.967479674796748,
        0.959349593495935,
        0.991869918699187,
        0.975609756097561,
        0.959349593495935,
        0.975609756097561,
        0.967479674796748,
        0.975609756097561,
        0.975609756097561,
        0.9349593495934959,
        0.983739837398374,
        0.943089430894309,
        0.9512195121951219,
        0.991869918699187,
        0.975609756097561,
        1.0,
        0.983739837398374
    ],