{
    "epochs": [
        1,
        2,
        3,
        4,
        5,
        6,
        7,
        8,
        9,
        10,
        11,
        12,
        13
    ],
    "train_losses": [
        0.6270265259773903,
        0.33214158998205773,
        0.25300381658903137,
        0.25060996393752255,
        0.1971032342879601,
        0.21830589426498787,
        0.09272138004988627,
        0.1420210983628541,
        0.11745309878408519,
        0.12009818306545807,
        0.09118280216467146,
        0.048214142910795274,
        0.04816897789296371
    ],
    "val_losses": [
        0.512674243022234,
        0.11589366312210377,
        0.02242736131525957,
        0.10937921926438904,
        0.3169266971258017,
        0.14685388921927184,
        0.3413882085050528,
        0.05389787409550104,
        0.05666279133695822,
        0.1637445846811319,
        0.15472138539338723,
        0.09635742295246857,
        0.06325616964545006
    ],
    "train_accuracies": [
        0.6797385620915033,
        0.8627450980392157,
        0.9150326797385621,
        0.9281045751633987,
        0.9084967320261438,
        0.8954248366013072,
        0.9607843137254902,
        0.9281045751633987,
        0.9477124183006536,
        0.954248366013072,
        0.9803921568627451,
        0.9803921568627451,
        0.9803921568627451
    ],
    "val_accuracies": [
        0.7948717948717948,
        0.9487179487179487,
        1.0,
        0.9487179487179487,
        0.8974358974358975,
        0.9230769230769231,
        0.8717948717948718,
        1.0,
        0.9743589743589743,
        0.9230769230769231,
        0.9487179487179487,
        0.9743589743589743,
        0.9743589743589743
    ],
    "train_f1": [
        0.6787508206680973,
        0.8627333693571426,
        0.9148799981208416,
        0.9280676946821419,
        0.9084184705927073,
        0.8946058744783054,
        0.9607742584213171,
        0.9280122950647764,
        0.9477124183006536,
        0.954248366013072,
        0.9803921568627451,
        0.9803871302847137,
        0.9803921568627451
    ],
    "val_f1": [
        0.7890189520624303,
        0.9486504723346828,
        1.0,
        0.9487179487179487,
        0.8960647195941314,
        0.9229755083413621,
        0.8700911491609167,
        1.0,
        0.9743589743589743,
        0.9227726788702398,
        0.9486504723346828,
        0.9743589743589743,
        0.9743589743589743
    ],
    "train_precision": [
        0.6825067281814687,
        0.8627953745600805,
        0.9185841404835027,
        0.9287458590742232,
        0.9095860566448803,
        0.9092229484386347,
        0.9610928873773252,
        0.9299120083164377,
        0.9477124183006536,
        0.9543298978283499,
        0.9804759224263867,
        0.9811367585008688,
        0.9804759224263867
    ],
    "val_precision": [
        0.8244575936883629,
        0.9536019536019535,
        1.0,
        0.9487179487179487,
        0.9145299145299146,
        0.924094424094424,
        0.8985042735042734,
        1.0,
        0.9756410256410256,
        0.9335664335664335,
        0.9536019536019535,
        0.9756410256410256,
        0.9756410256410256
    ],
    "train_recall": [
        0.6797385620915033,
        0.8627450980392157,
        0.9150326797385621,
        0.9281045751633987,
        0.9084967320261438,
        0.8954248366013072,
        0.9607843137254902,
        0.9281045751633987,
        0.9477124183006536,
        0.954248366013072,
        0.9803921568627451,
        0.9803921568627451,
        0.9803921568627451
    ],
    "val_recall": [
        0.7948717948717948,
        0.9487179487179487,
        1.0,
        0.9487179487179487,
        0.8974358974358975,
        0.9230769230769231,
        0.8717948717948718,
        1.0,
        0.9743589743589743,
        0.9230769230769231,
        0.9487179487179487,
        0.9743589743589743,
        0.9743589743589743
    ],
    "train_bal_acc": [
        0.6801093643198906,
        0.8626965140123035,
        0.9153280929596719,
        0.9279733424470267,
        0.9083219412166781,
        0.8960184552289816,
        0.9606971975393028,
        0.9278879015721121,
        0.9477101845522897,
        0.9542891319207109,
        0.9804340396445659,
        0.9805194805194806,
        0.9804340396445659
    ],
    "val_bal_acc": [
        0.7907894736842105,
        0.95,
        1.0,
        0.9486842105263158,
        0.8947368421052632,
        0.9223684210526315,
        0.875,
        1.0,
        0.975,
        0.925,
        0.95,
        0.975,
        0.975
    ],
    "train_auc": [
        0.6801093643198907,
        0.8626965140123035,
        0.9153280929596719,
        0.9279733424470267,
        0.908321941216678,
        0.8960184552289816,
        0.9606971975393029,
        0.9278879015721121,
        0.9477101845522898,
        0.9542891319207109,
        0.980434039644566,
        0.9805194805194806,
        0.980434039644566
    ],
    "val_auc": [
        0.7907894736842105,
        0.9500000000000001,
        1.0,
        0.9486842105263157,
        0.8947368421052632,
        0.9223684210526316,
        0.875,
        1.0,
        0.975,
        0.9249999999999999,
        0.9500000000000001,
        0.975,
        0.975
    ]
}