{
    "epochs": [
        1,
        2,
        3,
        4,
        5,
        6,
        7,
        8,
        9,
        10,
        11,
        12,
        13,
        14,
        15,
        16,
        17,
        18,
        19,
        20
    ],
    "train_losses": [
        0.6694506084332701,
        0.46143040500703403,
        0.18635534605041879,
        0.20339202221299782,
        0.2667000430529235,
        0.1778249917704551,
        0.1424783716192011,
        0.11093007834231267,
        0.09875398727714038,
        0.24206765851036446,
        0.06910513561280048,
        0.07889138894980072,
        0.08725441586165154,
        0.015376361636597603,
        0.06615992904197975,
        0.18269982738573043,
        0.056592930497632164,
        0.05232151707664865,
        0.03835383961435224,
        0.1125798735950814
    ],
    "val_losses": [
        0.5485291481018066,
        0.19432953000068665,
        0.4869553744792938,
        0.24823467433452606,
        0.2531617283821106,
        1.2760578393936157,
        1.2129117250442505,
        0.30679935216903687,
        0.01605967804789543,
        0.0038324163760989904,
        0.018115540966391563,
        0.028024965897202492,
        0.048746801912784576,
        0.049872614443302155,
        0.06438717991113663,
        0.04277031123638153,
        0.021746892482042313,
        0.011877081356942654,
        0.014991676434874535,
        0.012393869459629059
    ],
    "train_accuracies": [
        0.5573770491803278,
        0.8278688524590164,
        0.9180327868852459,
        0.9180327868852459,
        0.9344262295081968,
        0.9262295081967213,
        0.9590163934426229,
        0.9426229508196722,
        0.9426229508196722,
        0.9590163934426229,
        0.9672131147540983,
        0.9754098360655737,
        0.9754098360655737,
        1.0,
        0.9672131147540983,
        0.9344262295081968,
        0.9836065573770492,
        0.9754098360655737,
        0.9836065573770492,
        0.9590163934426229
    ],
    "val_accuracies": [
        0.8064516129032258,
        0.9032258064516129,
        0.8709677419354839,
        0.9354838709677419,
        0.967741935483871,
        0.8064516129032258,
        0.8064516129032258,
        0.9354838709677419,
        1.0,
        1.0,
        1.0,
        1.0,
        1.0,
        1.0,
        0.967741935483871,
        1.0,
        1.0,
        1.0,
        1.0,
        1.0
    ],
    "train_f1": [
        0.5201048951048951,
        0.8278572868373312,
        0.9180107526881721,
        0.9178340517241379,
        0.9344086021505377,
        0.9261053906723198,
        0.9590136397231742,
        0.9424334344455679,
        0.9425882352941176,
        0.9590136397231742,
        0.9671778315846112,
        0.9753949579831933,
        0.9753949579831933,
        1.0,
        0.9672043010752688,
        0.9344086021505377,
        0.9836021505376344,
        0.9754081838339044,
        0.9836021505376344,
        0.9590136397231742
    ],
    "val_f1": [
        0.8060483870967742,
        0.9026190716958237,
        0.8693412849010572,
        0.9353494623655914,
        0.967741935483871,
        0.8002481389578163,
        0.8002481389578163,
        0.9353494623655914,
        1.0,
        1.0,
        1.0,
        1.0,
        1.0,
        1.0,
        0.9676745205110057,
        1.0,
        1.0,
        1.0,
        1.0,
        1.0
    ],
    "train_precision": [
        0.5832358674463938,
        0.8279569892473119,
        0.9184826472962067,
        0.9221166892808683,
        0.934893731503901,
        0.9291125541125541,
        0.9591397849462366,
        0.9485294117647058,
        0.9436961206896552,
        0.9591397849462366,
        0.9692307692307692,
        0.9765625,
        0.9765625,
        1.0,
        0.9677158999192897,
        0.934893731503901,
        0.9841269841269841,
        0.9755376344086021,
        0.9841269841269841,
        0.9591397849462366
    ],
    "val_precision": [
        0.8124152886961236,
        0.9193548387096774,
        0.8981324278438031,
        0.9430740037950663,
        0.969758064516129,
        0.8617511520737328,
        0.8617511520737328,
        0.9430740037950663,
        1.0,
        1.0,
        1.0,
        1.0,
        1.0,
        1.0,
        0.969639468690702,
        1.0,
        1.0,
        1.0,
        1.0,
        1.0
    ],
    "train_recall": [
        0.5573770491803278,
        0.8278688524590164,
        0.9180327868852459,
        0.9180327868852459,
        0.9344262295081968,
        0.9262295081967213,
        0.9590163934426229,
        0.9426229508196722,
        0.9426229508196722,
        0.9590163934426229,
        0.9672131147540983,
        0.9754098360655737,
        0.9754098360655737,
        1.0,
        0.9672131147540983,
        0.9344262295081968,
        0.9836065573770492,
        0.9754098360655737,
        0.9836065573770492,
        0.9590163934426229
    ],
    "val_recall": [
        0.8064516129032258,
        0.9032258064516129,
        0.8709677419354839,
        0.9354838709677419,
        0.967741935483871,
        0.8064516129032258,
        0.8064516129032258,
        0.9354838709677419,
        1.0,
        1.0,
        1.0,
        1.0,
        1.0,
        1.0,
        0.967741935483871,
        1.0,
        1.0,
        1.0,
        1.0,
        1.0
    ],
    "train_bal_acc": [
        0.5573770491803278,
        0.8278688524590164,
        0.9180327868852459,
        0.9180327868852458,
        0.9344262295081966,
        0.9262295081967213,
        0.9590163934426229,
        0.9426229508196722,
        0.9426229508196722,
        0.9590163934426229,
        0.9672131147540983,
        0.9754098360655737,
        0.9754098360655737,
        1.0,
        0.9672131147540983,
        0.9344262295081966,
        0.9836065573770492,
        0.9754098360655737,
        0.9836065573770492,
        0.9590163934426229
    ],
    "val_bal_acc": [
        0.8083333333333333,
        0.90625,
        0.875,
        0.9375,
        0.96875,
        0.8125,
        0.8125,
        0.9375,
        1.0,
        1.0,
        1.0,
        1.0,
        1.0,
        1.0,
        0.9666666666666667,
        1.0,
        1.0,
        1.0,
        1.0,
        1.0
    ],
    "train_auc": [
        0.5573770491803278,
        0.8278688524590164,
        0.9180327868852459,
        0.9180327868852458,
        0.9344262295081968,
        0.9262295081967213,
        0.9590163934426229,
        0.9426229508196722,
        0.9426229508196721,
        0.9590163934426229,
        0.9672131147540984,
        0.9754098360655737,
        0.9754098360655737,
        1.0,
        0.9672131147540983,
        0.9344262295081968,
        0.9836065573770492,
        0.9754098360655737,
        0.9836065573770492,
        0.9590163934426229
    ],
    "val_auc": [
        0.8083333333333333,
        0.90625,
        0.875,
        0.9375,
        0.96875,
        0.8125,
        0.8125,
        0.9375,
        1.0,
        1.0,
        1.0,
        1.0,
        1.0,
        1.0,
        0.9666666666666667,
        1.0,
        1.0,
        1.0,
        1.0,
        1.0
    ]
}