{
    "epochs": [
        1,
        2,
        3,
        4,
        5,
        6,
        7,
        8,
        9,
        10,
        11,
        12,
        13,
        14
    ],
    "train_losses": [
        0.6574091770784641,
        0.3718109904992871,
        0.1739047845689262,
        0.18744495414136872,
        0.30063031844007293,
        0.11789467046415902,
        0.1787085734247192,
        0.08062099535169641,
        0.06285020097242139,
        0.052030514971148675,
        0.12195862902373802,
        0.08606662561859542,
        0.09807801610086023,
        0.06400041681964223
    ],
    "val_losses": [
        0.5521923303604126,
        0.6223590970039368,
        0.41461923718452454,
        0.1974927932024002,
        0.3468887507915497,
        0.3943246901035309,
        0.41283008456230164,
        0.5092986226081848,
        0.7483290433883667,
        0.28364431858062744,
        0.3027816116809845,
        0.41187894344329834,
        0.576793372631073,
        0.7045058608055115
    ],
    "train_accuracies": [
        0.5934959349593496,
        0.8699186991869918,
        0.926829268292683,
        0.926829268292683,
        0.8943089430894309,
        0.959349593495935,
        0.9186991869918699,
        0.983739837398374,
        0.959349593495935,
        0.983739837398374,
        0.959349593495935,
        0.967479674796748,
        0.967479674796748,
        0.959349593495935
    ],
    "val_accuracies": [
        0.8333333333333334,
        0.8,
        0.9,
        0.9,
        0.8666666666666667,
        0.8,
        0.8,
        0.8,
        0.8666666666666667,
        0.9,
        0.8666666666666667,
        0.9,
        0.8666666666666667,
        0.8666666666666667
    ],
    "train_f1": [
        0.5585176782000378,
        0.8696074999027502,
        0.926800180345274,
        0.9268486345949942,
        0.8942669271653957,
        0.9593657192770275,
        0.9187314492192541,
        0.983739837398374,
        0.9593334335251522,
        0.9837462898438507,
        0.9592143536047111,
        0.967479674796748,
        0.9674882735078011,
        0.9593334335251522
    ],
    "val_f1": [
        0.8319623971797886,
        0.8,
        0.8967032967032967,
        0.8991774383078731,
        0.8641148325358851,
        0.7899999999999998,
        0.7899999999999998,
        0.7899999999999998,
        0.86,
        0.8991774383078731,
        0.8666666666666667,
        0.8991774383078731,
        0.8641148325358851,
        0.8641148325358851
    ],
    "train_precision": [
        0.6178861788617886,
        0.8711534281118213,
        0.9268939638998512,
        0.9269905794296038,
        0.894343447413254,
        0.9605233175546984,
        0.9192495044992756,
        0.983739837398374,
        0.9594444803864485,
        0.9842729574836732,
        0.9622952751266644,
        0.967479674796748,
        0.9695444573493354,
        0.9594444803864485
    ],
    "val_precision": [
        0.8325358851674641,
        0.8666666666666667,
        0.9142857142857143,
        0.9004784688995215,
        0.87,
        0.8136363636363636,
        0.8136363636363636,
        0.8136363636363636,
        0.8909090909090909,
        0.9004784688995215,
        0.8666666666666667,
        0.9004784688995215,
        0.87,
        0.87
    ],
    "train_recall": [
        0.5934959349593496,
        0.8699186991869918,
        0.926829268292683,
        0.926829268292683,
        0.8943089430894309,
        0.959349593495935,
        0.9186991869918699,
        0.983739837398374,
        0.959349593495935,
        0.983739837398374,
        0.959349593495935,
        0.967479674796748,
        0.967479674796748,
        0.959349593495935
    ],
    "val_recall": [
        0.8333333333333334,
        0.8,
        0.9,
        0.9,
        0.8666666666666667,
        0.8,
        0.8,
        0.8,
        0.8666666666666667,
        0.9,
        0.8666666666666667,
        0.9,
        0.8666666666666667,
        0.8666666666666667
    ],
    "train_bal_acc": [
        0.582229872881356,
        0.8683792372881356,
        0.9263771186440678,
        0.9270391949152542,
        0.8938029661016949,
        0.9602754237288136,
        0.9192266949152542,
        0.9837129237288136,
        0.9589512711864407,
        0.984375,
        0.9576271186440678,
        0.9674258474576272,
        0.96875,
        0.9589512711864407
    ],
    "val_bal_acc": [
        0.8194444444444444,
        0.8333333333333333,
        0.875,
        0.8888888888888888,
        0.8472222222222222,
        0.7638888888888888,
        0.7638888888888888,
        0.7638888888888888,
        0.8333333333333333,
        0.8888888888888888,
        0.8611111111111112,
        0.8888888888888888,
        0.8472222222222222,
        0.8472222222222222
    ],
    "train_auc": [
        0.582229872881356,
        0.8683792372881356,
        0.9263771186440678,
        0.9270391949152542,
        0.8938029661016949,
        0.9602754237288136,
        0.9192266949152542,
        0.9837129237288136,
        0.9589512711864407,
        0.984375,
        0.9576271186440678,
        0.9674258474576272,
        0.96875,
        0.9589512711864407
    ],
    "val_auc": [
        0.8194444444444444,
        0.8333333333333333,
        0.875,
        0.888888888888889,
        0.8472222222222222,
        0.7638888888888888,
        0.7638888888888888,
        0.7638888888888888,
        0.8333333333333334,
        0.888888888888889,
        0.8611111111111112,
        0.888888888888889,
        0.8472222222222222,
        0.8472222222222222
    ]
}