{
    "epochs": [
        1,
        2,
        3,
        4,
        5,
        6,
        7,
        8,
        9,
        10,
        11,
        12,
        13,
        14,
        15,
        16,
        17,
        18,
        19,
        20,
        21
    ],
    "train_losses": [
        0.04273218417265376,
        0.040557990614019455,
        0.03443825745680293,
        0.026534792127423597,
        0.03295857789086514,
        0.025686076063601695,
        0.024489532240101548,
        0.01901709285305172,
        0.03427944857566083,
        0.019804653635279078,
        0.015398664094629835,
        0.017104866990789037,
        0.008206079584225768,
        0.02186300074223612,
        0.01166258734024939,
        0.011336502542749781,
        0.02140055636524177,
        0.014298455026306089,
        0.038983442866411366,
        0.024947541720065913,
        0.0214585080193203
    ],
    "val_losses": [
        0.041959308087825775,
        0.03550434112548828,
        0.039644863456487656,
        0.07384530454874039,
        0.017837483435869217,
        0.013536806218326092,
        0.015141203068196774,
        0.029972143471240997,
        0.015787795186042786,
        0.009870517067611217,
        0.005787351634353399,
        0.008715043775737286,
        0.012053829617798328,
        0.02128264121711254,
        0.012818718329071999,
        0.0059448713436722755,
        0.009329390712082386,
        0.006436248309910297,
        0.009698327630758286,
        0.014474465511739254,
        0.013462877832353115
    ],
    "train_accuracies": [
        0.5371159569161837,
        0.6215774817544906,
        0.8000445287735736,
        0.7937628011234471,
        0.7761343971627658,
        0.8386639141645588,
        0.8592340594432393,
        0.8827068922949619,
        0.7649492044917873,
        0.9097038175238937,
        0.9538065331881164,
        0.9370034639952612,
        0.95723066173616,
        0.9218659791790071,
        0.9523266964271421,
        0.9462375484529089,
        0.9348665299962778,
        0.9360608741885326,
        0.7768084885644131,
        0.8738904546518795,
        0.899583034828061
    ],
    "val_accuracies": [
        0.7741935483870968,
        0.7419354838709677,
        0.7419354838709677,
        0.7741935483870968,
        0.8709677419354839,
        0.9032258064516129,
        0.8709677419354839,
        0.8387096774193549,
        0.8387096774193549,
        0.9354838709677419,
        0.967741935483871,
        0.9032258064516129,
        0.9032258064516129,
        0.8387096774193549,
        0.9032258064516129,
        1.0,
        1.0,
        1.0,
        1.0,
        1.0,
        1.0
    ],
    "train_f1": [
        0.5140723230039228,
        0.5800306251125923,
        0.750348226722383,
        0.8022141792633596,
        0.6837549366362288,
        0.6616807859258247,
        0.7268795641784062,
        0.7620553795288607,
        0.7868852459016393,
        0.589501483889203,
        0.6223413651780666,
        0.8934211323873812,
        0.8441052486568398,
        0.7458503926160629,
        0.770368411775075,
        0.8523796292620965,
        0.7377049180327869,
        0.6639570067289889,
        0.8032786885245902,
        0.7620551214200367,
        0.7049180327868853
    ],
    "val_f1": [
        0.7727778339569218,
        0.7208211143695015,
        0.7208211143695015,
        0.7600963786097026,
        0.8709677419354839,
        0.9032258064516129,
        0.8682106424041908,
        0.8334786399302528,
        0.8334786399302528,
        0.9353494623655914,
        0.967741935483871,
        0.9019969278033794,
        0.9019969278033794,
        0.8334786399302528,
        0.9019969278033794,
        1.0,
        1.0,
        1.0,
        1.0,
        1.0,
        1.0
    ],
    "train_precision": [
        0.5430164976934505,
        0.6033372365339579,
        0.7738305135611658,
        0.8081787065393623,
        0.6978467194357955,
        0.6667662678093634,
        0.736440006049579,
        0.7643857436782372,
        0.7868852459016393,
        0.5901107089631681,
        0.6230750124192748,
        0.8935198048840727,
        0.8467954248799805,
        0.7458994341461694,
        0.7719050310910119,
        0.8527593273035613,
        0.7377049180327869,
        0.6640687987100241,
        0.8037105587872377,
        0.7627397623946373,
        0.7052970209765558
    ],
    "val_precision": [
        0.7861869313482217,
        0.8279569892473118,
        0.8279569892473118,
        0.8429172510518934,
        0.8709677419354839,
        0.9051075268817205,
        0.8967741935483872,
        0.8771121351766513,
        0.8771121351766513,
        0.9430740037950663,
        0.969758064516129,
        0.9185059422750425,
        0.9185059422750425,
        0.8771121351766513,
        0.9185059422750425,
        1.0,
        1.0,
        1.0,
        1.0,
        1.0,
        1.0
    ],
    "train_recall": [
        0.5327868852459017,
        0.5901639344262295,
        0.7540983606557377,
        0.8032786885245902,
        0.6885245901639344,
        0.6639344262295082,
        0.7295081967213115,
        0.7622950819672131,
        0.7868852459016393,
        0.5901639344262295,
        0.6229508196721312,
        0.8934426229508197,
        0.8442622950819673,
        0.7459016393442623,
        0.7704918032786885,
        0.8524590163934426,
        0.7377049180327869,
        0.6639344262295082,
        0.8032786885245902,
        0.7622950819672131,
        0.7049180327868853
    ],
    "val_recall": [
        0.7741935483870968,
        0.7419354838709677,
        0.7419354838709677,
        0.7741935483870968,
        0.8709677419354839,
        0.9032258064516129,
        0.8709677419354839,
        0.8387096774193549,
        0.8387096774193549,
        0.9354838709677419,
        0.967741935483871,
        0.9032258064516129,
        0.9032258064516129,
        0.8387096774193549,
        0.9032258064516129,
        1.0,
        1.0,
        1.0,
        1.0,
        1.0,
        1.0
    ],
    "train_bal_acc": [
        0.5360215053763441,
        0.592741935483871,
        0.7561827956989247,
        0.8021505376344086,
        0.6865591397849462,
        0.6626344086021505,
        0.7279569892473119,
        0.7629032258064516,
        0.7868279569892473,
        0.5895161290322581,
        0.6223118279569892,
        0.8932795698924731,
        0.8448924731182795,
        0.7456989247311827,
        0.7709677419354839,
        0.8521505376344086,
        0.7376344086021505,
        0.6639784946236559,
        0.803494623655914,
        0.7618279569892472,
        0.7051075268817204
    ],
    "val_bal_acc": [
        0.7770833333333333,
        0.7333333333333334,
        0.7333333333333334,
        0.7666666666666666,
        0.8708333333333333,
        0.9041666666666667,
        0.8666666666666667,
        0.8333333333333333,
        0.8333333333333333,
        0.9375,
        0.96875,
        0.9,
        0.9,
        0.8333333333333333,
        0.9,
        1.0,
        1.0,
        1.0,
        1.0,
        1.0,
        1.0
    ],
    "train_auc": [
        0.5360215053763441,
        0.592741935483871,
        0.7561827956989247,
        0.8021505376344087,
        0.6865591397849462,
        0.6626344086021505,
        0.7279569892473119,
        0.7629032258064518,
        0.7868279569892472,
        0.5895161290322581,
        0.6223118279569891,
        0.8932795698924731,
        0.8448924731182795,
        0.7456989247311828,
        0.7709677419354839,
        0.8521505376344087,
        0.7376344086021506,
        0.663978494623656,
        0.8034946236559138,
        0.7618279569892473,
        0.7051075268817205
    ],