{
    "epochs": [
        1,
        2,
        3,
        4,
        5,
        6,
        7,
        8,
        9,
        10,
        11,
        12,
        13,
        14,
        15,
        16,
        17,
        18,
        19,
        20,
        21,
        22,
        23,
        24,
        25,
        26,
        27,
        28
    ],
    "train_losses": [
        0.043107275525486564,
        0.040198444502382746,
        0.031191206196459327,
        0.028687744030380637,
        0.015481468592959692,
        0.036418541963022896,
        0.03306586849616795,
        0.026062769133870196,
        0.022597392066949752,
        0.02094808956835328,
        0.020177001648438657,
        0.028220396034601258,
        0.023062874252597492,
        0.01994864969718747,
        0.018889519378421753,
        0.017134104075470592,
        0.010856127430783296,
        0.01579324280222257,
        0.01932403499760279,
        0.00929569247050014,
        0.008508360740251658,
        0.01386002069566308,
        0.004655902769901161,
        0.01506580575937178,
        0.03378532564918685,
        0.01885488821663023,
        0.022840563677311913,
        0.02092315414844732
    ],
    "val_losses": [
        0.042164016515016556,
        0.039862584322690964,
        0.02555353380739689,
        0.01806069165468216,
        0.01580630987882614,
        0.019696759060025215,
        0.020846117287874222,
        0.014917634427547455,
        0.00955639686435461,
        0.020468788221478462,
        0.026147838681936264,
        0.014852039515972137,
        0.016693422570824623,
        0.013865609653294086,
        0.01570926234126091,
        0.010580209083855152,
        0.004070701077580452,
        0.00331101194024086,
        0.004722873214632273,
        0.006268903147429228,
        0.007310105953365564,
        0.008076706901192665,
        0.00852874107658863,
        0.008963532745838165,
        0.009424987249076366,
        0.010248017497360706,
        0.011499135755002499,
        0.01130642369389534
    ],
    "train_accuracies": [
        0.44657193935983547,
        0.6466164472626477,
        0.8107652431581078,
        0.8844127499960303,
        0.9096582924447408,
        0.8217752348116742,
        0.7567632411553608,
        0.849662687720322,
        0.8924834553788348,
        0.8856472542615441,
        0.8747735682541762,
        0.8722059823633209,
        0.8673494385509957,
        0.8842445931783537,
        0.9173517149638354,
        0.919405743358581,
        0.9684910192722227,
        0.9258640413361836,
        0.9198264765545605,
        0.9741924720081857,
        0.9692517412387258,
        0.9373848922853547,
        0.998169426026383,
        0.9468438063210588,
        0.852274793919509,
        0.9128357957049114,
        0.875797318249214,
        0.8731586797450616
    ],
    "val_accuracies": [
        0.6666666666666666,
        0.6666666666666666,
        0.9333333333333333,
        0.8666666666666667,
        0.8666666666666667,
        0.9666666666666667,
        0.9666666666666667,
        1.0,
        0.9666666666666667,
        0.8333333333333334,
        0.8,
        0.9,
        0.9,
        0.9,
        0.8666666666666667,
        0.9333333333333333,
        1.0,
        0.9666666666666667,
        0.9666666666666667,
        0.9666666666666667,
        0.9666666666666667,
        0.9666666666666667,
        0.9666666666666667,
        0.9666666666666667,
        0.9666666666666667,
        0.9666666666666667,
        0.9666666666666667,
        0.9666666666666667
    ],
    "train_f1": [
        0.3685254300312624,
        0.5308348205433274,
        0.6093938021608332,
        0.7805748840959484,
        0.7236503248163101,
        0.730203374105813,
        0.633563501250678,
        0.6577196872447193,
        0.7147693338906526,
        0.748034185827202,
        0.7317783268483118,
        0.6261646664085687,
        0.7151837667137001,
        0.4794684276826904,
        0.8293134807216529,
        0.9348037499513752,
        0.9756000601150913,
        0.7229159372933442,
        0.7153340346760652,
        0.6422764227642277,
        0.7478672878559435,
        0.8454670473955783,
        0.7235772357723578,
        0.7560975609756098,
        0.7236503248163101,
        0.8370093748784377,
        0.7964241673614878,
        0.8207103123662816
    ],
    "val_f1": [
        0.6696428571428572,
        0.6515837104072398,
        0.9339366515837104,
        0.86,
        0.8641148325358851,
        0.9668571428571427,
        0.9668571428571427,
        1.0,
        0.9668571428571427,
        0.8342602892102337,
        0.8,
        0.9005714285714286,
        0.8967032967032967,
        0.8967032967032967,
        0.8641148325358851,
        0.9320574162679426,
        1.0,
        0.9663924794359579,
        0.9663924794359579,
        0.9663924794359579,
        0.9663924794359579,
        0.9663924794359579,
        0.9663924794359579,
        0.9663924794359579,
        0.9663924794359579,
        0.9663924794359579,
        0.9663924794359579,
        0.9663924794359579
    ],
    "train_precision": [
        0.3928479735925179,
        0.6042135030045953,
        0.6093541318188301,
        0.7815905895706234,
        0.725254871596335,
        0.7335108210237031,
        0.6337368037859482,
        0.6583018129646537,
        0.7218251380374766,
        0.7481997677119628,
        0.7319460575558137,
        0.6266439660694861,
        0.7195770283061682,
        0.4815509693558474,
        0.8294683184927087,
        0.9366462327724882,
        0.975719738629747,
        0.7237946176253207,
        0.7153156067369691,
        0.6422764227642277,
        0.7478661232235664,
        0.8455176726833581,
        0.7235772357723578,
        0.7560975609756098,
        0.725254871596335,
        0.8384070257814877,
        0.7970534955882608,
        0.822033824616321
    ],
    "val_precision": [
        0.6964285714285714,
        0.8181818181818182,
        0.9428571428571428,
        0.8909090909090909,
        0.87,
        0.9692307692307692,
        0.9692307692307692,
        1.0,
        0.9692307692307692,
        0.8823529411764706,
        0.8666666666666667,
        0.9031674208144796,
        0.9142857142857143,
        0.9142857142857143,
        0.87,
        0.94,
        1.0,
        0.9684210526315788,
        0.9684210526315788,
        0.9684210526315788,
        0.9684210526315788,
        0.9684210526315788,
        0.9684210526315788,
        0.9684210526315788,
        0.9684210526315788,
        0.9684210526315788,
        0.9684210526315788,
        0.9684210526315788
    ],
    "train_recall": [
        0.4146341463414634,
        0.5772357723577236,
        0.6097560975609756,
        0.7804878048780488,
        0.7235772357723578,
        0.7317073170731707,
        0.6341463414634146,
        0.6585365853658537,
        0.7154471544715447,
        0.7479674796747967,
        0.7317073170731707,
        0.6260162601626016,
        0.7154471544715447,
        0.4796747967479675,
        0.8292682926829268,
        0.9349593495934959,
        0.975609756097561,
        0.7235772357723578,
        0.7154471544715447,
        0.6422764227642277,
        0.7479674796747967,
        0.8455284552845529,
        0.7235772357723578,
        0.7560975609756098,
        0.7235772357723578,
        0.8373983739837398,
        0.7967479674796748,
        0.8211382113821138
    ],