{
    "epochs": [
        1,
        2,
        3,
        4,
        5,
        6,
        7,
        8,
        9,
        10,
        11,
        12,
        13,
        14,
        15,
        16,
        17,
        18,
        19,
        20,
        21,
        22,
        23,
        24,
        25,
        26,
        27,
        28,
        29,
        30,
        31,
        32,
        33,
        34,
        35
    ],
    "train_losses": [
        0.042341797453601185,
        0.03981892452613125,
        0.02698671239299503,
        0.026139693826861012,
        0.025910286202542182,
        0.029549177887478496,
        0.024437192130864153,
        0.02512094220979427,
        0.01367850469167882,
        0.00635264906653665,
        0.0494857274783336,
        0.02994497097665217,
        0.028381767644872512,
        0.024355108054672798,
        0.019355907733362866,
        0.010478087644115454,
        0.010438259831076957,
        0.026160456853487144,
        0.008616837195870353,
        0.02327966263775176,
        0.010042705300559358,
        0.017660312964088792,
        0.0190031780195006,
        0.01166962144699523,
        0.010317539932524286,
        0.025643826280606956,
        0.024371715292819146,
        0.01590461813943173,
        0.01646238903901199,
        0.007356002330552877,
        0.02478063112594248,
        0.02003071475319746,
        0.01861701186413203,
        0.010835971251675269,
        0.012617739924509836
    ],
    "val_losses": [
        0.042258478701114655,
        0.03003363311290741,
        0.01717548631131649,
        0.06253746896982193,
        0.01932198368012905,
        0.013890895061194897,
        0.01817534677684307,
        0.020747419446706772,
        0.008561457507312298,
        0.013764952309429646,
        0.01588752679526806,
        0.025957267731428146,
        0.024391155689954758,
        0.011501363478600979,
        0.015784313902258873,
        0.009043551050126553,
        0.00605790177360177,
        0.004824724048376083,
        0.0038501941598951817,
        0.005484642460942268,
        0.005725543480366468,
        0.005030753556638956,
        0.003659997135400772,
        0.002629161812365055,
        0.0016811644891276956,
        0.0025412903632968664,
        0.0059930263087153435,
        0.006242477335035801,
        0.005886131897568703,
        0.006231361068785191,
        0.006146720144897699,
        0.004760541953146458,
        0.004250742495059967,
        0.004026131238788366,
        0.004083789885044098
    ],
    "train_accuracies": [
        0.5529991320478238,
        0.7003911181194026,
        0.8618927157022119,
        0.8665118023632018,
        0.8554816207265467,
        0.834875742594401,
        0.8525788221901994,
        0.8603618125605389,
        0.9315703322247761,
        0.9720627389303068,
        0.82082207222295,
        0.8503916515567438,
        0.887740080918723,
        0.9015838654060674,
        0.9493189710911697,
        0.9623157842372491,
        0.977085330621983,
        0.8779471792825838,
        0.959784903177401,
        0.8925328758673939,
        0.9779236336064533,
        0.9050912469383178,
        0.9124807342281186,
        0.9526268873757463,
        0.9547525886597672,
        0.8560815981733121,
        0.8687234894046939,
        0.9101624217459826,
        0.9171560644134273,
        0.9755815025267562,
        0.8973587160188008,
        0.8887912160981961,
        0.8915846599795954,
        0.9773682695094162,
        0.9757246001949155
    ],
    "val_accuracies": [
        0.5,
        0.8333333333333334,
        0.9333333333333333,
        0.8,
        0.9,
        0.9,
        0.9,
        0.9,
        0.9333333333333333,
        0.9,
        0.9,
        0.8666666666666667,
        0.9333333333333333,
        0.9666666666666667,
        0.9,
        0.9666666666666667,
        0.9666666666666667,
        0.9666666666666667,
        0.9666666666666667,
        0.9666666666666667,
        0.9666666666666667,
        0.9666666666666667,
        1.0,
        1.0,
        1.0,
        1.0,
        1.0,
        1.0,
        0.9666666666666667,
        0.9666666666666667,
        0.9666666666666667,
        0.9666666666666667,
        0.9666666666666667,
        1.0,
        1.0
    ],
    "train_f1": [
        0.5414262199979459,
        0.7070453516206249,
        0.7802846200362831,
        0.6177342751364306,
        0.6448810141596857,
        0.8618434455418935,
        0.7316006612660044,
        0.6407032780349126,
        0.9349593495934959,
        0.6179873139960805,
        0.8455693397005432,
        0.7317783268483118,
        0.7145004752329778,
        0.7640094067056372,
        0.8780810576583236,
        0.6177342751364306,
        0.7642900448060921,
        0.796667167625761,
        0.967479674796748,
        0.8127102339725688,
        0.6502675283163087,
        0.7145004752329778,
        0.8535226758103125,
        0.9674494835134028,
        0.7805459037849825,
        0.649849567861759,
        0.7804005410358219,
        0.812386026581671,
        0.7876883006569937,
        0.4554287242071785,
        0.8537166085946574,
        0.7316006612660044,
        0.706616874781188,
        0.8699186991869918,
        0.6097560975609756
    ],
    "val_f1": [
        0.3940949935815148,
        0.8241758241758242,
        0.9324074074074074,
        0.7973214285714286,
        0.8994285714285714,
        0.8994285714285714,
        0.900333704115684,
        0.9003367003367003,
        0.9336309523809523,
        0.8975323149236194,
        0.8975323149236194,
        0.8666666666666667,
        0.9333333333333333,
        0.9667789001122334,
        0.900333704115684,
        0.9667789001122334,
        0.9667789001122334,
        0.9667789001122334,
        0.9667789001122334,
        0.9667789001122334,
        0.9667789001122334,
        0.9667789001122334,
        1.0,
        1.0,
        1.0,
        1.0,
        1.0,
        1.0,
        0.9667789001122334,
        0.9667789001122334,
        0.9667789001122334,
        0.9667789001122334,
        0.9667789001122334,
        1.0,
        1.0
    ],
    "train_precision": [
        0.5517486127242225,
        0.7071485068917674,
        0.7851622774600951,
        0.6176640572771775,
        0.6543751405893506,
        0.8629236477452029,
        0.7315908649802678,
        0.6422106808669165,
        0.9349593495934959,
        0.6181700864627694,
        0.8457220286488579,
        0.7319460575558137,
        0.7159381014099997,
        0.7687659651716134,
        0.8782294489611562,
        0.6176640572771775,
        0.7644534778681119,
        0.7966918979534623,
        0.967479674796748,
        0.813385164768492,
        0.6502145737637748,
        0.7159381014099997,
        0.8538400695011735,
        0.967933507086267,
        0.7807071880242612,
        0.6500684729661795,
        0.7804166397101636,
        0.8144809708966655,
        0.7905638463392721,
        0.45563298490127757,
        0.8542260515148778,
        0.7315908649802678,
        0.7074214164601539,
        0.8699186991869918,
        0.6097560975609756
    ],