{
    "epochs": [
        1,
        2,
        3,
        4,
        5,
        6,
        7,
        8,
        9,
        10,
        11,
        12,
        13,
        14,
        15,
        16,
        17,
        18,
        19,
        20,
        21,
        22,
        23,
        24,
        25,
        26,
        27,
        28,
        29,
        30,
        31,
        32,
        33
    ],
    "train_losses": [
        0.04364268542602171,
        0.040600499101713594,
        0.02988073735017013,
        0.03187930535257252,
        0.02625422627707712,
        0.01797074475173467,
        0.023111217588283658,
        0.027321214452872868,
        0.017451371340190664,
        0.025552110101272858,
        0.025103448750146855,
        0.02126777712620941,
        0.01868837575117747,
        0.022373472894328873,
        0.028471927712458413,
        0.019796783749768936,
        0.021040374723573525,
        0.012511619190180224,
        0.02246098855839056,
        0.020366293238171566,
        0.02105004314844515,
        0.013719426455840567,
        0.013084362973185146,
        0.01768504200332792,
        0.01354096034614771,
        0.023112690642329993,
        0.018105574755692015,
        0.009431848375528467,
        0.014971711916325528,
        0.011431260515320925,
        0.030564809951541667,
        0.016087771618580507,
        0.010101924206014553
    ],
    "val_losses": [
        0.04193718473498638,
        0.034856949670192525,
        0.011286953607430825,
        0.017841537077075396,
        0.016014608530662,
        0.014583547653343815,
        0.010316312551880494,
        0.012350554315325541,
        0.009716772951949865,
        0.010892102327675391,
        0.021188603140986882,
        0.009758362904764138,
        0.004073419202214632,
        0.007670882874383376,
        0.015431951922483934,
        0.010014559882573592,
        0.005654881338182933,
        0.0023645476545565403,
        0.006092915550256386,
        0.012986246902400102,
        0.010858388713155037,
        0.005910020870849108,
        0.0021729598878524625,
        0.00789974023325321,
        0.0067763252852436826,
        0.008574739241829285,
        0.0067895953185283225,
        0.0029328897332724854,
        0.0049897133945845645,
        0.006714731532459457,
        0.009147213616718849,
        0.008783670046772713,
        0.004398816647246862
    ],
    "train_accuracies": [
        0.49673202614379086,
        0.5800065370946149,
        0.8340908623988332,
        0.8402199340022467,
        0.842023600160686,
        0.9167786766501034,
        0.8754170486350464,
        0.868715622845818,
        0.9449508891386145,
        0.890301099789688,
        0.869918536516576,
        0.9258790109671798,
        0.9379836562412237,
        0.8745929493623621,
        0.8545367920320798,
        0.946331560222152,
        0.8904685101477928,
        0.9461110432942709,
        0.9135813619576248,
        0.9071544198428884,
        0.904854444117328,
        0.9355126673879187,
        0.9254423901925679,
        0.9349556966544756,
        0.9524828343609579,
        0.8891716003417969,
        0.899695452521829,
        0.9820646896860958,
        0.9345696517844605,
        0.9677811790915096,
        0.7995515960493899,
        0.9113897311142067,
        0.9777035432703355
    ],
    "val_accuracies": [
        0.5128205128205128,
        0.7948717948717948,
        0.9487179487179487,
        0.8717948717948718,
        0.8974358974358975,
        0.9487179487179487,
        0.9487179487179487,
        0.8974358974358975,
        0.9230769230769231,
        0.9743589743589743,
        0.9743589743589743,
        1.0,
        0.9743589743589743,
        1.0,
        1.0,
        1.0,
        0.9743589743589743,
        1.0,
        0.9743589743589743,
        0.9487179487179487,
        0.9743589743589743,
        0.9743589743589743,
        1.0,
        0.9743589743589743,
        0.9743589743589743,
        1.0,
        1.0,
        1.0,
        0.9743589743589743,
        0.9743589743589743,
        0.9487179487179487,
        0.9487179487179487,
        0.9743589743589743
    ],
    "train_f1": [
        0.34097798304436744,
        0.4931579983861783,
        0.7553289301150714,
        0.7493842947807142,
        0.5741443003988201,
        0.8886223554889222,
        0.8165547497537827,
        0.8234841725624238,
        0.8954248366013072,
        0.7385397540196302,
        0.6005907604131799,
        0.6993464052287581,
        0.6467569580004427,
        0.7180874548720038,
        0.6862745098039216,
        0.8888888888888888,
        0.9149890937152587,
        0.6535947712418301,
        0.5032255326372973,
        0.6337992290933468,
        0.7450326937012789,
        0.8691692437038677,
        0.8823227752639516,
        0.7972816850133091,
        0.6795742763113596,
        0.7581699346405228,
        0.7516339869281046,
        0.6797385620915033,
        0.7973856209150327,
        0.48366013071895425,
        0.8234388869470757,
        0.7058069542707064,
        0.8366013071895425
    ],
    "val_f1": [
        0.3476749239461104,
        0.7890189520624303,
        0.9487179487179487,
        0.8700911491609167,
        0.8966218966218966,
        0.9486504723346828,
        0.9486504723346828,
        0.8966218966218966,
        0.9227726788702398,
        0.9743251694471207,
        0.9743251694471207,
        1.0,
        0.9743251694471207,
        1.0,
        1.0,
        1.0,
        0.9743589743589743,
        1.0,
        0.9743251694471207,
        0.9487179487179487,
        0.9743589743589743,
        0.9743589743589743,
        1.0,
        0.9743251694471207,
        0.9743251694471207,
        1.0,
        1.0,
        1.0,
        0.9743589743589743,
        0.9743589743589743,
        0.9486504723346828,
        0.9486504723346828,
        0.9743589743589743
    ],
    "train_precision": [
        0.4983551919664113,
        0.5574444309404203,
        0.7719094806381335,
        0.7600674678473539,
        0.5755422942123709,
        0.8921095008051529,
        0.8206200354537949,
        0.8240727697168502,
        0.8954248366013072,
        0.7387699011228424,
        0.6024017639184188,
        0.6993464052287581,
        0.6473412410231583,
        0.722241445597847,
        0.6862745098039216,
        0.8889648363332574,
        0.915650461097681,
        0.6536506149509246,
        0.503355119825708,
        0.6344793625212642,
        0.7455407753248409,
        0.8702493343016219,
        0.882594433599646,
        0.7977918793088011,
        0.6799332975199212,
        0.7582347133430725,
        0.7516339869281046,
        0.6797966395489615,
        0.797453750240128,
        0.48370145506368417,
        0.8239826752618856,
        0.7062747781288363,
        0.8366727871371835
    ],
    "val_precision": [
        0.26298487836949375,
        0.8244575936883629,
        0.9487179487179487,
        0.8985042735042734,
        0.9152731326644371,
        0.9536019536019535,
        0.9536019536019535,
        0.9152731326644371,
        0.9335664335664335,
        0.9755799755799757,
        0.9755799755799757,
        1.0,
        0.9755799755799757,
        1.0,
        1.0,
        1.0,
        0.9756410256410256,
        1.0,
        0.9755799755799757,
        0.9487179487179487,
        0.9756410256410256,
        0.9756410256410256,
        1.0,
        0.9755799755799757,
        0.9755799755799757,
        1.0,
        1.0,
        1.0,
        0.9756410256410256,
        0.9756410256410256,
        0.9536019536019535,
        0.9536019536019535,
        0.9756410256410256
    ],