{
    "epochs": [
        1,
        2,
        3,
        4,
        5,
        6,
        7,
        8,
        9,
        10,
        11,
        12,
        13,
        14,
        15,
        16,
        17,
        18,
        19,
        20,
        21
    ],
    "train_losses": [
        0.042845584696433583,
        0.039686128924616045,
        0.03267518272165392,
        0.023404195065014673,
        0.03245347032903648,
        0.02045954937939761,
        0.01700066790351125,
        0.02303556731489838,
        0.029378641610507104,
        0.017434763248826635,
        0.02122428408655964,
        0.022394750939040888,
        0.016363249084011454,
        0.021623026152126124,
        0.01420774439074954,
        0.014323077912701935,
        0.022954003702177376,
        0.029637533865991186,
        0.027428899830604186,
        0.017319381298100362,
        0.016201418488607056
    ],
    "val_losses": [
        0.04202820360660553,
        0.035692669451236725,
        0.019076332449913025,
        0.007095164619386196,
        0.029823344200849533,
        0.056588251143693924,
        0.03133689612150192,
        0.006158389151096344,
        0.01080000028014183,
        0.0030622833874076605,
        0.0029494876507669687,
        0.012460031546652317,
        0.01922721229493618,
        0.0078002759255468845,
        0.004323151893913746,
        0.003430518787354231,
        0.007810214534401894,
        0.01105453446507454,
        0.01493680290877819,
        0.010296107269823551,
        0.003893990768119693
    ],
    "train_accuracies": [
        0.4712957397836154,
        0.7085117121211818,
        0.7314704050783252,
        0.8899989518962923,
        0.8815935635175861,
        0.8622561282798892,
        0.8870656060390785,
        0.8834393923399878,
        0.8598628122298444,
        0.9273102088052718,
        0.9291460787663695,
        0.885568524970383,
        0.9435828318361377,
        0.8861681985073402,
        0.9488357637749344,
        0.9279747321957448,
        0.8690933946703301,
        0.7947677862448771,
        0.8508728371291864,
        0.9554561552454214,
        0.9239367500680392
    ],
    "val_accuracies": [
        0.6129032258064516,
        0.7096774193548387,
        0.9354838709677419,
        0.967741935483871,
        0.8064516129032258,
        0.7741935483870968,
        0.9354838709677419,
        0.967741935483871,
        1.0,
        1.0,
        0.967741935483871,
        0.9354838709677419,
        0.8709677419354839,
        0.9354838709677419,
        0.967741935483871,
        0.967741935483871,
        1.0,
        0.967741935483871,
        0.9354838709677419,
        1.0,
        1.0
    ],
    "train_f1": [
        0.48836580086580084,
        0.5312436804853388,
        0.5950687529634897,
        0.5653109243697478,
        0.7866559052999731,
        0.7854437229437229,
        0.8277647058823528,
        0.7786736545051401,
        0.5736559139784946,
        0.5327554928441847,
        0.7786736545051401,
        0.6801344537815126,
        0.6309243697478991,
        0.8934354632802527,
        0.7377049180327869,
        0.8688524590163934,
        0.8930906639703404,
        0.679790026246719,
        0.597684904771519,
        0.5655445810656453,
        0.6885245901639344
    ],
    "val_f1": [
        0.6080238547031717,
        0.686373934620779,
        0.9353494623655914,
        0.967741935483871,
        0.8002481389578163,
        0.7639407149084569,
        0.9353494623655914,
        0.967741935483871,
        1.0,
        1.0,
        0.967741935483871,
        0.9353494623655914,
        0.8693412849010572,
        0.9353494623655914,
        0.967741935483871,
        0.967741935483871,
        1.0,
        0.967741935483871,
        0.9353494623655914,
        1.0,
        1.0
    ],
    "train_precision": [
        0.4915769124551229,
        0.5332244008714596,
        0.6016666666666667,
        0.5657327586206897,
        0.7881241565452092,
        0.7948080640706987,
        0.8286637931034483,
        0.778763440860215,
        0.5738498789346247,
        0.5327956989247312,
        0.778763440860215,
        0.6807650862068966,
        0.6314655172413793,
        0.8935483870967741,
        0.7377049180327869,
        0.8688524590163934,
        0.8986928104575163,
        0.681547619047619,
        0.5990259740259741,
        0.5655913978494623,
        0.6885245901639344
    ],
    "val_precision": [
        0.624221844934918,
        0.8185483870967742,
        0.9430740037950663,
        0.969758064516129,
        0.8617511520737328,
        0.8460410557184751,
        0.9430740037950663,
        0.969758064516129,
        1.0,
        1.0,
        0.969758064516129,
        0.9430740037950663,
        0.8981324278438031,
        0.9430740037950663,
        0.969758064516129,
        0.969758064516129,
        1.0,
        0.969758064516129,
        0.9430740037950663,
        1.0,
        1.0
    ],
    "train_recall": [
        0.4918032786885246,
        0.5327868852459017,
        0.5983606557377049,
        0.5655737704918032,
        0.7868852459016393,
        0.7868852459016393,
        0.8278688524590164,
        0.7786885245901639,
        0.5737704918032787,
        0.5327868852459017,
        0.7786885245901639,
        0.680327868852459,
        0.6311475409836066,
        0.8934426229508197,
        0.7377049180327869,
        0.8688524590163934,
        0.8934426229508197,
        0.680327868852459,
        0.5983606557377049,
        0.5655737704918032,
        0.6885245901639344
    ],
    "val_recall": [
        0.6129032258064516,
        0.7096774193548387,
        0.9354838709677419,
        0.967741935483871,
        0.8064516129032258,
        0.7741935483870968,
        0.9354838709677419,
        0.967741935483871,
        1.0,
        1.0,
        0.967741935483871,
        0.9354838709677419,
        0.8709677419354839,
        0.9354838709677419,
        0.967741935483871,
        0.967741935483871,
        1.0,
        0.967741935483871,
        0.9354838709677419,
        1.0,
        1.0
    ],
    "train_bal_acc": [
        0.4918032786885246,
        0.5327868852459017,
        0.5983606557377049,
        0.5655737704918034,
        0.7868852459016393,
        0.7868852459016393,
        0.8278688524590163,
        0.7786885245901639,
        0.5737704918032787,
        0.5327868852459017,
        0.7786885245901639,
        0.680327868852459,
        0.6311475409836065,
        0.8934426229508197,
        0.7377049180327869,
        0.8688524590163934,
        0.8934426229508197,
        0.680327868852459,
        0.5983606557377049,
        0.5655737704918032,
        0.6885245901639344
    ],
    "val_bal_acc": [
        0.6166666666666667,
        0.71875,
        0.9375,
        0.96875,
        0.8125,
        0.78125,
        0.9375,
        0.96875,
        1.0,
        1.0,
        0.96875,
        0.9375,
        0.875,
        0.9375,
        0.96875,
        0.96875,
        1.0,
        0.96875,
        0.9375,
        1.0,
        1.0
    ],
    "train_auc": [
        0.4918032786885246,
        0.5327868852459016,
        0.5983606557377048,
        0.5655737704918032,
        0.7868852459016393,
        0.7868852459016393,
        0.8278688524590164,
        0.7786885245901638,
        0.5737704918032787,
        0.5327868852459017,
        0.7786885245901638,
        0.6803278688524591,
        0.6311475409836065,
        0.8934426229508198,
        0.7377049180327868,
        0.8688524590163933,
        0.8934426229508197,
        0.680327868852459,
        0.5983606557377049,
        0.5655737704918032,
        0.6885245901639344
    ],