{
    "epochs": [
        1,
        2,
        3,
        4,
        5,
        6,
        7,
        8,
        9,
        10,
        11,
        12,
        13,
        14,
        15,
        16,
        17,
        18,
        19,
        20
    ],
    "train_losses": [
        0.04314126660589312,
        0.040057419448113835,
        0.03221763481126457,
        0.028885451252343226,
        0.038912006180550233,
        0.02588669845803839,
        0.02254145894749243,
        0.022429251432663104,
        0.019188543094596902,
        0.013195163188654869,
        0.01140785389045467,
        0.010822979237151439,
        0.008238175151045204,
        0.02591903770311934,
        0.01976793054796633,
        0.017861976639413444,
        0.023821511046319712,
        0.03358403287950109,
        0.01925910984883543,
        0.010371310018064057
    ],
    "val_losses": [
        0.041515640914440155,
        0.03586815670132637,
        0.020086953416466713,
        0.011577480472624302,
        0.03134292736649513,
        0.022020727396011353,
        0.006902104709297419,
        0.007163917645812035,
        0.004140750039368868,
        0.003009719541296363,
        0.0034537543542683125,
        0.007402322720736265,
        0.0265012439340353,
        0.008369375951588154,
        0.016786761581897736,
        0.009344939142465591,
        0.005776883102953434,
        0.005104217678308487,
        0.006883655209094286,
        0.006085009314119816
    ],
    "train_accuracies": [
        0.48754778846365504,
        0.6350910859029801,
        0.8303406043130843,
        0.8166053959580718,
        0.7732933232041656,
        0.8373293173117716,
        0.9155515764580399,
        0.8811051102935291,
        0.9267222920402152,
        0.9508657299104284,
        0.9676923126470848,
        0.962384864932201,
        0.9676059347684266,
        0.8921484087334305,
        0.8946461443041192,
        0.9541802171800957,
        0.8488694644365155,
        0.7895692762781362,
        0.8861695117637759,
        0.9724878717641361
    ],
    "val_accuracies": [
        0.5161290322580645,
        0.8387096774193549,
        0.8387096774193549,
        0.9032258064516129,
        0.7419354838709677,
        0.7419354838709677,
        0.967741935483871,
        0.967741935483871,
        0.967741935483871,
        1.0,
        1.0,
        0.9354838709677419,
        0.8709677419354839,
        0.9354838709677419,
        0.967741935483871,
        1.0,
        1.0,
        1.0,
        1.0,
        1.0
    ],
    "train_f1": [
        0.385108230609565,
        0.6322435750884223,
        0.7128251465414239,
        0.630775188410402,
        0.7945985070750938,
        0.7283594954333737,
        0.6229508196721312,
        0.8114880769455303,
        0.6883569951088706,
        0.9671954731693548,
        0.917988682923387,
        0.7131340301345026,
        0.6310731905584873,
        0.7283570122582596,
        0.6387620899985446,
        0.8524590163934426,
        0.7288700293391238,
        0.6391502048629029,
        0.9097450460558761,
        0.7294536437525829
    ],
    "val_f1": [
        0.3514070006863418,
        0.8366615463389657,
        0.8366615463389657,
        0.9019969278033794,
        0.7208211143695015,
        0.7208211143695015,
        0.9676745205110057,
        0.9676745205110057,
        0.9676745205110057,
        1.0,
        1.0,
        0.9353494623655914,
        0.8693412849010572,
        0.9353494623655914,
        0.9676745205110057,
        1.0,
        1.0,
        1.0,
        1.0,
        1.0
    ],
    "train_precision": [
        0.49560889929742385,
        0.6543906912759373,
        0.7134001460144688,
        0.631167452047521,
        0.7968058366883912,
        0.7352573326698854,
        0.6232857394676538,
        0.8116097823165817,
        0.6885599208592426,
        0.9676989118145845,
        0.9184390898812889,
        0.7132491265788767,
        0.6317627912515381,
        0.7320656096325485,
        0.6412869916968278,
        0.8524590163934426,
        0.7306982227461797,
        0.6393000989259469,
        0.9107586115351431,
        0.7294971707308466
    ],
    "val_precision": [
        0.26638917793964617,
        0.851018675721562,
        0.851018675721562,
        0.9185059422750425,
        0.8279569892473118,
        0.8279569892473118,
        0.969639468690702,
        0.969639468690702,
        0.969639468690702,
        1.0,
        1.0,
        0.9430740037950663,
        0.8981324278438031,
        0.9430740037950663,
        0.969639468690702,
        1.0,
        1.0,
        1.0,
        1.0,
        1.0
    ],
    "train_recall": [
        0.4918032786885246,
        0.639344262295082,
        0.7131147540983607,
        0.6311475409836066,
        0.7950819672131147,
        0.7295081967213115,
        0.6229508196721312,
        0.8114754098360656,
        0.6885245901639344,
        0.9672131147540983,
        0.9180327868852459,
        0.7131147540983607,
        0.6311475409836066,
        0.7295081967213115,
        0.639344262295082,
        0.8524590163934426,
        0.7295081967213115,
        0.639344262295082,
        0.9098360655737705,
        0.7295081967213115
    ],
    "val_recall": [
        0.5161290322580645,
        0.8387096774193549,
        0.8387096774193549,
        0.9032258064516129,
        0.7419354838709677,
        0.7419354838709677,
        0.967741935483871,
        0.967741935483871,
        0.967741935483871,
        1.0,
        1.0,
        0.9354838709677419,
        0.8709677419354839,
        0.9354838709677419,
        0.967741935483871,
        1.0,
        1.0,
        1.0,
        1.0,
        1.0
    ],
    "train_bal_acc": [
        0.4986559139784946,
        0.6416666666666666,
        0.7126344086021505,
        0.6306451612903226,
        0.7943548387096775,
        0.7306451612903226,
        0.6231182795698924,
        0.8115591397849462,
        0.6881720430107527,
        0.9669354838709677,
        0.917741935483871,
        0.7131720430107527,
        0.6314516129032258,
        0.728494623655914,
        0.6400537634408603,
        0.8524193548387097,
        0.728763440860215,
        0.6389784946236559,
        0.9094086021505376,
        0.7293010752688172
    ],
    "val_bal_acc": [
        0.5,
        0.8354166666666667,
        0.8354166666666667,
        0.9,
        0.7333333333333334,
        0.7333333333333334,
        0.9666666666666667,
        0.9666666666666667,
        0.9666666666666667,
        1.0,
        1.0,
        0.9375,
        0.875,
        0.9375,
        0.9666666666666667,
        1.0,
        1.0,
        1.0,
        1.0,
        1.0
    ],
    "train_auc": [
        0.49865591397849457,
        0.6416666666666667,
        0.7126344086021505,
        0.6306451612903226,
        0.7943548387096775,
        0.7306451612903226,
        0.6231182795698924,
        0.8115591397849462,
        0.6881720430107527,
        0.9669354838709676,
        0.917741935483871,
        0.7131720430107528,
        0.6314516129032258,
        0.728494623655914,
        0.6400537634408602,
        0.8524193548387097,
        0.728763440860215,
        0.6389784946236559,
        0.9094086021505376,
        0.7293010752688172
    ],
    "val_auc": [
        0.5,
        0.8354166666666667,
        0.8354166666666667,
        0.9,
        0.7333333333333334,
        0.7333333333333334,
        0.9666666666666667,
        0.9666666666666667,
        0.9666666666666667,
        1.0,
        1.0,
        0.9375,
        0.875,
        0.9375,
        0.9666666666666667,
        1.0,
        1.0,
        1.0,
        1.0,
        1.0
    ]
}