{
    "epochs": [
        1,
        2,
        3,
        4,
        5,
        6,
        7,
        8,
        9,
        10,
        11,
        12,
        13,
        14,
        15,
        16,
        17,
        18,
        19,
        20,
        21,
        22,
        23,
        24,
        25,
        26,
        27,
        28,
        29,
        30,
        31,
        32,
        33,
        34,
        35,
        36,
        37,
        38,
        39,
        40,
        41,
        42,
        43,
        44,
        45,
        46
    ],
    "train_losses": [
        0.6459305921221167,
        0.2838322256154161,
        0.12876207617724814,
        0.4444604094435529,
        0.3140031749276611,
        0.18294131949665102,
        0.17291842570634391,
        0.13925917428441165,
        0.11371772572761629,
        0.22498356859858443,
        0.058906535610435455,
        0.10390552557338543,
        0.13958101786249053,
        0.06309592330116566,
        0.1842935644998783,
        0.05164370187596092,
        0.1242956145992124,
        0.05984894330121153,
        0.035950731667803555,
        0.05882480625456911,
        0.052603746817363954,
        0.03794427426925641,
        0.039369117953186115,
        0.017841939110218023,
        0.11723005511169511,
        0.05479168789688407,
        0.06014827993221399,
        0.03230857938467487,
        0.02454751391130371,
        0.07542821304584907,
        0.026620530864087548,
        0.0809353958906197,
        0.050721434921753114,
        0.045382306343171655,
        0.009165993596358998,
        0.03634953513983789,
        0.026438982475821566,
        0.05774749600426937,
        0.04302810555763119,
        0.012554638708631197,
        0.10773827576994653,
        0.04306084547585588,
        0.017238428884344858,
        0.0683211181464234,
        0.03199748783485919,
        0.07800167023650999
    ],
    "val_losses": [
        0.5671754479408264,
        0.06732593476772308,
        0.09698519855737686,
        0.26906487345695496,
        0.5685060024261475,
        0.457576721906662,
        0.5234405994415283,
        0.20922306180000305,
        0.07094046473503113,
        0.04011641815304756,
        0.14017362892627716,
        0.23490098118782043,
        0.1639595776796341,
        0.08262640982866287,
        0.0323212705552578,
        0.017311396077275276,
        0.013524489477276802,
        0.010785523802042007,
        0.007953458465635777,
        0.0073131294921040535,
        0.006286118645220995,
        0.005804684944450855,
        0.006273582577705383,
        0.005568568129092455,
        0.0038691710215061903,
        0.011595472693443298,
        0.024225113913416862,
        0.027924370020627975,
        0.05103777348995209,
        0.040546707808971405,
        0.027778899297118187,
        0.009366989135742188,
        0.0071237473748624325,
        0.004922718740999699,
        0.0007646370213478804,
        0.0004588915908243507,
        0.0007555090123787522,
        0.0012296136701479554,
        0.0015963619807735085,
        0.0022385469637811184,
        0.0076054674573242664,
        0.014579534530639648,
        0.017444845288991928,
        0.0159306637942791,
        0.02859756164252758,
        0.02922513522207737
    ],
    "train_accuracies": [
        0.6829268292682927,
        0.9349593495934959,
        0.9512195121951219,
        0.9105691056910569,
        0.926829268292683,
        0.9105691056910569,
        0.9349593495934959,
        0.943089430894309,
        0.943089430894309,
        0.9186991869918699,
        0.975609756097561,
        0.9512195121951219,
        0.959349593495935,
        0.975609756097561,
        0.926829268292683,
        0.967479674796748,
        0.9512195121951219,
        0.967479674796748,
        0.983739837398374,
        0.983739837398374,
        0.975609756097561,
        0.983739837398374,
        0.991869918699187,
        1.0,
        0.959349593495935,
        0.975609756097561,
        0.975609756097561,
        0.983739837398374,
        0.991869918699187,
        0.967479674796748,
        0.991869918699187,
        0.959349593495935,
        0.975609756097561,
        0.983739837398374,
        1.0,
        0.983739837398374,
        0.975609756097561,
        0.983739837398374,
        0.975609756097561,
        1.0,
        0.967479674796748,
        0.983739837398374,
        0.991869918699187,
        0.975609756097561,
        0.983739837398374,
        0.975609756097561
    ],
    "val_accuracies": [
        0.7,
        1.0,
        0.9666666666666667,
        0.9333333333333333,
        0.8666666666666667,
        0.9,
        0.9,
        0.9666666666666667,
        0.9666666666666667,
        1.0,
        0.9666666666666667,
        0.9,
        0.9666666666666667,
        0.9666666666666667,
        1.0,
        1.0,
        1.0,
        1.0,
        1.0,
        1.0,
        1.0,
        1.0,
        1.0,
        1.0,
        1.0,
        1.0,
        1.0,
        0.9666666666666667,
        0.9666666666666667,
        0.9666666666666667,
        0.9666666666666667,
        1.0,
        1.0,
        1.0,
        1.0,
        1.0,
        1.0,
        1.0,
        1.0,
        1.0,
        1.0,
        1.0,
        1.0,
        1.0,
        0.9666666666666667,
        0.9666666666666667
    ],
    "train_f1": [
        0.6802514646722841,
        0.9349593495934959,
        0.9512388695315525,
        0.9104266336390545,
        0.9267615400120944,
        0.9104863266814486,
        0.9349593495934959,
        0.943066806935213,
        0.9427704126891119,
        0.9186991869918699,
        0.9756162115316648,
        0.9511742252701042,
        0.9593334335251522,
        0.9756000601150913,
        0.9268486345949942,
        0.967479674796748,
        0.9512388695315525,
        0.9674494835134028,
        0.9837247417567014,
        0.983739837398374,
        0.9756162115316648,
        0.9837462898438507,
        0.9918666867050304,
        1.0,
        0.9593334335251522,
        0.9756162115316648,
        0.9756162115316648,
        0.983739837398374,
        0.9918666867050304,
        0.9674882735078011,
        0.9918666867050304,
        0.9592143536047111,
        0.9756000601150913,
        0.9837462898438507,
        1.0,
        0.983739837398374,
        0.9756194315662164,
        0.983739837398374,
        0.9755709000833784,
        1.0,
        0.9674882735078011,
        0.983739837398374,
        0.9918666867050304,
        0.9756194315662164,
        0.9837462898438507,
        0.9756000601150913
    ],
    "val_f1": [
        0.6845714285714287,
        1.0,
        0.9667789001122334,
        0.9324074074074074,
        0.8615629984051038,
        0.8975323149236194,
        0.8975323149236194,
        0.9664761904761904,
        0.9664761904761904,
        1.0,
        0.9667789001122334,
        0.900333704115684,
        0.9667789001122334,
        0.9667789001122334,
        1.0,
        1.0,
        1.0,
        1.0,
        1.0,
        1.0,
        1.0,
        1.0,
        1.0,
        1.0,
        1.0,
        1.0,
        1.0,
        0.9667789001122334,
        0.9667789001122334,
        0.9667789001122334,
        0.9667789001122334,
        1.0,
        1.0,
        1.0,
        1.0,
        1.0,
        1.0,
        1.0,
        1.0,
        1.0,
        1.0,
        1.0,
        1.0,
        1.0,
        0.9667789001122334,
        0.9667789001122334
    ],