{
    "epochs": [
        1,
        2,
        3,
        4,
        5,
        6,
        7,
        8,
        9,
        10,
        11,
        12,
        13,
        14,
        15,
        16,
        17,
        18
    ],
    "train_losses": [
        0.6456566782501655,
        0.4177899898552313,
        0.20852424991809257,
        0.17024064609190312,
        0.18459589379589733,
        0.09159510803779936,
        0.18753755228911959,
        0.1211476607051322,
        0.08568084464082873,
        0.09274439816552449,
        0.06747932840380969,
        0.08906635496674514,
        0.046101876299798006,
        0.16598506779144934,
        0.12171673677801116,
        0.2247142209027841,
        0.04378030570299645,
        0.07350293422738712
    ],
    "val_losses": [
        0.6735077500343323,
        0.2924688458442688,
        0.5568837523460388,
        0.3325071930885315,
        0.8506514430046082,
        1.6193073987960815,
        0.30167120695114136,
        0.1222153976559639,
        0.18188302218914032,
        0.21384505927562714,
        0.23580080270767212,
        0.25075748562812805,
        0.4270675480365753,
        0.40925687551498413,
        0.41924095153808594,
        0.3228941261768341,
        0.4245157837867737,
        0.4489681124687195
    ],
    "train_accuracies": [
        0.6422764227642277,
        0.8455284552845529,
        0.9105691056910569,
        0.943089430894309,
        0.926829268292683,
        0.975609756097561,
        0.9512195121951219,
        0.943089430894309,
        0.975609756097561,
        0.959349593495935,
        0.967479674796748,
        0.967479674796748,
        0.983739837398374,
        0.943089430894309,
        0.975609756097561,
        0.943089430894309,
        0.991869918699187,
        0.975609756097561
    ],
    "val_accuracies": [
        0.6,
        0.8666666666666667,
        0.8333333333333334,
        0.9,
        0.8,
        0.7666666666666667,
        0.9333333333333333,
        0.9666666666666667,
        0.9666666666666667,
        0.9666666666666667,
        0.9666666666666667,
        0.9333333333333333,
        0.9333333333333333,
        0.9333333333333333,
        0.9333333333333333,
        0.9666666666666667,
        0.9333333333333333,
        0.9333333333333333
    ],
    "train_f1": [
        0.642418376564718,
        0.8446625487275894,
        0.9103560763656336,
        0.943066806935213,
        0.9265858364884799,
        0.9756194315662164,
        0.9512195121951219,
        0.9427704126891119,
        0.9756000601150913,
        0.9593657192770275,
        0.9674494835134028,
        0.9674018749756875,
        0.9837247417567014,
        0.943089430894309,
        0.9755709000833784,
        0.9429000950465956,
        0.9918666867050304,
        0.9756000601150913
    ],
    "val_f1": [
        0.5666666666666667,
        0.8678733031674208,
        0.8342602892102337,
        0.901010101010101,
        0.780952380952381,
        0.7376196990424078,
        0.9320574162679426,
        0.9668571428571427,
        0.9668571428571427,
        0.9668571428571427,
        0.9668571428571427,
        0.9333333333333333,
        0.9333333333333333,
        0.9333333333333333,
        0.9333333333333333,
        0.9663924794359579,
        0.9320574162679426,
        0.9320574162679426
    ],
    "train_precision": [
        0.6428998293155855,
        0.849382096204494,
        0.9199991304725881,
        0.9431692221431498,
        0.9294476519644423,
        0.9767899291896146,
        0.9512195121951219,
        0.9487003320737434,
        0.975719738629747,
        0.9605233175546984,
        0.967933507086267,
        0.9693926351028216,
        0.9842325695984233,
        0.9462114165633182,
        0.9767018565708045,
        0.9458714635455533,
        0.9919949968730457,
        0.975719738629747
    ],
    "val_precision": [
        0.8,
        0.8767857142857144,
        0.8823529411764706,
        0.92,
        0.85,
        0.8320000000000001,
        0.94,
        0.9692307692307692,
        0.9692307692307692,
        0.9692307692307692,
        0.9692307692307692,
        0.9333333333333333,
        0.9333333333333333,
        0.9333333333333333,
        0.9333333333333333,
        0.9684210526315788,
        0.94,
        0.94
    ],
    "train_recall": [
        0.6422764227642277,
        0.8455284552845529,
        0.9105691056910569,
        0.943089430894309,
        0.926829268292683,
        0.975609756097561,
        0.9512195121951219,
        0.943089430894309,
        0.975609756097561,
        0.959349593495935,
        0.967479674796748,
        0.967479674796748,
        0.983739837398374,
        0.943089430894309,
        0.975609756097561,
        0.943089430894309,
        0.991869918699187,
        0.975609756097561
    ],
    "val_recall": [
        0.6,
        0.8666666666666667,
        0.8333333333333334,
        0.9,
        0.8,
        0.7666666666666667,
        0.9333333333333333,
        0.9666666666666667,
        0.9666666666666667,
        0.9666666666666667,
        0.9666666666666667,
        0.9333333333333333,
        0.9333333333333333,
        0.9333333333333333,
        0.9333333333333333,
        0.9666666666666667,
        0.9333333333333333,
        0.9333333333333333
    ],
    "train_bal_acc": [
        0.6423463983050848,
        0.8429555084745763,
        0.9134004237288136,
        0.9426641949152542,
        0.9250529661016949,
        0.9765625,
        0.9511387711864407,
        0.9406779661016949,
        0.9752383474576272,
        0.9602754237288136,
        0.9667637711864407,
        0.9661016949152542,
        0.9830508474576272,
        0.9446504237288136,
        0.9745762711864407,
        0.9413400423728814,
        0.9915254237288136,
        0.9752383474576272
    ],
    "val_bal_acc": [
        0.6666666666666666,
        0.875,
        0.8611111111111112,
        0.9166666666666667,
        0.75,
        0.7083333333333334,
        0.9166666666666667,
        0.9722222222222222,
        0.9722222222222222,
        0.9722222222222222,
        0.9722222222222222,
        0.9305555555555556,
        0.9305555555555556,
        0.9305555555555556,
        0.9305555555555556,
        0.9583333333333333,
        0.9166666666666667,
        0.9166666666666667
    ],
    "train_auc": [
        0.6423463983050848,
        0.8429555084745763,
        0.9134004237288136,
        0.9426641949152542,
        0.9250529661016949,
        0.9765625,
        0.9511387711864407,
        0.9406779661016949,
        0.9752383474576272,
        0.9602754237288136,
        0.9667637711864407,
        0.9661016949152542,
        0.9830508474576272,
        0.9446504237288136,
        0.9745762711864407,
        0.9413400423728814,
        0.9915254237288136,
        0.9752383474576272
    ],
    "val_auc": [
        0.6666666666666666,
        0.875,
        0.8611111111111112,
        0.9166666666666667,
        0.75,
        0.7083333333333333,
        0.9166666666666667,
        0.9722222222222222,
        0.9722222222222222,
        0.9722222222222222,
        0.9722222222222222,
        0.9305555555555555,
        0.9305555555555555,
        0.9305555555555555,
        0.9305555555555555,
        0.9583333333333333,
        0.9166666666666667,
        0.9166666666666667
    ]
}