{
    "epochs": [
        1,
        2,
        3,
        4,
        5,
        6,
        7,
        8,
        9,
        10,
        11,
        12,
        13,
        14,
        15,
        16,
        17,
        18,
        19,
        20,
        21,
        22,
        23,
        24,
        25,
        26,
        27,
        28,
        29,
        30,
        31,
        32,
        33,
        34,
        35,
        36,
        37,
        38,
        39,
        40,
        41,
        42,
        43,
        44,
        45,
        46,
        47,
        48,
        49,
        50,
        51,
        52,
        53,
        54
    ],
    "train_losses": [
        0.6917869440920941,
        0.6334461345301046,
        0.5757563052239356,
        0.511117332941526,
        0.45661024497700975,
        0.3830228184724783,
        0.3162565546763408,
        0.25903134802719213,
        0.20495262935564115,
        0.17468948584872407,
        0.12071198863642556,
        0.12591672117833969,
        0.14248233956175965,
        0.11981870737168696,
        0.15865923135311572,
        0.04993682644971005,
        0.10077555535675643,
        0.07293990293106475,
        0.07316402307191452,
        0.0715157108066918,
        0.07684006687108573,
        0.03656446657978095,
        0.07888954529514561,
        0.04038904546820498,
        0.05130070409217438,
        0.07589857868076146,
        0.08131886902567628,
        0.06421957910060883,
        0.04065396881045459,
        0.054186806373007886,
        0.03368422338231043,
        0.055833592043294536,
        0.0361973691683311,
        0.09513621167703108,
        0.057665164207483265,
        0.04425195904521199,
        0.027750932575239765,
        0.04264590188909274,
        0.03381202495717383,
        0.014906992361723603,
        0.032753990164824894,
        0.05827852159545019,
        0.027720974830837995,
        0.05223510455485288,
        0.028457811386505893,
        0.019952554896764167,
        0.016213679380787462,
        0.0532814861069639,
        0.05974799580267304,
        0.01919085891651256,
        0.027219874953681774,
        0.00978568426103561,
        0.04375275506867797,
        0.0237798931730258
    ],
    "val_losses": [
        0.6819680113541452,
        0.6279752003519159,
        0.5800015142089442,
        0.5059828256305895,
        0.4244661331176758,
        0.33544817566871643,
        0.2452298606696882,
        0.1724221612277784,
        0.11184829159786827,
        0.07035832028639943,
        0.050340790105493444,
        0.0495477977551912,
        0.06321508398181513,
        0.03240210484517248,
        0.018999183452443072,
        0.011577268180094268,
        0.010164619962635794,
        0.01121035806442562,
        0.011340691659011339,
        0.010132656089569392,
        0.008295539080312378,
        0.005972127087022129,
        0.003985049252055194,
        0.004005772845917626,
        0.0037065037575207257,
        0.0035357965450537833,
        0.0034086885126797775,
        0.004696658175242574,
        0.005754004281602408,
        0.0022373112457755363,
        0.00188956589830157,
        0.001666251802816987,
        0.0016739918776836834,
        0.001705845180702837,
        0.0015792620772691933,
        0.0014220122738104117,
        0.0011786131347578607,
        0.0010140622524838698,
        0.001023772227773933,
        0.0012249957806871909,
        0.0011076325195302304,
        0.0008805295771085902,
        0.0007770349130671667,
        0.0006645008413072087,
        0.0007739603078286899,
        0.00100736906384363,
        0.0009637968247070125,
        0.0012062596996608925,
        0.001300799660384655,
        0.0012063723406754434,
        0.0010992659893082945,
        0.001152768348172111,
        0.0010538347261516672,
        0.001107201908445476
    ],
    "train_accuracies": [
        0.5584415584415584,
        0.7402597402597403,
        0.8116883116883117,
        0.8571428571428571,
        0.8831168831168831,
        0.9285714285714286,
        0.9155844155844156,
        0.9025974025974026,
        0.9545454545454546,
        0.9415584415584416,
        0.974025974025974,
        0.961038961038961,
        0.9545454545454546,
        0.9675324675324676,
        0.9545454545454546,
        0.987012987012987,
        0.961038961038961,
        0.987012987012987,
        0.9675324675324676,
        0.9805194805194806,
        0.974025974025974,
        0.987012987012987,
        0.9675324675324676,
        0.987012987012987,
        0.987012987012987,
        0.9805194805194806,
        0.9545454545454546,
        0.974025974025974,
        0.9805194805194806,
        0.9675324675324676,
        0.9935064935064936,
        0.9675324675324676,
        0.9935064935064936,
        0.961038961038961,
        0.974025974025974,
        0.9935064935064936,
        0.9935064935064936,
        0.9805194805194806,
        0.987012987012987,
        0.9935064935064936,
        0.987012987012987,
        0.9545454545454546,
        0.987012987012987,
        0.987012987012987,
        0.9935064935064936,
        1.0,
        0.9935064935064936,
        0.9805194805194806,
        0.9675324675324676,
        0.9935064935064936,
        0.9935064935064936,
        1.0,
        0.9805194805194806,
        0.987012987012987
    ],
    "val_accuracies": [
        0.5789473684210527,
        0.8947368421052632,
        0.868421052631579,
        0.868421052631579,
        0.9210526315789473,
        0.9473684210526315,
        0.9736842105263158,
        0.9736842105263158,
        1.0,
        1.0,
        1.0,
        1.0,
        0.9736842105263158,
        1.0,
        1.0,
        1.0,
        1.0,
        1.0,
        1.0,
        1.0,
        1.0,
        1.0,
        1.0,
        1.0,
        1.0,
        1.0,
        1.0,
        1.0,
        1.0,
        1.0,
        1.0,
        1.0,
        1.0,
        1.0,
        1.0,
        1.0,
        1.0,
        1.0,
        1.0,
        1.0,
        1.0,
        1.0,
        1.0,
        1.0,
        1.0,
        1.0,
        1.0,
        1.0,
        1.0,
        1.0,
        1.0,
        1.0,
        1.0,
        1.0
    ]
}