{
    "epochs": [
        1,
        2,
        3,
        4,
        5,
        6,
        7,
        8,
        9
    ],
    "train_losses": [
        0.044549956796021244,
        0.0348873508765417,
        0.03978605567495905,
        0.11884493333305798,
        0.10264160586338417,
        0.022833336607303495,
        0.050726865923482606,
        0.10766202873653835,
        0.15833003789770836
    ],
    "val_losses": [
        0.07752998908742881,
        0.0720602505100079,
        0.07114405777209844,
        0.06514504599647644,
        0.07583243165833828,
        0.08242429367815837,
        0.07918215686312088,
        0.07226460336301571,
        0.0710858429949253
    ],
    "train_accuracies": [
        0.9803921568627451,
        0.9869281045751634,
        0.9803921568627451,
        0.9673202614379085,
        0.9738562091503268,
        0.9934640522875817,
        0.9738562091503268,
        0.9738562091503268,
        0.934640522875817
    ],
    "val_accuracies": [
        0.9743589743589743,
        0.9743589743589743,
        0.9743589743589743,
        0.9743589743589743,
        0.9743589743589743,
        0.9743589743589743,
        0.9743589743589743,
        0.9743589743589743,
        0.9743589743589743
    ],
    "train_f1": [
        0.9803904813367345,
        0.9869247528071057,
        0.9803820985496751,
        0.9673174688945577,
        0.9738495056142115,
        0.9934640522875817,
        0.9738562091503268,
        0.9738338487407736,
        0.9345846218519338
    ],
    "val_f1": [
        0.9743589743589743,
        0.9743589743589743,
        0.9743589743589743,
        0.9743589743589743,
        0.9743589743589743,
        0.9743589743589743,
        0.9743589743589743,
        0.9743589743589743,
        0.9743589743589743
    ],
    "train_precision": [],
    "val_precision": [],
    "train_recall": [],
    "val_recall": [],
    "train_bal_acc": [],
    "val_bal_acc": []
}