{
    "epochs": [
        1,
        2,
        3,
        4,
        5,
        6,
        7,
        8,
        9,
        10,
        11,
        12,
        13,
        14,
        15,
        16,
        17,
        18,
        19,
        20,
        21,
        22,
        23,
        24,
        25,
        26,
        27,
        28,
        29,
        30,
        31,
        32,
        33,
        34,
        35,
        36,
        37,
        38,
        39,
        40,
        41,
        42,
        43
    ],
    "train_losses": [
        0.04272571632611579,
        0.04231472081248311,
        0.04282351626434188,
        0.041845830346363175,
        0.041931345896876374,
        0.04284479771403299,
        0.041605510141538536,
        0.042200002441371696,
        0.04170148441756981,
        0.04224489872222361,
        0.04215070486500643,
        0.04085923623347628,
        0.04207608125348022,
        0.04031906644071358,
        0.03976544149327969,
        0.03950810049107109,
        0.03840091813733612,
        0.038700045450874,
        0.03637588677414949,
        0.03791054489387982,
        0.037461353762858154,
        0.03235658117826434,
        0.03387723506792732,
        0.0360157275977342,
        0.031533203830105674,
        0.03564130552652953,
        0.03287874469938486,
        0.030259914372278297,
        0.0306964872971825,
        0.029975474744603253,
        0.034081605789454086,
        0.0312479458803284,
        0.02749748873537865,
        0.027905816725198773,
        0.02782061847223752,
        0.025699295346503673,
        0.019455343133945396,
        0.027676611301907593,
        0.019876191176582073,
        0.014721711611618166,
        0.022058484400959984,
        0.01853791014223859,
        0.023221608089364094
    ],
    "val_losses": [
        0.0430007167160511,
        0.042724721133708954,
        0.042459435760974884,
        0.042088478803634644,
        0.04196364805102348,
        0.04193330928683281,
        0.04187510535120964,
        0.0416206456720829,
        0.041619859635829926,
        0.04142122343182564,
        0.04060700908303261,
        0.039884116500616074,
        0.039016325026750565,
        0.037785716354846954,
        0.03629833087325096,
        0.034719210118055344,
        0.03299489617347717,
        0.03110039234161377,
        0.029252903535962105,
        0.02756143920123577,
        0.026766251772642136,
        0.025827448815107346,
        0.024884194135665894,
        0.024409988895058632,
        0.023980339989066124,
        0.023617329075932503,
        0.023321015760302544,
        0.022665390744805336,
        0.022574108093976974,
        0.022789668291807175,
        0.02011842466890812,
        0.017290210351347923,
        0.014640905894339085,
        0.012722063809633255,
        0.011196673847734928,
        0.010726623237133026,
        0.00956407468765974,
        0.007726907730102539,
        0.007508212700486183,
        0.006342822685837746,
        0.006056575104594231,
        0.006412262562662363,
        0.005499598104506731
    ],
    "train_accuracies": [
        0.492399167323458,
        0.5690786803978077,
        0.46607246606246283,
        0.5875148773193359,
        0.5441167389137157,
        0.46751018883525464,
        0.5954899857009667,
        0.5296468527420707,
        0.5701130300328352,
        0.5826946756114131,
        0.5376271925110748,
        0.6659019027931102,
        0.5734737195830414,
        0.6482345021289327,
        0.6214067624962848,
        0.6880639532338018,
        0.6906219081602235,
        0.7201060246730197,
        0.7187442088472671,
        0.6573951555335004,
        0.7111488701640696,
        0.8111180429873259,
        0.7695628940195277,
        0.7393233672432278,
        0.833118162293365,
        0.7653138464775638,
        0.8231892240220222,
        0.8713494452877321,
        0.8114080809164739,
        0.8598855751148169,
        0.8057957801265992,
        0.8106002669403518,
        0.8807297236677529,
        0.8337686649267224,
        0.8576869964599609,
        0.8865029777305714,
        0.9044817634250807,
        0.8452415397201759,
        0.9332854160364124,
        0.9371928477632827,
        0.8917084293089051,
        0.932609478632609,
        0.8503172501273777
    ],
    "val_accuracies": [
        0.4,
        0.4666666666666667,
        0.6666666666666666,
        0.8,
        0.8,
        0.8,
        0.7333333333333333,
        0.7333333333333333,
        0.7333333333333333,
        0.7333333333333333,
        0.7333333333333333,
        0.8,
        0.8,
        0.8666666666666667,
        1.0,
        1.0,
        0.9333333333333333,
        0.8666666666666667,
        1.0,
        0.9333333333333333,
        0.9333333333333333,
        0.9333333333333333,
        1.0,
        1.0,
        1.0,
        1.0,
        1.0,
        1.0,
        1.0,
        1.0,
        1.0,
        1.0,
        1.0,
        1.0,
        1.0,
        1.0,
        1.0,
        1.0,
        1.0,
        1.0,
        1.0,
        1.0,
        1.0
    ],
    "train_f1": [
        0.5064176971846219,
        0.5912039757148453,
        0.5000787691015071,
        0.5794452563634149,
        0.5797984411155767,
        0.45316852726935064,
        0.5474044016842929,
        0.527871061051839,
        0.5624635897006268,
        0.5406615629062546,
        0.5499690768448023,
        0.6158411893144957,
        0.6114452442652846,
        0.6219989752598447,
        0.5193201081229669,
        0.6542624590781287,
        0.5168806073153899,
        0.642736771149309,
        0.5094260421816553,
        0.6005062824284793,
        0.6510759771629336,
        0.6358485667598235,
        0.7025707792281952,
        0.782608695652174,
        0.6801529790660226,
        0.5578549537393251,
        0.6811594202898551,
        0.7319263142266533,
        0.514569239562333,
        0.7028204442392085,
        0.5493064705021227,
        0.782608695652174,
        0.5723515126331179,
        0.6957161125319693,
        0.804131522025247,
        0.7748292441344586,
        0.7102058214590183,
        0.593946713511931,
        0.811475259844825,
        0.614379250157197,
        0.6661046715841236,
        0.7170788651475788,
        0.7457749530550338
    ],
    "val_f1": [
        0.40542986425339367,
        0.44,
        0.6602870813397128,
        0.8018099547511313,
        0.7961722488038276,
        0.7961722488038276,
        0.7200000000000001,
        0.6909090909090909,
        0.6909090909090909,
        0.6909090909090909,
        0.6909090909090909,
        0.780952380952381,
        0.780952380952381,
        0.86,
        1.0,
        1.0,
        0.9320574162679426,
        0.86,
        1.0,
        0.9320574162679426,
        0.9320574162679426,
        0.9320574162679426,
        1.0,
        1.0,
        1.0,
        1.0,
        1.0,
        1.0,
        1.0,
        1.0,
        1.0,
        1.0,
        1.0,
        1.0,
        1.0,
        1.0,
        1.0,
        1.0,
        1.0,
        1.0,
        1.0,
        1.0,
        1.0
    ],