{
    "epochs": [
        1,
        2,
        3,
        4,
        5,
        6,
        7,
        8,
        9,
        10,
        11,
        12,
        13,
        14,
        15,
        16,
        17,
        18,
        19,
        20,
        21,
        22,
        23,
        24,
        25,
        26,
        27,
        28,
        29,
        30,
        31,
        32,
        33,
        34,
        35,
        36,
        37,
        38,
        39,
        40,
        41,
        42,
        43,
        44,
        45,
        46,
        47,
        48,
        49
    ],
    "train_losses": [
        0.042186135956405725,
        0.04324646095616104,
        0.042866379376092965,
        0.04273752052418507,
        0.041985856736228414,
        0.04184839205585257,
        0.040900959612896845,
        0.041406551743075795,
        0.04075385260320928,
        0.04075009582469063,
        0.041427259408209446,
        0.03995455491499309,
        0.0382491812164331,
        0.039159102841232814,
        0.037153780079671066,
        0.03529979484359713,
        0.03429291533292645,
        0.03230439292362137,
        0.034110865752844916,
        0.029356705582272397,
        0.031085025791051615,
        0.03153381517061787,
        0.031833454205171904,
        0.032509997201553224,
        0.031075244919009454,
        0.031000254417422914,
        0.028426409624245044,
        0.031867018934801546,
        0.029064103485132657,
        0.0321525744142106,
        0.030274413784381247,
        0.031459101360209664,
        0.02953505922571151,
        0.027349080251407448,
        0.029818502343157784,
        0.026751947609612543,
        0.028488189267524836,
        0.0313212118879722,
        0.023345976061847087,
        0.02877206934520798,
        0.01791949056252076,
        0.017969052721984194,
        0.020750313997268677,
        0.018710551905806047,
        0.022659816860771963,
        0.013893730285829001,
        0.019500941282858814,
        0.024028669580490918,
        0.014312711197638163
    ],
    "val_losses": [
        0.04317506402730942,
        0.04286501184105873,
        0.04230540990829468,
        0.04174650460481644,
        0.04147068411111832,
        0.04121600091457367,
        0.04084309563040733,
        0.04028535634279251,
        0.04005400091409683,
        0.03996467590332031,
        0.038878433406353,
        0.03726768493652344,
        0.03542570769786835,
        0.033719390630722046,
        0.03211819380521774,
        0.030200427398085594,
        0.028841657564044,
        0.02736138179898262,
        0.027321405708789825,
        0.025880753993988037,
        0.02454862743616104,
        0.02345031499862671,
        0.022662896662950516,
        0.022091412916779518,
        0.022625645622611046,
        0.022483225911855698,
        0.021548926830291748,
        0.021844111382961273,
        0.021450810134410858,
        0.021477770060300827,
        0.019989751279354095,
        0.018945107236504555,
        0.017829248681664467,
        0.016549671068787575,
        0.015307045541703701,
        0.013962263241410255,
        0.013046089559793472,
        0.012117666192352772,
        0.010930037125945091,
        0.009951556101441383,
        0.008115453645586967,
        0.0065908655524253845,
        0.006391775794327259,
        0.005538321100175381,
        0.0053390683606266975,
        0.004594543948769569,
        0.004072595853358507,
        0.0042831976898014545,
        0.003968289587646723
    ],
    "train_accuracies": [
        0.5106726319250399,
        0.49344904405357193,
        0.5078909344916797,
        0.5451937383108766,
        0.536032565318755,
        0.5270924707398797,
        0.6042680949190237,
        0.5974414505227639,
        0.5904499318477882,
        0.5954805638668311,
        0.5874789857516324,
        0.6445654883001842,
        0.6766582962370267,
        0.6551610918810767,
        0.6589407120307866,
        0.6892103104695787,
        0.737267737841084,
        0.8183245136790032,
        0.762313132738545,
        0.8435973007313526,
        0.8496097091340671,
        0.8247871398925781,
        0.8212565261952198,
        0.8583724168095276,
        0.8580820543052506,
        0.7993770655054245,
        0.8613046033539041,
        0.8433844155638758,
        0.8761100699431705,
        0.7843918069435732,
        0.8119441784211319,
        0.837350302369055,
        0.8424583629970133,
        0.8740880089084597,
        0.7970637579033845,
        0.8737531230397468,
        0.8597106515926166,
        0.7925696581819631,
        0.8817798412629287,
        0.8368772311802328,
        0.9372796559855886,
        0.9193045205443445,
        0.8867962656229952,
        0.9068722550886391,
        0.8895760974744811,
        0.9575626136612718,
        0.9168235855380984,
        0.8811303368450081,
        0.9378609413648173
    ],
    "val_accuracies": [
        0.25,
        0.4375,
        0.75,
        0.8125,
        0.75,
        0.625,
        0.625,
        0.625,
        0.625,
        0.625,
        0.625,
        0.75,
        0.8125,
        0.8125,
        0.8125,
        0.8125,
        0.8125,
        0.875,
        0.8125,
        0.875,
        0.875,
        0.875,
        0.875,
        0.875,
        0.875,
        0.875,
        0.875,
        0.875,
        0.875,
        0.875,
        1.0,
        1.0,
        1.0,
        1.0,
        1.0,
        1.0,
        1.0,
        1.0,
        1.0,
        1.0,
        1.0,
        1.0,
        1.0,
        1.0,
        1.0,
        1.0,
        1.0,
        1.0,
        1.0
    ],
    "train_f1": [
        0.4939223577240541,
        0.4724277572242776,
        0.5232601920588914,
        0.5583706145514481,
        0.5252438441966073,
        0.5770392545998857,
        0.5664525790957186,
        0.5324798208009887,
        0.5816647693028861,
        0.5734292198343741,
        0.5734292198343741,
        0.6185064670685988,
        0.6916496719481022,
        0.6185064670685988,
        0.6774204655006196,
        0.5011599615232275,
        0.6208344797449301,
        0.8066930595076085,
        0.6796383783691422,
        0.8534521547845215,
        0.8746964532535063,
        0.8166385354072659,
        0.7073741343814336,
        0.8832116788321168,
        0.6496350364963503,
        0.7209915859550896,
        0.8318479314188904,
        0.7063069325843048,
        0.6761384506710619,
        0.6699493637330787,
        0.7362138786121388,
        0.7735778333860743,
        0.7515600125860227,
        0.8611659604049726,
        0.6641977959066838,
        0.7225390254151557,
        0.5401459854014599,
        0.6929399889716534,
        0.6786266789099342,
        0.758867194387584,
        0.7298982225411884,
        0.8612695245263644,
        0.8394160583941606,
        0.700538424800937,
        0.6130149894682794,
        0.7883211678832117,
        0.7226277372262774,
        0.7664233576642335,
        0.5912408759124088
    ],