{
    "epochs": [
        1
    ],
    "train_losses": [
        0.04332476383904471
    ],
    "val_losses": [
        0.04193343594670296
    ],
    "train_accuracies": [
        0.49745458756050054
    ],
    "val_accuracies": [
        0.625
    ],
    "train_f1": [
        0.3879301593071789
    ],
    "val_f1": [
        0.4807692307692308
    ],
    "train_precision": [
        0.4472284261315171
    ],
    "val_precision": [
        0.390625
    ],
    "train_recall": [
        0.46715328467153283
    ],
    "val_recall": [
        0.625
    ],
    "train_bal_acc": [
        0.4750533049040512
    ],
    "val_bal_acc": [
        0.5
    ],
    "train_auc": [
        0.4750533049040512
    ],
    "val_auc": [
        0.5
    ]
}