{
    "epochs": [
        1,
        2,
        3,
        4,
        5,
        6,
        7,
        8,
        9,
        10,
        11,
        12,
        13,
        14,
        15,
        16,
        17,
        18,
        19,
        20,
        21,
        22,
        23,
        24,
        25,
        26,
        27,
        28,
        29,
        30,
        31,
        32,
        33,
        34,
        35,
        36,
        37,
        38
    ],
    "train_losses": [
        0.04261136962019879,
        0.04246354896737182,
        0.042844403319168785,
        0.041418703191954155,
        0.04135758435164673,
        0.04188683558849321,
        0.042315037732107055,
        0.04198086628879326,
        0.04187862396888111,
        0.041890340276818344,
        0.0420562910536925,
        0.04207751883760742,
        0.04036993479383164,
        0.04083810746669769,
        0.0404813875430736,
        0.03953507456226625,
        0.039546110329852585,
        0.039114572323750756,
        0.037654389397821564,
        0.03720319303481475,
        0.03651178417646367,
        0.03629200786784075,
        0.03625830241303513,
        0.03445658481855323,
        0.033230417232582535,
        0.0321059577382993,
        0.03238469032921653,
        0.0344009558143823,
        0.03289879461669404,
        0.03265181583338889,
        0.031614939533713936,
        0.028574778603902763,
        0.03070628427077031,
        0.026200411868268166,
        0.02604475379854009,
        0.02803195078951725,
        0.025202681890864304,
        0.024504843343427216
    ],
    "val_losses": [
        0.04187829792499542,
        0.041580624878406525,
        0.041274845600128174,
        0.04117551073431969,
        0.04091101884841919,
        0.04074115678668022,
        0.04055051878094673,
        0.04038063809275627,
        0.04024703800678253,
        0.04049317166209221,
        0.039510972797870636,
        0.03850673884153366,
        0.03718593344092369,
        0.03586789220571518,
        0.03467216715216637,
        0.03377734497189522,
        0.032428957521915436,
        0.030987638980150223,
        0.02919609285891056,
        0.027905764058232307,
        0.02660912461578846,
        0.025762217119336128,
        0.024532632902264595,
        0.023531923070549965,
        0.02276427485048771,
        0.02273167483508587,
        0.022227412089705467,
        0.02176300436258316,
        0.021371526643633842,
        0.02113417536020279,
        0.017779666930437088,
        0.014336541295051575,
        0.011068589054048061,
        0.009049269370734692,
        0.007829898037016392,
        0.007141231559216976,
        0.006377135403454304,
        0.0053880889900028706
    ],
    "train_accuracies": [
        0.5085250536600748,
        0.5618472894032797,
        0.5473312847856162,
        0.5449115849923396,
        0.5616039469622184,
        0.5833666566489399,
        0.5016984663147858,
        0.5302351315816244,
        0.5472365116727524,
        0.573248697363812,
        0.5395165111707605,
        0.5496781183325726,
        0.6690442596656688,
        0.6201397992562556,
        0.6147230466206869,
        0.7227700413137242,
        0.6788977332737135,
        0.701915032621743,
        0.7271414286848428,
        0.6873288361922555,
        0.7085384424181952,
        0.7289368311564127,
        0.7569107940231544,
        0.7674228557641956,
        0.7944686447364696,
        0.8454397312109021,
        0.8024353359056555,
        0.7695741273354793,
        0.8167703048042629,
        0.7997903132784194,
        0.8258049384407375,
        0.8545999941618546,
        0.7801614567853402,
        0.8577473889226499,
        0.8060456980829653,
        0.8500110792077106,
        0.8815012600110925,
        0.8645475809124933
    ],
    "val_accuracies": [
        0.6,
        0.6666666666666666,
        0.8,
        0.7333333333333333,
        0.7333333333333333,
        0.7333333333333333,
        0.7333333333333333,
        0.7333333333333333,
        0.7333333333333333,
        0.6666666666666666,
        0.7333333333333333,
        0.7333333333333333,
        0.8,
        0.8666666666666667,
        0.8666666666666667,
        0.8666666666666667,
        0.8666666666666667,
        0.8666666666666667,
        0.8666666666666667,
        0.8666666666666667,
        0.8666666666666667,
        0.8666666666666667,
        0.8666666666666667,
        0.8666666666666667,
        0.9333333333333333,
        0.9333333333333333,
        0.9333333333333333,
        0.9333333333333333,
        0.9333333333333333,
        1.0,
        0.9333333333333333,
        0.9333333333333333,
        0.9333333333333333,
        1.0,
        1.0,
        1.0,
        1.0,
        1.0
    ],
    "train_f1": [
        0.499078704922348,
        0.5135981627506858,
        0.4948190658377173,
        0.5565024796571814,
        0.5652173913043478,
        0.5650345943278099,
        0.5252869167218579,
        0.4776028004496805,
        0.5861954518923744,
        0.5505358665205212,
        0.5633847986438815,
        0.5505358665205212,
        0.6159621969197097,
        0.5362318840579711,
        0.5770478358793576,
        0.6011349443843723,
        0.6011349443843723,
        0.6013864620093421,
        0.6594381746269122,
        0.6952683002623137,
        0.6158814997544569,
        0.7029141523341148,
        0.6810254536597248,
        0.6376811594202898,
        0.7171684151089186,
        0.7535196034524256,
        0.5576223928626675,
        0.730481348133205,
        0.8478340780247906,
        0.7029141523341148,
        0.4996056575003944,
        0.7101449275362319,
        0.7525827457892675,
        0.6736558635872136,
        0.7536231884057971,
        0.7029141523341148,
        0.6738616507349161,
        0.7825172971639048
    ],
    "val_f1": [
        0.5045454545454545,
        0.6137566137566137,
        0.7885167464114832,
        0.7066666666666668,
        0.7066666666666668,
        0.7066666666666668,
        0.7066666666666668,
        0.7066666666666668,
        0.7066666666666668,
        0.6137566137566137,
        0.7066666666666668,
        0.7066666666666668,
        0.7885167464114832,
        0.8629629629629629,
        0.8629629629629629,
        0.8629629629629629,
        0.8629629629629629,
        0.8629629629629629,
        0.8629629629629629,
        0.8629629629629629,
        0.8629629629629629,
        0.8629629629629629,
        0.8629629629629629,
        0.8629629629629629,
        0.9327300150829563,
        0.9327300150829563,
        0.9327300150829563,
        0.9327300150829563,
        0.9327300150829563,
        1.0,
        0.9327300150829563,
        0.9327300150829563,
        0.9327300150829563,
        1.0,
        1.0,
        1.0,
        1.0,
        1.0
    ],
    "train_precision": [
        0.49947089947089945,
        0.5140556705774096,
        0.4985761226725082,
        0.5579170176461694,
        0.5654548776032151,
        0.565089298784951,
        0.5426529790660226,
        0.4787566098707403,
        0.586979526109961,
        0.5512736056214316,
        0.5675399479747305,
        0.5512736056214316,
        0.6160470489392985,
        0.5362318840579711,
        0.5832708645677162,
        0.6013897161008537,
        0.6013897161008537,
        0.6013868197286683,
        0.6595253098088637,
        0.6975249706227966,
        0.615885666584408,
        0.7030035706784289,
        0.6820377689942908,
        0.6376811594202898,
        0.7176249599120355,
        0.7537329819938515,
        0.5578014996716605,
        0.7353960865523043,
        0.8479311069103129,
        0.7030035706784289,
        0.4996838777660696,
        0.7101449275362319,
        0.7566703827573392,
        0.6740367434828424,
        0.7539398368042869,
        0.7030035706784289,
        0.6738810540073668,
        0.7827550871029132
    ],