{
    "epochs": [
        1,
        2,
        3,
        4,
        5,
        6,
        7,
        8,
        9,
        10,
        11,
        12,
        13,
        14,
        15,
        16,
        17,
        18,
        19,
        20,
        21,
        22,
        23,
        24,
        25,
        26,
        27,
        28,
        29,
        30,
        31,
        32,
        33,
        34,
        35,
        36,
        37,
        38,
        39,
        40,
        41,
        42,
        43,
        44,
        45,
        46,
        47,
        48,
        49,
        50
    ],
    "train_losses": [
        0.042707639111988785,
        0.04246868878818941,
        0.042799307870260185,
        0.04297014898148136,
        0.04245675652139429,
        0.04112195066999698,
        0.04202293550622636,
        0.04164339850346247,
        0.04088201838127081,
        0.040870666827844536,
        0.0399807655400988,
        0.04010468883358914,
        0.04078807033922361,
        0.03813029647521351,
        0.038937637447447014,
        0.03616194680765055,
        0.03519961119130038,
        0.03473478517886521,
        0.03614830690017645,
        0.03023816226725129,
        0.02957745625273041,
        0.029223836742449497,
        0.034157876195251076,
        0.03281390834329785,
        0.032686536078867706,
        0.03232952628446662,
        0.033397269259760345,
        0.03161975271675898,
        0.033930102390223656,
        0.029262293346118236,
        0.03566674026998057,
        0.032237015124680336,
        0.032553425571624786,
        0.025091278110293373,
        0.03179916626085406,
        0.02341649165727954,
        0.02484451536683069,
        0.028005198993976566,
        0.02559490987788076,
        0.026083498221376667,
        0.021712787017442177,
        0.03116718722858291,
        0.023364887262384098,
        0.019879137665249298,
        0.019855370691073113,
        0.024926048150097115,
        0.019202270693537117,
        0.015855605997469113,
        0.014622090519338415,
        0.024398932759852512
    ],
    "val_losses": [
        0.04350787401199341,
        0.043245334178209305,
        0.042651060968637466,
        0.04210652783513069,
        0.04141470789909363,
        0.0408521331846714,
        0.040418609976768494,
        0.04031567648053169,
        0.03981153294444084,
        0.039659373462200165,
        0.03778066858649254,
        0.035726599395275116,
        0.0340927392244339,
        0.03261885046958923,
        0.03074352815747261,
        0.02853909134864807,
        0.02606562152504921,
        0.02378518506884575,
        0.02184785157442093,
        0.020838957279920578,
        0.02015831507742405,
        0.0196917075663805,
        0.01928894594311714,
        0.019261743873357773,
        0.019236303865909576,
        0.01974795199930668,
        0.019710738211870193,
        0.020101558417081833,
        0.019681287929415703,
        0.019842300564050674,
        0.01961749978363514,
        0.019137224182486534,
        0.01866561360657215,
        0.01772279292345047,
        0.01682216487824917,
        0.016966259106993675,
        0.01696179434657097,
        0.01606699265539646,
        0.014527029357850552,
        0.015238368883728981,
        0.013547469861805439,
        0.012325438670814037,
        0.012666337192058563,
        0.01186091173440218,
        0.010309846140444279,
        0.00862909760326147,
        0.008048680610954762,
        0.00773510430008173,
        0.0075683300383389,
        0.007261265069246292
    ],
    "train_accuracies": [
        0.5387757273687832,
        0.5449003343996794,
        0.507485486459041,
        0.5144136608510778,
        0.5306028628694839,
        0.5990469352058743,
        0.5650133602861045,
        0.5818225128063257,
        0.5935189343880916,
        0.6253041806428329,
        0.6763127092002095,
        0.6459758385368015,
        0.6458375350288723,
        0.7288351750028306,
        0.6935951536980228,
        0.7557863498079604,
        0.7863526828047158,
        0.8062788852746936,
        0.7096268301424773,
        0.8347423111183055,
        0.8218943692635798,
        0.8710156039915223,
        0.8005876333817191,
        0.8134297218875609,
        0.8458697139352992,
        0.7919737497965494,
        0.7738970880923064,
        0.8373149512470632,
        0.8070601864137511,
        0.8459275839985281,
        0.7966818187547766,
        0.7865483518959819,
        0.8608488967453224,
        0.9226083617279495,
        0.7729782297991324,
        0.9353319181912187,
        0.9159849139227383,
        0.8798879955125891,
        0.858500397723654,
        0.8483057229415231,
        0.8979773728743844,
        0.8020334174667579,
        0.8763080818065698,
        0.8999981811081154,
        0.9073522470999456,
        0.845597115115843,
        0.910265590833581,
        0.9392478846121526,
        0.9556997824406278,
        0.8768182561017465
    ],
    "val_accuracies": [
        0.4666666666666667,
        0.4666666666666667,
        0.4666666666666667,
        0.5333333333333333,
        0.6666666666666666,
        0.7333333333333333,
        0.9333333333333333,
        0.9333333333333333,
        1.0,
        1.0,
        0.8666666666666667,
        0.7333333333333333,
        0.8666666666666667,
        0.8666666666666667,
        0.8666666666666667,
        1.0,
        1.0,
        1.0,
        1.0,
        1.0,
        1.0,
        1.0,
        1.0,
        1.0,
        1.0,
        1.0,
        1.0,
        1.0,
        1.0,
        1.0,
        1.0,
        1.0,
        1.0,
        1.0,
        1.0,
        1.0,
        0.9333333333333333,
        0.9333333333333333,
        0.9333333333333333,
        0.9333333333333333,
        0.9333333333333333,
        1.0,
        0.9333333333333333,
        0.9333333333333333,
        1.0,
        1.0,
        1.0,
        1.0,
        1.0,
        1.0
    ],
    "train_f1": [
        0.5273321834840433,
        0.5138872283371193,
        0.43894256575415996,
        0.4844337090713902,
        0.47514239893822924,
        0.5798156426791153,
        0.5174761939912895,
        0.530702606967753,
        0.5723963865191124,
        0.5916264090177134,
        0.6728296981077568,
        0.4782608695652174,
        0.6499706227967097,
        0.5993685644126205,
        0.708923199095921,
        0.6303765619684513,
        0.614668238399884,
        0.6361539988699012,
        0.5079140646478928,
        0.7168712294570418,
        0.738471673254282,
        0.7006533725157714,
        0.708923199095921,
        0.5721268601317938,
        0.8840092558762636,
        0.7675303762260284,
        0.7318418194673079,
        0.7309948079395417,
        0.7164539867470844,
        0.5931781583955497,
        0.6658249158249158,
        0.6665266106442577,
        0.8985507246376812,
        0.7313900301757519,
        0.7164524050267225,
        0.7970161440196446,
        0.9492353565580111,
        0.6587927410340632,
        0.6158814997544569,
        0.7313900301757519,
        0.5652173913043478,
        0.6437478934951129,
        0.7094118904720453,
        0.6367648630900566,
        0.6884221597650474,
        0.6215971406188798,
        0.7753741151794528,
        0.789821952695835,
        0.6593666129898014,
        0.7894678614891028
    ],