{
    "epochs": [
        1,
        2,
        3,
        4,
        5,
        6,
        7,
        8,
        9,
        10,
        11,
        12,
        13,
        14,
        15,
        16,
        17,
        18,
        19,
        20,
        21,
        22,
        23,
        24,
        25,
        26,
        27,
        28,
        29,
        30,
        31,
        32,
        33,
        34,
        35,
        36,
        37,
        38,
        39,
        40,
        41,
        42,
        43,
        44,
        45,
        46,
        47,
        48
    ],
    "train_losses": [
        0.04284694450704948,
        0.04287743303870809,
        0.04246525083115135,
        0.04203802563142085,
        0.04236363511586535,
        0.04228594980162123,
        0.04205965984990631,
        0.04226555707662002,
        0.04259355128675267,
        0.04228354758326558,
        0.04148889732533607,
        0.041372043876976204,
        0.04122543291769166,
        0.04046008217593898,
        0.03941533736128738,
        0.038821094493935074,
        0.037594956764276474,
        0.037979379404282226,
        0.038793768517781,
        0.03582148507669352,
        0.033376389142611755,
        0.03296561134250268,
        0.03237448918862619,
        0.032038198864978294,
        0.03068578499706759,
        0.0319953314366116,
        0.03172774029814679,
        0.030882216018179188,
        0.033151809666035835,
        0.03526679242866627,
        0.027381169650217762,
        0.03002328312267428,
        0.035426998241008194,
        0.026773959020341652,
        0.025738746953615242,
        0.02839429034055143,
        0.024677416903601177,
        0.02879211436147275,
        0.023163298522864563,
        0.024312794370495754,
        0.025704605518367844,
        0.03684741631150246,
        0.02016496868885082,
        0.020749144688032677,
        0.03227905605150306,
        0.02277643562874932,
        0.020429995558832004,
        0.03472523844760397
    ],
    "val_losses": [
        0.041747260838747025,
        0.04138200730085373,
        0.04122328758239746,
        0.04143017530441284,
        0.0414474755525589,
        0.041249364614486694,
        0.04097213223576546,
        0.04090883210301399,
        0.04087809473276138,
        0.040832243859767914,
        0.04023488983511925,
        0.03961208835244179,
        0.038699887692928314,
        0.03782646730542183,
        0.03657880052924156,
        0.03502562642097473,
        0.033158402889966965,
        0.03140540048480034,
        0.029820013791322708,
        0.027764568105340004,
        0.026247240602970123,
        0.02542649768292904,
        0.02332446351647377,
        0.022007765248417854,
        0.02140938863158226,
        0.021073421463370323,
        0.02121383510529995,
        0.021325699985027313,
        0.02097657322883606,
        0.02121732011437416,
        0.01723531447350979,
        0.014683091081678867,
        0.013554577715694904,
        0.011806732043623924,
        0.011096240021288395,
        0.011604352854192257,
        0.009705877862870693,
        0.009393292479217052,
        0.009475973434746265,
        0.010112215764820576,
        0.008915587328374386,
        0.010459944605827332,
        0.011794439516961575,
        0.011231702752411366,
        0.011384211480617523,
        0.010037636384367943,
        0.009169334545731544,
        0.009595261886715889
    ],
    "train_accuracies": [
        0.456387125927469,
        0.49753443400065106,
        0.5314353030660878,
        0.5905507267385289,
        0.5302071778670602,
        0.5758530437082484,
        0.5266224957894587,
        0.5414272391277811,
        0.555579662322998,
        0.5480617578478827,
        0.6309684013974839,
        0.6095629671345586,
        0.6107996512150419,
        0.6571554239245428,
        0.7467325010161469,
        0.6943920660709989,
        0.7513452612835428,
        0.7142103098440862,
        0.6592502801314645,
        0.7305208012677621,
        0.8288429025290669,
        0.807776399280714,
        0.8472252306730851,
        0.8390366720116657,
        0.8136539942976357,
        0.7680937310923701,
        0.8113805936730426,
        0.7915534212969352,
        0.7947429021199545,
        0.7315469651982405,
        0.8864946779997452,
        0.8061301466347515,
        0.7552659269692241,
        0.8356993647589199,
        0.8586636764415796,
        0.8226650694142217,
        0.8799967005632926,
        0.8152422835861427,
        0.8884588670039523,
        0.8532154698302781,
        0.8601302202197089,
        0.7607943424280139,
        0.8993625364441803,
        0.8949025610218877,
        0.7648949692214745,
        0.8971889606420544,
        0.9059608777364095,
        0.7726852444634922
    ],
    "val_accuracies": [
        0.6,
        0.6,
        0.8666666666666667,
        0.8,
        0.8,
        0.8,
        0.9333333333333333,
        0.9333333333333333,
        0.9333333333333333,
        0.9333333333333333,
        1.0,
        0.9333333333333333,
        1.0,
        1.0,
        1.0,
        1.0,
        1.0,
        1.0,
        1.0,
        1.0,
        1.0,
        1.0,
        1.0,
        1.0,
        1.0,
        1.0,
        1.0,
        1.0,
        1.0,
        1.0,
        1.0,
        1.0,
        1.0,
        1.0,
        0.9333333333333333,
        0.9333333333333333,
        1.0,
        1.0,
        1.0,
        1.0,
        1.0,
        1.0,
        1.0,
        1.0,
        1.0,
        1.0,
        1.0,
        1.0
    ],
    "train_f1": [
        0.46775069987550116,
        0.448349190971048,
        0.5499690768448023,
        0.5844080807247064,
        0.5561791623272333,
        0.5859792381531512,
        0.5362318840579711,
        0.513344016776511,
        0.548442604094778,
        0.5644843542401612,
        0.6522469857508221,
        0.5580406802115098,
        0.5714521938778231,
        0.6010095818914813,
        0.6594739667203435,
        0.6074563014101056,
        0.6806218597761182,
        0.6519543258673693,
        0.5000787691015071,
        0.7378053830227744,
        0.8026323997255318,
        0.6735525367087449,
        0.7307930614304959,
        0.7753032627174503,
        0.7173170079348569,
        0.6434827029755218,
        0.7092268899334117,
        0.738965744400527,
        0.7433882365668673,
        0.5775753393144698,
        0.7092268899334117,
        0.7016896086121712,
        0.818640298171525,
        0.6593307531522634,
        0.7391304347826086,
        0.7457749530550338,
        0.9127680669800234,
        0.6738273168479119,
        0.6593307531522634,
        0.7753032627174503,
        0.6593307531522634,
        0.6150333267038072,
        0.8621669464716027,
        0.6954603580562659,
        0.6956521739130435,
        0.9058119482417971,
        0.8406132018024601,
        0.7025700890013009
    ],
    "val_f1": [
        0.45,
        0.45,
        0.86,
        0.780952380952381,
        0.780952380952381,
        0.780952380952381,
        0.9320574162679426,
        0.9320574162679426,
        0.9320574162679426,
        0.9320574162679426,
        1.0,
        0.9320574162679426,
        1.0,
        1.0,
        1.0,
        1.0,
        1.0,
        1.0,
        1.0,
        1.0,
        1.0,
        1.0,
        1.0,
        1.0,
        1.0,
        1.0,
        1.0,
        1.0,
        1.0,
        1.0,
        1.0,
        1.0,
        1.0,
        1.0,
        0.9339366515837104,
        0.9339366515837104,
        1.0,
        1.0,
        1.0,
        1.0,
        1.0,
        1.0,
        1.0,
        1.0,
        1.0,
        1.0,
        1.0,
        1.0
    ],