{
    "epochs": [
        1,
        2,
        3,
        4,
        5,
        6,
        7,
        8,
        9,
        10,
        11,
        12,
        13,
        14,
        15,
        16,
        17,
        18,
        19,
        20,
        21,
        22,
        23,
        24,
        25,
        26,
        27,
        28,
        29,
        30,
        31,
        32,
        33,
        34,
        35,
        36,
        37,
        38,
        39,
        40,
        41,
        42,
        43,
        44,
        45,
        46
    ],
    "train_losses": [
        0.04277200658434357,
        0.043257315101382,
        0.04285147898142634,
        0.042709350756375615,
        0.042055225523273926,
        0.04183673391155168,
        0.0416094378805628,
        0.041263790618555216,
        0.04112171583802871,
        0.041045754514878095,
        0.0412158142117893,
        0.041636819032087824,
        0.04062559733203813,
        0.04007579503106136,
        0.03802792618379874,
        0.037038258940371035,
        0.038103923664178724,
        0.03736390197783514,
        0.03296447458853519,
        0.03390264776504897,
        0.03039381300020062,
        0.03263991708362025,
        0.032189850482383583,
        0.028256327619934393,
        0.03532855982094808,
        0.0315234306591009,
        0.02969977404508326,
        0.028966100582110337,
        0.026317831384492854,
        0.0322315269484629,
        0.029427702703020153,
        0.026136394541442783,
        0.0221298214997731,
        0.031934575110771295,
        0.022788760684479294,
        0.020030410363783245,
        0.020622506153349783,
        0.024015009622363484,
        0.019975678812639387,
        0.028851931963383762,
        0.017911303471895606,
        0.023236540651399327,
        0.01646779475161453,
        0.0228752424709158,
        0.026507024756736226,
        0.025245052902332317
    ],
    "val_losses": [
        0.04271996202759254,
        0.04241459281780781,
        0.041881211006488554,
        0.04168914993986105,
        0.04145910256566145,
        0.04136218990270908,
        0.041207083238241,
        0.041165347855824694,
        0.0410293331130957,
        0.040891883751520745,
        0.0398604307228174,
        0.038631442647713884,
        0.036946830268089585,
        0.03518270280880806,
        0.0332907056197142,
        0.031232289396799527,
        0.02971222485678318,
        0.02805924367828247,
        0.026526610247599773,
        0.024826915313800175,
        0.023462215438485146,
        0.022674640879417077,
        0.02172309819322366,
        0.02080669932258435,
        0.020669947115656655,
        0.020314116556292925,
        0.020602740108584747,
        0.02011104687475241,
        0.02010724192055372,
        0.01978496825083708,
        0.017155514791225776,
        0.014926469574371973,
        0.012304238640727142,
        0.011878928456168909,
        0.011352387615121327,
        0.009770310412232693,
        0.008479121690377211,
        0.008058520033955574,
        0.007596456851714697,
        0.008255789844462505,
        0.008692089348840408,
        0.00868416259972713,
        0.008817567943762511,
        0.008981893388315653,
        0.009241888968226237,
        0.00927424855912343
    ],
    "train_accuracies": [
        0.5468525232053271,
        0.49672098097458384,
        0.5096525927774267,
        0.46394166136099624,
        0.5536056718015983,
        0.5126984290827333,
        0.5562307133394129,
        0.6005187938415927,
        0.601521311242596,
        0.5854585310992073,
        0.5796957202986175,
        0.542915113611159,
        0.6109402600456687,
        0.6283117930094401,
        0.6776601379992915,
        0.70829014996298,
        0.7182727514528761,
        0.7102662254782284,
        0.8157592598908867,
        0.716881028966966,
        0.8496934728684769,
        0.8380978278864443,
        0.8197595558914483,
        0.8364068947586358,
        0.7557812485040403,
        0.7987973830279183,
        0.818320604710797,
        0.8453226650462431,
        0.8661243712979984,
        0.8327118493373098,
        0.8279942655875012,
        0.8786458283468009,
        0.9209792691897722,
        0.800019619511623,
        0.8772535635754953,
        0.9100162655699486,
        0.8951900457245072,
        0.8814179663564644,
        0.9223321403553283,
        0.8504152484968597,
        0.9343307719511145,
        0.8755987080094082,
        0.9489036136203342,
        0.8662778442981196,
        0.8598919662774778,
        0.8710305706348295
    ],
    "val_accuracies": [
        0.5641025641025641,
        0.6410256410256411,
        0.7692307692307693,
        0.8205128205128205,
        0.8461538461538461,
        0.7948717948717948,
        0.8205128205128205,
        0.8205128205128205,
        0.8461538461538461,
        0.8717948717948718,
        0.8717948717948718,
        0.9487179487179487,
        0.9743589743589743,
        0.9487179487179487,
        0.9487179487179487,
        0.9487179487179487,
        0.9487179487179487,
        0.9487179487179487,
        0.8974358974358975,
        0.8974358974358975,
        0.9230769230769231,
        0.9230769230769231,
        0.8974358974358975,
        0.9230769230769231,
        0.9230769230769231,
        0.9230769230769231,
        0.9487179487179487,
        0.9230769230769231,
        0.9487179487179487,
        0.9487179487179487,
        0.9487179487179487,
        0.9487179487179487,
        0.9487179487179487,
        0.9230769230769231,
        0.9487179487179487,
        0.9487179487179487,
        0.9487179487179487,
        0.9743589743589743,
        0.9743589743589743,
        0.9487179487179487,
        0.9487179487179487,
        0.9487179487179487,
        0.9743589743589743,
        0.9743589743589743,
        0.9743589743589743,
        0.9743589743589743
    ],
    "train_f1": [
        0.492334655996096,
        0.4989377057688253,
        0.46756271299881846,
        0.48789293495175845,
        0.5767781622452903,
        0.5091630311733626,
        0.518011531770734,
        0.5356947592180458,
        0.5754923512850703,
        0.5681471046992979,
        0.5095524637418769,
        0.5678518667741068,
        0.5503267973856208,
        0.6508788038255554,
        0.6183704003689829,
        0.6511805096570463,
        0.5356947592180458,
        0.5957049486461251,
        0.6904019581094546,
        0.6816192634638027,
        0.7516339869281046,
        0.7313833279438713,
        0.6121911648820284,
        0.6527638141713458,
        0.5866454007919183,
        0.6916243466225422,
        0.7706930848301339,
        0.6928104575163399,
        0.8496603569149656,
        0.5420923529635369,
        0.8235143320306119,
        0.8430568124685771,
        0.6535947712418301,
        0.6469683257918553,
        0.8169778278137412,
        0.7712418300653595,
        0.5613046056997222,
        0.7188822007475638,
        0.7124183006535948,
        0.6666381827244892,
        0.5814848332495391,
        0.7907424166247695,
        0.5946673370202782,
        0.7973683071462581,
        0.7776638176638178,
        0.6600435729847495
    ],