{
    "epochs": [
        1,
        2,
        3,
        4,
        5,
        6,
        7,
        8
    ],
    "train_losses": [
        0.04332476383904471,
        0.04255589636137886,
        0.04227453309797893,
        0.04288874930926483,
        0.0420406287277702,
        0.041886603364544195,
        0.04147381014632483,
        0.04147038385815864
    ],
    "val_losses": [
        0.04193343594670296,
        0.04237977787852287,
        0.04235273599624634,
        0.0426487997174263,
        0.042741015553474426,
        0.04279901832342148,
        0.04286899417638779,
        0.04278885945677757
    ],
    "train_accuracies": [
        0.49745458756050054,
        0.5361615654325833,
        0.5685995930302752,
        0.5512213985415271,
        0.5612509929350693,
        0.5956148370339053,
        0.6072131943528669,
        0.6231375088656905
    ],
    "val_accuracies": [
        0.625,
        0.4375,
        0.4375,
        0.5625,
        0.4375,
        0.4375,
        0.5,
        0.4375
    ],
    "train_f1": [
        0.3879301593071789,
        0.5465263690081209,
        0.5515851155225897,
        0.5393740411768728,
        0.54135155256692,
        0.6100004141881753,
        0.5731461388395696,
        0.5136661139264701
    ],
    "val_f1": [
        0.4807692307692308,
        0.3804347826086957,
        0.42532467532467527,
        0.5678137651821862,
        0.4264705882352941,
        0.4264705882352941,
        0.47619047619047616,
        0.38967611336032393
    ],
    "train_precision": [
        0.4472284261315171,
        0.6371642848486543,
        0.6069475560694755,
        0.5845198042662507,
        0.567042208822596,
        0.6402746729627085,
        0.5819140308191404,
        0.5326120343048437
    ],
    "val_precision": [
        0.390625,
        0.3365384615384615,
        0.4159090909090909,
        0.5773809523809523,
        0.5113636363636364,
        0.5113636363636364,
        0.625,
        0.5608974358974359
    ],
    "train_recall": [
        0.46715328467153283,
        0.583941605839416,
        0.5766423357664233,
        0.5620437956204379,
        0.5547445255474452,
        0.6204379562043796,
        0.5766423357664233,
        0.5255474452554745
    ],
    "val_recall": [
        0.625,
        0.4375,
        0.4375,
        0.5625,
        0.4375,
        0.4375,
        0.5,
        0.4375
    ],
    "train_bal_acc": [
        0.4750533049040512,
        0.5902985074626865,
        0.5818763326226013,
        0.5669509594882729,
        0.5585287846481877,
        0.6240938166311301,
        0.5786780383795309,
        0.528997867803838
    ],
    "val_bal_acc": [
        0.5,
        0.35,
        0.3833333333333333,
        0.55,
        0.4833333333333333,
        0.4833333333333333,
        0.5666666666666667,
        0.5166666666666667
    ],
    "train_auc": [
        0.4750533049040512,
        0.5902985074626866,
        0.5818763326226013,
        0.5669509594882729,
        0.5585287846481877,
        0.6240938166311301,
        0.5786780383795309,
        0.528997867803838
    ],
    "val_auc": [
        0.5,
        0.35,
        0.3833333333333333,
        0.55,
        0.4833333333333334,
        0.4833333333333334,
        0.5666666666666668,
        0.5166666666666667
    ]
}