epoch,train_loss,val_loss,train_accuracy,val_accuracy,train_score,val_score
1,0.7696415036916733,0.8168554902076721,0.46846846846846846,0.8214285714285714,0.31750572082379863,0.0
2,0.3677460812032223,0.6793667078018188,0.8468468468468469,0.8214285714285714,0.7139588100686499,0.0
3,0.1657889150083065,1.028804898262024,0.8738738738738738,0.8214285714285714,0.8478260869565217,0.0
4,0.20720562059432268,3.2559797763824463,0.963963963963964,0.8214285714285714,0.8752860411899314,0.0
5,0.2731406819075346,7.620925426483154,0.8558558558558559,0.8214285714285714,0.7585812356979404,0.0
