{
    "epochs": [
        1,
        2,
        3,
        4,
        5,
        6,
        7,
        8,
        9,
        10,
        11,
        12,
        13,
        14,
        15,
        16,
        17,
        18,
        19,
        20,
        21,
        22,
        23,
        24,
        25,
        26,
        27,
        28,
        29,
        30,
        31,
        32,
        33,
        34,
        35,
        36,
        37,
        38,
        39,
        40,
        41,
        42,
        43,
        44,
        45,
        46,
        47,
        48,
        49,
        50
    ],
    "train_losses": [
        0.04314347634128496,
        0.04306679033960392,
        0.04310699311249396,
        0.04161919612023565,
        0.04263335344643375,
        0.04322881514535231,
        0.04291194190386853,
        0.042419562493663986,
        0.04289888602748416,
        0.04219928223128412,
        0.04174682668416329,
        0.04181015783665227,
        0.042351087421373605,
        0.04117271903098798,
        0.04096279962877043,
        0.040810040423488306,
        0.03972451454576324,
        0.04126883887387569,
        0.03990209363157453,
        0.03937829436819538,
        0.0383732731825386,
        0.03687027189271902,
        0.03544201175956165,
        0.03512030065644021,
        0.034597645592845346,
        0.03174830649315921,
        0.028137356456783082,
        0.02817935525786643,
        0.029659114899783352,
        0.0346740592222393,
        0.023669504298785934,
        0.02136702985301906,
        0.01700178884408053,
        0.020114125823906433,
        0.0227703026501961,
        0.022305345223620047,
        0.02448968818179922,
        0.016029529796998485,
        0.020891873884240006,
        0.01472103187899574,
        0.010725572133083748,
        0.010790507863062659,
        0.033935778579534656,
        0.02361353916523893,
        0.016309011465827236,
        0.02119386266746552,
        0.01236369127249406,
        0.02495498932118899,
        0.027006153504248537,
        0.017549549576406386
    ],
    "val_losses": [
        0.04300361050245089,
        0.042939161451963276,
        0.042762029820527785,
        0.04260247076551119,
        0.04247438506438182,
        0.042412739724684984,
        0.04231872065709187,
        0.042209228357443444,
        0.04208586422296671,
        0.041968775483278126,
        0.041740494374281324,
        0.04149244725704193,
        0.04135775890869972,
        0.04109777854039119,
        0.04068101675082476,
        0.04028314103682836,
        0.039772212314300046,
        0.03913854692990963,
        0.03826192766427994,
        0.03709337898553946,
        0.03567363493717634,
        0.03411953208538202,
        0.03181232769901936,
        0.02904074787138364,
        0.026581562768954497,
        0.022945278013745945,
        0.01889232765787687,
        0.01568441644597512,
        0.014085020631169662,
        0.014345429001901394,
        0.01363240366276258,
        0.010680162682174107,
        0.007519922398317318,
        0.006328404916880222,
        0.004870747669767111,
        0.004656099690458713,
        0.0051292323579008765,
        0.005729574208649306,
        0.004668587550091056,
        0.003957316201801102,
        0.0034841598930935827,
        0.002928836092066306,
        0.003959825244517281,
        0.004971619020813169,
        0.005414618525463037,
        0.005839618591543956,
        0.0056609626716146106,
        0.0067937343548505735,
        0.006348022701553045,
        0.005316742946608708
    ],
    "train_accuracies": [
        0.5017777673559252,
        0.49738308027678846,
        0.5164816363964205,
        0.6143028159546696,
        0.5226997300690296,
        0.480691267773996,
        0.49032242469538273,
        0.5802980871761546,
        0.5483438454422296,
        0.5626487981260212,
        0.6078909767998589,
        0.5929355621337891,
        0.5519980012980941,
        0.5999451057583678,
        0.6299174502004985,
        0.615201975005904,
        0.7036375531963274,
        0.5976782780067593,
        0.6748205820719401,
        0.6569493237663718,
        0.6760309506085963,
        0.7229165469898897,
        0.7334849787693397,
        0.7237936905006958,
        0.7706823660657297,
        0.789391262079376,
        0.8615324980293224,
        0.8123236138836231,
        0.8058126860973882,
        0.7554797004250919,
        0.8730501661113664,
        0.907824734457178,
        0.9379097059661267,
        0.8895877888000089,
        0.8938712325750613,
        0.8842974394754647,
        0.8499228782903135,
        0.9375165178884868,
        0.9064030117458768,
        0.9458393894769008,
        0.9648676230237375,
        0.9754567115135442,
        0.8382583069645502,
        0.8695015003478604,
        0.9192598380294501,
        0.8971926246593201,
        0.950719347187117,
        0.8681880975860397,
        0.8244936450634127,
        0.9094917571622562
    ],
    "val_accuracies": [
        0.48717948717948717,
        0.48717948717948717,
        0.48717948717948717,
        0.48717948717948717,
        0.48717948717948717,
        0.48717948717948717,
        0.48717948717948717,
        0.48717948717948717,
        0.5128205128205128,
        0.5641025641025641,
        0.6923076923076923,
        0.7948717948717948,
        0.7948717948717948,
        0.8205128205128205,
        0.8461538461538461,
        0.8461538461538461,
        0.8974358974358975,
        0.9230769230769231,
        0.8974358974358975,
        0.9230769230769231,
        0.9487179487179487,
        0.9487179487179487,
        1.0,
        1.0,
        1.0,
        1.0,
        1.0,
        1.0,
        0.9487179487179487,
        0.9487179487179487,
        0.9487179487179487,
        0.9743589743589743,
        1.0,
        1.0,
        1.0,
        1.0,
        1.0,
        0.9743589743589743,
        1.0,
        1.0,
        1.0,
        1.0,
        1.0,
        1.0,
        1.0,
        1.0,
        1.0,
        0.9743589743589743,
        0.9743589743589743,
        1.0
    ],
    "train_f1": [
        0.42772010765090346,
        0.4429356485546125,
        0.5041683460257526,
        0.5340605746813484,
        0.49568925385918844,
        0.5074955095239071,
        0.4901868987295292,
        0.5235291788371322,
        0.533950384573719,
        0.5619087778480568,
        0.47681585954719774,
        0.5430417001108435,
        0.5487882666425267,
        0.5222634127026072,
        0.6092675406744894,
        0.581592089827384,
        0.72534942182001,
        0.6141812714769431,
        0.6339869281045751,
        0.5669632050351004,
        0.6279523495155322,
        0.6582042870967235,
        0.6519600132014423,
        0.7209642621366492,
        0.6381124553840449,
        0.703910190768764,
        0.6727833566999614,
        0.7189542483660131,
        0.612559259978964,
        0.7842584331318514,
        0.8426531106269668,
        0.7842952947040812,
        0.6208178314060667,
        0.8627450980392157,
        0.6535947712418301,
        0.7777207977207976,
        0.6924161698222265,
        0.6926528772782429,
        0.7385397540196302,
        0.6666381827244892,
        0.5292911010558069,
        0.5226310647087601,
        0.5420923529635369,
        0.9215485168426345,
        0.6535947712418301,
        0.6535947712418301,
        0.7711244830795426,
        0.8038712921065863,
        0.7042136003337506,
        0.8038712921065863
    ],