{
    "epochs": [
        1,
        2,
        3,
        4,
        5,
        6,
        7,
        8,
        9,
        10,
        11,
        12,
        13,
        14,
        15,
        16,
        17,
        18,
        19,
        20,
        21,
        22,
        23,
        24,
        25,
        26,
        27,
        28,
        29,
        30,
        31,
        32,
        33,
        34,
        35,
        36,
        37,
        38,
        39,
        40,
        41,
        42,
        43,
        44,
        45,
        46,
        47,
        48,
        49,
        50
    ],
    "train_losses": [
        0.04281426434878443,
        0.0436667160543262,
        0.043084852336371535,
        0.0425972864642495,
        0.04261420984737209,
        0.042923726263593455,
        0.042159509768740076,
        0.04279964191258931,
        0.04328741450778774,
        0.04223119436961706,
        0.041705857779158924,
        0.04191813721764283,
        0.042347133892481445,
        0.04213132770335088,
        0.042040238126379546,
        0.041393274960459255,
        0.0411339492582884,
        0.040423301338660914,
        0.03938829825549829,
        0.038772484318154755,
        0.038155456424736583,
        0.03652257789842418,
        0.037535181666006806,
        0.03305032962291944,
        0.03340170862244778,
        0.03103740324006706,
        0.030418075193635753,
        0.0294327298026593,
        0.031623220529224054,
        0.029679440389402578,
        0.030282913325507133,
        0.027758977849219667,
        0.026150282899864385,
        0.03542210070080445,
        0.032249323260344444,
        0.024890089132746714,
        0.023520094876895187,
        0.020777534632409205,
        0.02713348795888854,
        0.018345408508035004,
        0.02651258017562452,
        0.028130459064831498,
        0.01255625982570355,
        0.02145477842356338,
        0.01737288367308554,
        0.013804283939668389,
        0.018560913070792058,
        0.012560423944511862,
        0.014532183846611469,
        0.01996086699674364
    ],
    "val_losses": [
        0.042636845260858536,
        0.04269043728709221,
        0.04265729710459709,
        0.04261191934347153,
        0.042525723576545715,
        0.042497385293245316,
        0.042436838150024414,
        0.042358819395303726,
        0.042279087007045746,
        0.04212456941604614,
        0.04197750613093376,
        0.04192664101719856,
        0.04180335998535156,
        0.04157410189509392,
        0.041253309696912766,
        0.040809910744428635,
        0.04027867317199707,
        0.0397646427154541,
        0.03903580829501152,
        0.038073763251304626,
        0.03642114996910095,
        0.0343133918941021,
        0.031730812042951584,
        0.02872590348124504,
        0.026478005573153496,
        0.024362731724977493,
        0.022242922335863113,
        0.020615503191947937,
        0.019473055377602577,
        0.01884547621011734,
        0.018589012324810028,
        0.018079478293657303,
        0.017520733177661896,
        0.015979474410414696,
        0.015234624035656452,
        0.013915234245359898,
        0.012124551460146904,
        0.010562261566519737,
        0.00910415779799223,
        0.007816295139491558,
        0.006671216804534197,
        0.006069362163543701,
        0.005349422339349985,
        0.004560120403766632,
        0.0035607104655355215,
        0.002713138936087489,
        0.002060039434581995,
        0.0016361967427656054,
        0.001403598696924746,
        0.0013886980013921857
    ],
    "train_accuracies": [
        0.4771559355688877,
        0.5269262751594919,
        0.4674551369713955,
        0.5530312178564853,
        0.5253028166098673,
        0.4909478719117212,
        0.5600771982161725,
        0.4962905352232886,
        0.45976058772352874,
        0.5126002733824683,
        0.5490730629592645,
        0.5583333969116211,
        0.5260169545158011,
        0.5333100694124816,
        0.5174144056976818,
        0.5441152775873903,
        0.5441835903730549,
        0.6752918118336162,
        0.5965848516245358,
        0.6177717584078429,
        0.6549172323258197,
        0.6986347261022349,
        0.614459147218798,
        0.7238153551445633,
        0.7611975122670658,
        0.8168974391749648,
        0.8340349353727747,
        0.8125566420007925,
        0.7928231348756885,
        0.7800594705050109,
        0.8042838768880876,
        0.8913991021328285,
        0.8740318485947906,
        0.7785600287015321,
        0.8441961945080366,
        0.9219597519421187,
        0.9155461670922451,
        0.9290733962762551,
        0.8627793827994925,
        0.922839524316006,
        0.8572231667940734,
        0.8458459572713883,
        0.9721701106087106,
        0.8905990944534051,
        0.9184672715233975,
        0.9420462749043449,
        0.934118067631956,
        0.9570033745687516,
        0.9365742792848681,
        0.9040203719842629
    ],
    "val_accuracies": [
        0.5806451612903226,
        0.45161290322580644,
        0.5161290322580645,
        0.5483870967741935,
        0.6129032258064516,
        0.7419354838709677,
        0.6451612903225806,
        0.6129032258064516,
        0.6451612903225806,
        0.7419354838709677,
        0.7741935483870968,
        0.7419354838709677,
        0.8064516129032258,
        0.8709677419354839,
        0.8709677419354839,
        0.9354838709677419,
        0.9354838709677419,
        0.9032258064516129,
        0.9032258064516129,
        0.9032258064516129,
        0.9032258064516129,
        0.9032258064516129,
        0.9354838709677419,
        0.9354838709677419,
        0.967741935483871,
        0.967741935483871,
        0.967741935483871,
        0.967741935483871,
        1.0,
        1.0,
        1.0,
        1.0,
        1.0,
        1.0,
        1.0,
        1.0,
        1.0,
        1.0,
        1.0,
        1.0,
        1.0,
        1.0,
        1.0,
        1.0,
        1.0,
        1.0,
        1.0,
        1.0,
        1.0,
        1.0
    ],
    "train_f1": [
        0.474563039997883,
        0.5672702596521305,
        0.45609610406849405,
        0.5099847930348758,
        0.4792379751396145,
        0.5632318501170961,
        0.4985139660296669,
        0.3937099981617954,
        0.45076609878924245,
        0.5357519407433771,
        0.5117090466529638,
        0.5071584699453552,
        0.4799721351445489,
        0.43918032786885247,
        0.4657639196573623,
        0.5380733923931127,
        0.524242722550683,
        0.7337047751705418,
        0.5510457729253379,
        0.5946052399255708,
        0.5946052399255708,
        0.5921311475409837,
        0.5336540669231123,
        0.5934437810887655,
        0.6322435750884223,
        0.7337047751705418,
        0.8016819246327443,
        0.5800306251125923,
        0.6373974027123294,
        0.5394997173544376,
        0.8089771227085109,
        0.5326927080407506,
        0.6310731505717041,
        0.6703612751930267,
        0.8852459016393442,
        0.7049180327868853,
        0.6391502048629029,
        0.5888365301652618,
        0.720408840512378,
        0.7124379099051313,
        0.5791639044443186,
        0.7294536437525829,
        0.8524590163934426,
        0.7213114754098361,
        0.9508196721311475,
        0.630775188410402,
        0.47540983606557374,
        0.7213114754098361,
        0.9507932097540323,
        0.9506603836198314
    ],