{
    "epochs": [
        1,
        2,
        3,
        4,
        5,
        6,
        7,
        8,
        9,
        10,
        11,
        12,
        13,
        14,
        15,
        16,
        17,
        18,
        19,
        20,
        21,
        22,
        23,
        24,
        25,
        26,
        27,
        28,
        29,
        30,
        31,
        32,
        33,
        34,
        35,
        36,
        37,
        38,
        39,
        40,
        41,
        42,
        43,
        44,
        45,
        46,
        47,
        48,
        49,
        50
    ],
    "train_losses": [
        0.04390626576373247,
        0.04213369704358946,
        0.043628069897735024,
        0.04138599702618956,
        0.04272044607536579,
        0.0422387493213987,
        0.042355196050754405,
        0.04228988444296325,
        0.04241992699784961,
        0.042131704164714345,
        0.04213458817543053,
        0.04231696581937433,
        0.042026055174145274,
        0.04234074213640476,
        0.04239104991036702,
        0.04122660487769096,
        0.04005250516461163,
        0.03917146159139106,
        0.03966485239504799,
        0.041450001693111124,
        0.038589894529280626,
        0.03919028617986819,
        0.03551331459264445,
        0.03840138454262803,
        0.03304483747579218,
        0.03477396125473627,
        0.03227284322000616,
        0.031926954543687464,
        0.0337155460402733,
        0.029890299539982786,
        0.027816187060339663,
        0.02906939326747646,
        0.023972010663975547,
        0.02901224448247169,
        0.025713370582921717,
        0.021883501966552036,
        0.021403964003169438,
        0.024578643796162876,
        0.025161118541912334,
        0.024524415653895557,
        0.021123588312326406,
        0.024165485281406378,
        0.020327382584715763,
        0.016820093654701863,
        0.016383704820238962,
        0.01343129117162974,
        0.01548066394539868,
        0.019544009709867034,
        0.01217983229979267,
        0.00974634099691137
    ],
    "val_losses": [
        0.042930204421281815,
        0.04275275394320488,
        0.04253902658820152,
        0.04238452389836311,
        0.04231693968176842,
        0.04221772402524948,
        0.042058445513248444,
        0.041991930454969406,
        0.041897475719451904,
        0.0417584590613842,
        0.041601911187171936,
        0.04144568741321564,
        0.04125777259469032,
        0.04093440994620323,
        0.040652040392160416,
        0.040309201925992966,
        0.04002460092306137,
        0.03958173096179962,
        0.03887408599257469,
        0.03812209144234657,
        0.0372944101691246,
        0.036485712975263596,
        0.03554726764559746,
        0.034242305904626846,
        0.03308819606900215,
        0.032007958739995956,
        0.030232416465878487,
        0.029148545116186142,
        0.02743564173579216,
        0.0254310742020607,
        0.02425811067223549,
        0.023403853178024292,
        0.022618133574724197,
        0.021902848035097122,
        0.021334322169423103,
        0.020827583968639374,
        0.019955938681960106,
        0.01940188929438591,
        0.014822015538811684,
        0.012796485796570778,
        0.011149625293910503,
        0.01028077956289053,
        0.009677436202764511,
        0.009482674300670624,
        0.009454208426177502,
        0.008334925398230553,
        0.009367234073579311,
        0.008782139979302883,
        0.009785676375031471,
        0.011849339120090008
    ],
    "train_accuracies": [
        0.4522004709011171,
        0.579378546738043,
        0.48609728929473134,
        0.593561870295827,
        0.5439078245705705,
        0.5974126831302798,
        0.5585007628774256,
        0.5522910017308181,
        0.4805232955188286,
        0.545192757273108,
        0.5486285589574799,
        0.5118166217959024,
        0.4862301369023517,
        0.535965973768777,
        0.5310669022846998,
        0.559689374474006,
        0.608400282821035,
        0.6615771161831492,
        0.5996451804308387,
        0.5473265919258924,
        0.5958295372443471,
        0.6462294415729802,
        0.6918202221878176,
        0.6350200001786395,
        0.7233883152163125,
        0.7715662049084175,
        0.7404279166120824,
        0.7349130118765482,
        0.7543010401531933,
        0.8313487293274422,
        0.8125272456223402,
        0.822095948506177,
        0.9002922492298654,
        0.8069010478694264,
        0.8726108675080586,
        0.9513176553617648,
        0.949331081979643,
        0.9034311558172955,
        0.9226338611385687,
        0.8973813405851039,
        0.9165356798869807,
        0.8759416409624301,
        0.9060440838821535,
        0.9641443268070377,
        0.9432472911307482,
        0.9178420896452617,
        0.9667332812053401,
        0.8981864122840447,
        0.9631186074357692,
        0.9600155372929767
    ],
    "val_accuracies": [
        0.4,
        0.4,
        0.5333333333333333,
        0.5,
        0.5666666666666667,
        0.7333333333333333,
        0.7333333333333333,
        0.7666666666666667,
        0.7,
        0.7,
        0.6333333333333333,
        0.7666666666666667,
        0.8,
        0.8333333333333334,
        0.8,
        0.7666666666666667,
        0.8,
        0.8,
        0.8,
        0.7333333333333333,
        0.7666666666666667,
        0.7666666666666667,
        0.7666666666666667,
        0.8333333333333334,
        0.8333333333333334,
        0.8666666666666667,
        0.8666666666666667,
        0.8666666666666667,
        0.9,
        0.9333333333333333,
        1.0,
        1.0,
        1.0,
        1.0,
        1.0,
        0.9666666666666667,
        0.9666666666666667,
        0.9333333333333333,
        1.0,
        1.0,
        1.0,
        1.0,
        1.0,
        0.9666666666666667,
        0.9666666666666667,
        0.9666666666666667,
        0.9333333333333333,
        0.9666666666666667,
        0.9333333333333333,
        0.9
    ],
    "train_f1": [
        0.49396384655678993,
        0.52714654514323,
        0.44137375890658875,
        0.569701960771078,
        0.5566419941914984,
        0.5597967479674796,
        0.45498623198971627,
        0.4725220783205136,
        0.48444450565341335,
        0.5427113143871601,
        0.5395897631988638,
        0.49094278394042357,
        0.45432860823569043,
        0.5386997804709315,
        0.5292763490569757,
        0.5054853012135945,
        0.5327711136992862,
        0.6319796910809083,
        0.5635107963982866,
        0.545309532496936,
        0.5090040650406503,
        0.5909224468327128,
        0.5427113143871601,
        0.6148624674102529,
        0.5254551375715812,
        0.5936585365853659,
        0.5528275278601399,
        0.5772236680183179,
        0.6131238256673798,
        0.5365148992768367,
        0.6131238256673798,
        0.6192800958345446,
        0.9017607930089996,
        0.7197773541077729,
        0.6975007527853057,
        0.6017314550171903,
        0.7312799009171639,
        0.5358471015841921,
        0.8044112498541254,
        0.7316006612660044,
        0.943066806935213,
        0.7804005410358219,
        0.7724480578139116,
        0.6911795070331657,
        0.6340009017263697,
        0.46355651287871946,
        0.8699703187508065,
        0.8211855042929066,
        0.8373983739837398,
        0.5774035359401213
    ],