{
    "epochs": [
        1,
        2,
        3,
        4,
        5,
        6,
        7,
        8,
        9,
        10,
        11,
        12,
        13,
        14,
        15,
        16,
        17,
        18,
        19,
        20,
        21,
        22,
        23,
        24,
        25,
        26,
        27,
        28,
        29,
        30,
        31,
        32,
        33,
        34,
        35,
        36,
        37,
        38,
        39,
        40,
        41,
        42,
        43,
        44,
        45,
        46,
        47,
        48,
        49,
        50
    ],
    "train_losses": [
        0.042673671648639146,
        0.042617909549201125,
        0.04237976963402795,
        0.04241689166328946,
        0.04251220901725722,
        0.04301064015656221,
        0.043970031511099614,
        0.04315248351605212,
        0.0432957408980268,
        0.04186845308200258,
        0.04225143234505028,
        0.042434909487845465,
        0.04210516590563977,
        0.04244508728629253,
        0.041047991238168026,
        0.04132109617844957,
        0.04138901499939746,
        0.041243963248905585,
        0.04077561443946401,
        0.04096586507607679,
        0.04093300917598068,
        0.03894866807538955,
        0.03980590024443924,
        0.0380737807174198,
        0.03807334424775155,
        0.03674453191581319,
        0.03526337243250159,
        0.035709856047493514,
        0.033982272702650945,
        0.03717383192699464,
        0.030704938119552175,
        0.03283237555965048,
        0.031985095381492475,
        0.03086592144042742,
        0.029138359073244156,
        0.02798861533891959,
        0.030912095528157033,
        0.03080586295147411,
        0.023570443640966884,
        0.023580468336089712,
        0.01860096279653858,
        0.021158521567456057,
        0.02108970293622525,
        0.03279521997224112,
        0.022880468914499047,
        0.015637918390700074,
        0.018614790936718223,
        0.014049153897117396,
        0.01693509293139958,
        0.01579711390811889
    ],
    "val_losses": [
        0.04259723797440529,
        0.042543333023786545,
        0.04251734912395477,
        0.04248334467411041,
        0.04236138239502907,
        0.042275093495845795,
        0.042201925069093704,
        0.042060643434524536,
        0.04192138463258743,
        0.041825730353593826,
        0.041734907776117325,
        0.04145050793886185,
        0.041114915162324905,
        0.04074256494641304,
        0.040394701063632965,
        0.04001622647047043,
        0.03951421007514,
        0.03904104232788086,
        0.038496293127536774,
        0.03784925863146782,
        0.037162721157073975,
        0.03612431883811951,
        0.0347411148250103,
        0.03333186358213425,
        0.03149421885609627,
        0.02974264696240425,
        0.02756495773792267,
        0.025784052908420563,
        0.023821668699383736,
        0.023466864600777626,
        0.023025380447506905,
        0.022237207740545273,
        0.021193258464336395,
        0.02045094035565853,
        0.01908917725086212,
        0.01816738396883011,
        0.016909776255488396,
        0.016686247661709785,
        0.015736667439341545,
        0.014188284985721111,
        0.011897713877260685,
        0.010587324388325214,
        0.009539340622723103,
        0.009294272400438786,
        0.008058793842792511,
        0.006909632124006748,
        0.005667063407599926,
        0.004582734778523445,
        0.004203255753964186,
        0.0035682236775755882
    ],
    "train_accuracies": [
        0.5164918821366107,
        0.5164135088686084,
        0.49867490862236646,
        0.5459727928286693,
        0.5404329378096784,
        0.485119710203077,
        0.449748547350774,
        0.5000807418197882,
        0.4994268808208528,
        0.5956803618884478,
        0.5406414876218701,
        0.5203771043996341,
        0.5214951155615635,
        0.5724307748137928,
        0.5751510604483182,
        0.621942051121446,
        0.5655011505377098,
        0.6081154463721103,
        0.6285893018128442,
        0.6310475302524254,
        0.5834222074414863,
        0.6578068342365202,
        0.6706895671907018,
        0.7201632046308674,
        0.6712987931048284,
        0.6735373012355117,
        0.7386676288041912,
        0.770744683312588,
        0.7569098707105293,
        0.7903420026185083,
        0.851631148916776,
        0.7965649464091317,
        0.8066402966858911,
        0.8367742319576076,
        0.8979422147156763,
        0.848785900678791,
        0.8557892158383229,
        0.8402890064677254,
        0.9051539937003714,
        0.9121033715420082,
        0.9648008190217565,
        0.8997637326600122,
        0.8842966986484215,
        0.8183580148415487,
        0.9104016569794201,
        0.9560504975866099,
        0.921880018515665,
        0.9573152260702165,
        0.941320388043513,
        0.9244295495455382
    ],
    "val_accuracies": [
        0.5161290322580645,
        0.4838709677419355,
        0.4838709677419355,
        0.4838709677419355,
        0.4838709677419355,
        0.4838709677419355,
        0.4838709677419355,
        0.5161290322580645,
        0.5161290322580645,
        0.5161290322580645,
        0.5483870967741935,
        0.7096774193548387,
        0.8064516129032258,
        0.8064516129032258,
        0.8709677419354839,
        0.8709677419354839,
        0.9032258064516129,
        0.8709677419354839,
        0.9032258064516129,
        0.9032258064516129,
        0.8709677419354839,
        0.8709677419354839,
        0.9354838709677419,
        0.9032258064516129,
        0.9032258064516129,
        0.9354838709677419,
        0.9354838709677419,
        0.9354838709677419,
        0.967741935483871,
        0.967741935483871,
        0.967741935483871,
        0.967741935483871,
        0.967741935483871,
        0.967741935483871,
        0.967741935483871,
        0.967741935483871,
        1.0,
        1.0,
        1.0,
        1.0,
        1.0,
        1.0,
        1.0,
        1.0,
        1.0,
        1.0,
        1.0,
        1.0,
        1.0,
        1.0
    ],
    "train_f1": [
        0.46689075630252097,
        0.5161008403361345,
        0.49969747899159667,
        0.5554655870445344,
        0.5068174032202809,
        0.44631849895007786,
        0.46622914957615536,
        0.49232553380176,
        0.4371777476255088,
        0.5379742477449563,
        0.5080645161290323,
        0.5484218318863988,
        0.45843422114608556,
        0.5329505058791358,
        0.47540983606557374,
        0.6225450632230294,
        0.5812638804764789,
        0.5327554928441847,
        0.5736559139784946,
        0.5653109243697478,
        0.4752688172043011,
        0.5312436804853388,
        0.6384698275862069,
        0.5329505058791358,
        0.5846949891067538,
        0.6071257279890374,
        0.6523744911804614,
        0.6637310924369748,
        0.63778677462888,
        0.7863685344827586,
        0.7376344086021505,
        0.7949579831932774,
        0.7126320748367992,
        0.7130954780622186,
        0.6228494623655914,
        0.8278572868373312,
        0.6884408602150538,
        0.7129411764705883,
        0.6392473118279569,
        0.6721311475409836,
        0.7130954780622186,
        0.6557377049180327,
        0.6884408602150538,
        0.7622791103944098,
        0.7458845662836794,
        0.6064516129032259,
        0.819672131147541,
        0.5327554928441847,
        0.73742265267689,
        0.7290530991318392
    ],