{
    "epochs": [
        1,
        2,
        3,
        4,
        5,
        6,
        7,
        8,
        9,
        10,
        11,
        12,
        13,
        14,
        15,
        16,
        17,
        18,
        19,
        20,
        21,
        22,
        23,
        24,
        25,
        26,
        27,
        28,
        29,
        30,
        31,
        32,
        33,
        34,
        35,
        36,
        37,
        38,
        39,
        40,
        41,
        42,
        43,
        44,
        45,
        46,
        47,
        48,
        49,
        50
    ],
    "train_losses": [
        0.043198057679367845,
        0.04258827975050348,
        0.04291230195858439,
        0.042853905101780033,
        0.042739027958424367,
        0.042162495741590124,
        0.040669758056030895,
        0.041860375186947525,
        0.041612851326582864,
        0.04236310683801526,
        0.041132836434684815,
        0.04075837746018269,
        0.04095168857545149,
        0.04002484282264944,
        0.03843162685144143,
        0.03681307536412458,
        0.03649370048622616,
        0.03412783298580373,
        0.03478022493788453,
        0.0331983748579123,
        0.03198470175266266,
        0.03171647016386517,
        0.02396049744403753,
        0.028913083867948563,
        0.030227305062237333,
        0.020063218752258135,
        0.024506584832780672,
        0.021877222007415334,
        0.02130682716054506,
        0.014744911770351598,
        0.021134505536956866,
        0.016225224818851126,
        0.009224383007796084,
        0.0175999753543588,
        0.02407662460549933,
        0.024915734275442657,
        0.024819999490482886,
        0.01107605339073744,
        0.019495673401311774,
        0.015827237720005823,
        0.019478270967231422,
        0.018205633867898436,
        0.014701806772194926,
        0.030051134862616413,
        0.01028199927484403,
        0.01495027169585228,
        0.017714166922158884,
        0.017640695739232125,
        0.010001607956822778,
        0.018559548820628494
    ],
    "val_losses": [
        0.04261159151792526,
        0.042444437742233276,
        0.04215797036886215,
        0.04197424650192261,
        0.04181695356965065,
        0.041644077748060226,
        0.04149729758501053,
        0.04131406918168068,
        0.04104550555348396,
        0.040780480951070786,
        0.040348559617996216,
        0.03974689915776253,
        0.03899489715695381,
        0.03809594362974167,
        0.03643166646361351,
        0.0345149002969265,
        0.03182997182011604,
        0.028961846604943275,
        0.026347164064645767,
        0.024331359192728996,
        0.02146035060286522,
        0.01902463287115097,
        0.015853455290198326,
        0.013467644341289997,
        0.011294621042907238,
        0.008364921435713768,
        0.006802240386605263,
        0.0052957916632294655,
        0.004607804119586945,
        0.0036736787296831608,
        0.002930076327174902,
        0.0023896184284240007,
        0.0022757507394999266,
        0.002313193865120411,
        0.002265809802338481,
        0.0022803242318332195,
        0.0027477273251861334,
        0.003039505099877715,
        0.002938459627330303,
        0.0026644121389836073,
        0.002158069284632802,
        0.0019971015863120556,
        0.001703821588307619,
        0.001822069869376719,
        0.002144674537703395,
        0.00211221887730062,
        0.0020080360118299723,
        0.0016820188611745834,
        0.0017008456634357572,
        0.001657513901591301
    ],
    "train_accuracies": [
        0.4685475396328285,
        0.5044679798063685,
        0.48222455040353246,
        0.4826900216399646,
        0.5458811150222528,
        0.5612339191749448,
        0.689688573118116,
        0.6120753991799276,
        0.564551275284564,
        0.5410159220460986,
        0.5729128728147412,
        0.6103158857001633,
        0.576881471227427,
        0.6674196993718382,
        0.6876654546768939,
        0.7835212926395604,
        0.7562017440795898,
        0.7616659539644836,
        0.7749656302029969,
        0.7364055602276911,
        0.8229383718772013,
        0.7968034744262695,
        0.9286349406007861,
        0.7722595715131916,
        0.8163152131877962,
        0.9009419269249087,
        0.8806426407860928,
        0.9008895842755427,
        0.8945733211079582,
        0.9481428959330575,
        0.8843845617575724,
        0.8912486717349193,
        0.9476386523637615,
        0.9113847544935884,
        0.8678700806664639,
        0.8725073767490075,
        0.8853300594892658,
        0.9564196164490747,
        0.8951796547311252,
        0.930547260847248,
        0.8861854740830718,
        0.9267256846193408,
        0.916987669272501,
        0.8054803160370373,
        0.9470196864644035,
        0.9412236917214315,
        0.9424330601926709,
        0.8939460222838355,
        0.9493233258606958,
        0.9019750845236857
    ],
    "val_accuracies": [
        0.5161290322580645,
        0.5483870967741935,
        0.6129032258064516,
        0.6129032258064516,
        0.6774193548387096,
        0.6774193548387096,
        0.7741935483870968,
        0.7741935483870968,
        0.7419354838709677,
        0.7419354838709677,
        0.7741935483870968,
        0.7741935483870968,
        0.7741935483870968,
        0.8387096774193549,
        0.8709677419354839,
        0.8709677419354839,
        0.9032258064516129,
        0.9032258064516129,
        0.9032258064516129,
        0.8709677419354839,
        0.9032258064516129,
        0.9032258064516129,
        0.9354838709677419,
        0.9354838709677419,
        0.967741935483871,
        0.967741935483871,
        1.0,
        1.0,
        1.0,
        1.0,
        1.0,
        1.0,
        1.0,
        1.0,
        1.0,
        1.0,
        1.0,
        1.0,
        1.0,
        1.0,
        1.0,
        1.0,
        1.0,
        1.0,
        1.0,
        1.0,
        1.0,
        1.0,
        1.0,
        1.0
    ],
    "train_f1": [
        0.4659581486740387,
        0.41831464227280857,
        0.5394997173544376,
        0.4901604013566987,
        0.5326927080407506,
        0.5407368235501498,
        0.6631428322405475,
        0.5714640550706125,
        0.5000335953772761,
        0.5901639344262295,
        0.5573770491803278,
        0.5328182776476187,
        0.5735411512016124,
        0.7213114754098361,
        0.6223413651780666,
        0.795095735810359,
        0.6671104596170829,
        0.573081543244771,
        0.7692498758072528,
        0.720408840512378,
        0.7049180327868853,
        0.7130568948891033,
        0.6065573770491803,
        0.6880211277557942,
        0.7697484568925466,
        0.7622471672488029,
        0.720861009044658,
        0.5490894551270401,
        0.795095735810359,
        0.7295263712696739,
        0.8360655737704918,
        0.5573770491803278,
        0.7213114754098361,
        0.7375638991715141,
        0.7786439143350923,
        0.7131340301345026,
        0.7372815199989414,
        0.7213114754098361,
        0.7620551214200367,
        0.6800051632890152,
        0.7456451297938326,
        0.6885245901639344,
        0.7047593865679534,
        0.6557377049180327,
        0.8524590163934426,
        0.7704918032786885,
        0.6387613058224986,
        0.8112850962986499,
        0.8688524590163934,
        0.6310731905584873
    ],