{
    "epochs": [
        1,
        2,
        3,
        4,
        5,
        6,
        7,
        8,
        9,
        10,
        11,
        12,
        13,
        14,
        15,
        16,
        17,
        18,
        19,
        20,
        21,
        22,
        23,
        24,
        25,
        26,
        27,
        28,
        29,
        30,
        31,
        32,
        33,
        34,
        35,
        36,
        37,
        38,
        39,
        40,
        41,
        42,
        43,
        44,
        45,
        46,
        47,
        48,
        49,
        50
    ],
    "train_losses": [
        0.04263510683276614,
        0.0424104032457852,
        0.04246214618448351,
        0.04289978632672888,
        0.04280200930403882,
        0.041523399717006526,
        0.0407705407772885,
        0.04172043025982185,
        0.040298779785144526,
        0.039931528697736925,
        0.04010357292460614,
        0.039363442263642294,
        0.035195424847426965,
        0.0350125753855119,
        0.03228463067627344,
        0.03617276068105072,
        0.03556046402845226,
        0.03221885353082516,
        0.029148656203121435,
        0.028174940618823786,
        0.029000916014440725,
        0.03046313948074325,
        0.024761128132460546,
        0.02668920959361264,
        0.029762674794822443,
        0.027598490785868443,
        0.024229140982764664,
        0.02075395311732761,
        0.029816579775976352,
        0.0192901931214528,
        0.02281929077733247,
        0.02160185065547951,
        0.034783013348208096,
        0.018218096131916908,
        0.017767017493482497,
        0.027694707476824034,
        0.017821208894497058,
        0.01419547162033984,
        0.021675413917200487,
        0.016523042785339666,
        0.012203533996324071,
        0.015099000475812153,
        0.018554098781992177,
        0.01788922627532824,
        0.015446569282011907,
        0.02267324277123467,
        0.017438594366377982,
        0.020522677507556854,
        0.011661383903539572,
        0.025464781880623004
    ],
    "val_losses": [
        0.04288269206881523,
        0.042813923209905624,
        0.04257320612668991,
        0.04198252037167549,
        0.041232429444789886,
        0.04053213819861412,
        0.039794135838747025,
        0.03898219019174576,
        0.037784527987241745,
        0.036392778158187866,
        0.03445751965045929,
        0.032812412828207016,
        0.030360426753759384,
        0.027833933010697365,
        0.025693392381072044,
        0.023855820298194885,
        0.022440141066908836,
        0.02090419828891754,
        0.019645320251584053,
        0.018709661439061165,
        0.018034417182207108,
        0.01796548068523407,
        0.017007242888212204,
        0.015721429139375687,
        0.01401134580373764,
        0.012478618882596493,
        0.011254659853875637,
        0.009856779128313065,
        0.00966618675738573,
        0.008869737386703491,
        0.007502010557800531,
        0.0064345188438892365,
        0.0061299121007323265,
        0.006576244719326496,
        0.0061489553190767765,
        0.006395538803189993,
        0.00619750889018178,
        0.0058096423745155334,
        0.005451727192848921,
        0.005375185050070286,
        0.004864647518843412,
        0.004285841248929501,
        0.004343877546489239,
        0.004921499639749527,
        0.005448458716273308,
        0.003645549761131406,
        0.003718300722539425,
        0.0034555287566035986,
        0.003970896825194359,
        0.0045172907412052155
    ],
    "train_accuracies": [
        0.5442799427470223,
        0.5779365946034916,
        0.5243995072411709,
        0.5249375671636863,
        0.5343323222926406,
        0.5681154219830622,
        0.622847713407923,
        0.5414503206972217,
        0.6393419328283091,
        0.6616788926671763,
        0.6460125094554463,
        0.6683046466014424,
        0.7376910663041912,
        0.7330632131607806,
        0.7979266526269131,
        0.7176657817402824,
        0.7280907396410332,
        0.765529179182209,
        0.8443099006277616,
        0.8689888657116499,
        0.8502364705820553,
        0.8409711806500544,
        0.9089236650310579,
        0.9357190210311139,
        0.8351156672493356,
        0.8637817883100666,
        0.8716033873010854,
        0.901031243996542,
        0.825382013789943,
        0.9114313125610352,
        0.8849635046036517,
        0.8873268033637375,
        0.7936303967335185,
        0.9357995674258373,
        0.8820227482279793,
        0.861511730756916,
        0.9238025634015192,
        0.9287468019078989,
        0.8658174139554383,
        0.9208414359170882,
        0.9691016713126761,
        0.9440094056676646,
        0.912892966973977,
        0.9006986149021836,
        0.9408842774688221,
        0.8908345894735368,
        0.9427693320102379,
        0.9021861592277152,
        0.9548433335101019,
        0.8576000557571161
    ],
    "val_accuracies": [
        0.5161290322580645,
        0.4838709677419355,
        0.4838709677419355,
        0.6129032258064516,
        0.8064516129032258,
        0.8064516129032258,
        0.8064516129032258,
        0.8387096774193549,
        0.7741935483870968,
        0.8064516129032258,
        0.8064516129032258,
        0.8387096774193549,
        0.8387096774193549,
        0.8387096774193549,
        0.8387096774193549,
        0.8387096774193549,
        0.8387096774193549,
        0.967741935483871,
        0.967741935483871,
        1.0,
        1.0,
        0.967741935483871,
        0.967741935483871,
        0.967741935483871,
        1.0,
        1.0,
        1.0,
        0.967741935483871,
        0.967741935483871,
        0.967741935483871,
        0.967741935483871,
        0.967741935483871,
        1.0,
        1.0,
        1.0,
        1.0,
        0.967741935483871,
        0.967741935483871,
        0.967741935483871,
        0.967741935483871,
        0.967741935483871,
        0.967741935483871,
        0.967741935483871,
        0.967741935483871,
        0.967741935483871,
        1.0,
        1.0,
        1.0,
        1.0,
        1.0
    ],
    "train_f1": [
        0.46840958605664484,
        0.5422607271983083,
        0.4991587590012787,
        0.5390013495276653,
        0.5320008075913587,
        0.5404896421845575,
        0.6228494623655914,
        0.5244623655913978,
        0.563196649327839,
        0.5829915231063714,
        0.514010989010989,
        0.5883770570818703,
        0.7395854850926117,
        0.648076923076923,
        0.7272912009754114,
        0.6421311139914045,
        0.7689393939393939,
        0.5785409469619996,
        0.7048387096774194,
        0.7783161720169595,
        0.6048582995951417,
        0.8275792449020796,
        0.7129411764705883,
        0.8770409191695222,
        0.8521012931034483,
        0.639344262295082,
        0.7210115684691957,
        0.5819391251763757,
        0.8360215053763441,
        0.7704301075268818,
        0.5569007263922519,
        0.6556451612903226,
        0.8606463750587919,
        0.8278572868373312,
        0.6637310924369748,
        0.8768423177871996,
        0.7950681986158705,
        0.8360215053763441,
        0.7618951477219194,
        0.680306389840758,
        0.8606463750587919,
        0.8360215053763441,
        0.6967009339514884,
        0.8442518309480614,
        0.54890756302521,
        0.6475173016192972,
        0.6475173016192972,
        0.8360655737704918,
        0.819672131147541,
        0.7210115684691957
    ],