{
    "epochs": [
        1,
        2,
        3,
        4,
        5,
        6,
        7,
        8,
        9,
        10,
        11,
        12,
        13,
        14,
        15,
        16,
        17,
        18,
        19,
        20,
        21,
        22,
        23,
        24,
        25,
        26,
        27,
        28,
        29,
        30,
        31,
        32,
        33,
        34,
        35,
        36,
        37,
        38,
        39,
        40,
        41,
        42,
        43,
        44,
        45,
        46,
        47,
        48,
        49,
        50
    ],
    "train_losses": [
        0.04324357317594009,
        0.04379409548591792,
        0.04342655652785689,
        0.04269826315282806,
        0.04249005955530376,
        0.04146893746484586,
        0.042570859345236446,
        0.04081441131912596,
        0.04097810466357363,
        0.03983399041784488,
        0.04037860956618456,
        0.040152388980718164,
        0.03905286709588718,
        0.036684336186182206,
        0.03426889402837288,
        0.034068017501414305,
        0.03528366970822094,
        0.03125916342667448,
        0.03207684797424126,
        0.027814133819646952,
        0.030493298802918536,
        0.028099583234728838,
        0.025078421307167385,
        0.025128762896468,
        0.024977198340059296,
        0.023723927212924493,
        0.02671113155963944,
        0.016015285262610854,
        0.02139600560190232,
        0.018522179299374907,
        0.01802687546828898,
        0.013329422805549168,
        0.023550570541159895,
        0.022232564400911817,
        0.012066433039622577,
        0.012088118541258864,
        0.01696442870604919,
        0.0077516546366902875,
        0.0079550751053342,
        0.012577361934553317,
        0.01442812980584255,
        0.006481529179415325,
        0.008598641378850472,
        0.014405741924192847,
        0.025849689532646804,
        0.02522654534597707,
        0.032898417833011326,
        0.019719585382599172,
        0.022017043644214064,
        0.02427049520296779
    ],
    "val_losses": [
        0.04187511280179024,
        0.0418674573302269,
        0.0417327918112278,
        0.04136032611131668,
        0.04097612947225571,
        0.040785450488328934,
        0.04051845148205757,
        0.0402047261595726,
        0.039803650230169296,
        0.039186812937259674,
        0.03835178166627884,
        0.03718362748622894,
        0.03589680790901184,
        0.034665003418922424,
        0.03294646739959717,
        0.03056274726986885,
        0.028149224817752838,
        0.025788817554712296,
        0.024452194571495056,
        0.022057637572288513,
        0.020013321191072464,
        0.018274666741490364,
        0.016396356746554375,
        0.014422104693949223,
        0.012509385123848915,
        0.01080576702952385,
        0.009560172446072102,
        0.00804724358022213,
        0.006578462664037943,
        0.005883749108761549,
        0.0053110928274691105,
        0.0043366760946810246,
        0.003746642265468836,
        0.0038211974315345287,
        0.003807515138760209,
        0.003604064229875803,
        0.003690421814098954,
        0.0031859767623245716,
        0.002518602879717946,
        0.0019455469446256757,
        0.0017191374208778143,
        0.0016222288832068443,
        0.001583383185788989,
        0.0017579951090738177,
        0.0026576207019388676,
        0.004629503935575485,
        0.00804322399199009,
        0.010635468177497387,
        0.010763980448246002,
        0.010564800351858139
    ],
    "train_accuracies": [
        0.5279977844982613,
        0.4736541810074473,
        0.49303364172214414,
        0.504145622253418,
        0.512146476807633,
        0.6067345937093099,
        0.551243782043457,
        0.7000031199881701,
        0.6092875255801813,
        0.6993116208208285,
        0.6059610707973077,
        0.6480990153987233,
        0.7062622008284902,
        0.7444898558825981,
        0.7462406778723244,
        0.7757133856052305,
        0.7576110343622967,
        0.7982126561606803,
        0.772697526264966,
        0.8463497161865234,
        0.8166113752659744,
        0.8727276034471465,
        0.8869519117401867,
        0.8714431049377938,
        0.8825103480641435,
        0.9089055720383559,
        0.8645834728954284,
        0.945657078812762,
        0.87351670303965,
        0.9190189547655059,
        0.9074876986868013,
        0.9453868865966797,
        0.8971320981901836,
        0.9050379962455936,
        0.9502431357779154,
        0.9499787121284299,
        0.9253778380107104,
        0.9752275420398246,
        0.9510129913081967,
        0.9484201291712319,
        0.9297074263657981,
        0.9745689950338224,
        0.9614366050658187,
        0.9279940380313532,
        0.8606875194766657,
        0.8834437703698631,
        0.8252430737503176,
        0.8985903980286141,
        0.8848164876302084,
        0.8524464708033616
    ],
    "val_accuracies": [
        0.6,
        0.6,
        0.6,
        0.6333333333333333,
        0.7333333333333333,
        0.8666666666666667,
        0.8666666666666667,
        0.8333333333333334,
        0.7333333333333333,
        0.6666666666666666,
        0.6666666666666666,
        0.6666666666666666,
        0.6666666666666666,
        0.6666666666666666,
        0.6666666666666666,
        0.7333333333333333,
        0.8,
        0.8666666666666667,
        0.8666666666666667,
        0.9,
        0.9666666666666667,
        1.0,
        1.0,
        1.0,
        1.0,
        1.0,
        1.0,
        1.0,
        1.0,
        1.0,
        1.0,
        1.0,
        1.0,
        1.0,
        1.0,
        1.0,
        1.0,
        1.0,
        1.0,
        1.0,
        1.0,
        1.0,
        1.0,
        1.0,
        1.0,
        0.9666666666666667,
        0.9333333333333333,
        0.9333333333333333,
        0.9333333333333333,
        0.9666666666666667
    ],
    "train_f1": [
        0.4409245241877706,
        0.3851845552488724,
        0.3425759520753102,
        0.5040418575819949,
        0.49406185238322975,
        0.5277910622243477,
        0.5117808052117888,
        0.6586268718319124,
        0.5528455284552846,
        0.6582195768907292,
        0.5359530949492017,
        0.6492434410005155,
        0.6414206247325631,
        0.49622655497071694,
        0.6930600380754299,
        0.699017707985299,
        0.6570349472151438,
        0.6854922530807107,
        0.7857120943177086,
        0.7536428262833352,
        0.688909177861832,
        0.754401982522499,
        0.7312799009171639,
        0.7886178861788617,
        0.6502675283163087,
        0.6907700933773264,
        0.642418376564718,
        0.5609756097560976,
        0.7399061880624095,
        0.6744948351340276,
        0.5855303366256803,
        0.6098592820936142,
        0.5854755960383,
        0.7149938343060828,
        0.642418376564718,
        0.8537166085946574,
        0.8292004208056393,
        0.8618251986794333,
        0.7718131248298129,
        0.5931185439175347,
        0.748034185827202,
        0.8618251986794333,
        0.6749257968770164,
        0.6099109562524198,
        0.853308437390594,
        0.7643211718067594,
        0.7804005410358219,
        0.926800180345274,
        0.7153340346760652,
        0.7318137472283814
    ],