{
    "epochs": [
        1,
        2,
        3,
        4,
        5,
        6,
        7,
        8,
        9,
        10,
        11,
        12,
        13,
        14,
        15,
        16,
        17,
        18,
        19,
        20,
        21,
        22,
        23,
        24,
        25,
        26,
        27,
        28,
        29,
        30,
        31,
        32,
        33,
        34,
        35,
        36,
        37,
        38,
        39,
        40,
        41,
        42,
        43,
        44,
        45,
        46
    ],
    "train_losses": [
        0.04351689236435464,
        0.04204212701538714,
        0.04238117934484792,
        0.04227016290755776,
        0.04121523386821514,
        0.041804530271669714,
        0.04172374292965827,
        0.041391558702883684,
        0.04103152893059622,
        0.03993096211697997,
        0.03894711479665787,
        0.037350246213315945,
        0.0354925735391737,
        0.03606890520550371,
        0.033183166605791424,
        0.031569950055421854,
        0.03520026772729749,
        0.03428319717446963,
        0.03196255456868226,
        0.02803757277930655,
        0.032708362350618934,
        0.02644519336763921,
        0.027282576462844522,
        0.020261256296823665,
        0.021366545991078626,
        0.02928943093108937,
        0.027096546928935903,
        0.022449292946697737,
        0.024750690808807447,
        0.012283032139142355,
        0.02734130987428068,
        0.014185115180122174,
        0.014857261540080473,
        0.011897167440776417,
        0.023874010209266733,
        0.013343217468449497,
        0.026703754031076665,
        0.009377696225798227,
        0.013059426417074553,
        0.013113361639462836,
        0.019608112044511287,
        0.020307478529014964,
        0.024725683351478924,
        0.01285843611732731,
        0.017796419197466315,
        0.014746541732816192
    ],
    "val_losses": [
        0.042638614773750305,
        0.04249485209584236,
        0.04205036163330078,
        0.04165826737880707,
        0.04138367250561714,
        0.04108808934688568,
        0.04063309356570244,
        0.03998580202460289,
        0.03913385048508644,
        0.038015227764844894,
        0.03658761829137802,
        0.035011786967515945,
        0.03285529464483261,
        0.030124124139547348,
        0.026666920632123947,
        0.023377522826194763,
        0.020658157765865326,
        0.018690261989831924,
        0.017742900177836418,
        0.01682821661233902,
        0.015961475670337677,
        0.015072574838995934,
        0.01395290344953537,
        0.012481818906962872,
        0.010506322607398033,
        0.009825604036450386,
        0.009637008421123028,
        0.009024678729474545,
        0.009699351154267788,
        0.009238402359187603,
        0.00752479862421751,
        0.007110525853931904,
        0.006078249309211969,
        0.005071841645985842,
        0.003831121139228344,
        0.0034604736138135195,
        0.003757925471290946,
        0.004239071160554886,
        0.0041648647747933865,
        0.004281079862266779,
        0.005157413426786661,
        0.0063391332514584064,
        0.006406990345567465,
        0.005822193343192339,
        0.005042041651904583,
        0.005148185417056084
    ],
    "train_accuracies": [
        0.48353846480206747,
        0.5215320587158203,
        0.5055754669313508,
        0.524317400242255,
        0.6093280296015545,
        0.5274114686299146,
        0.5774446502933658,
        0.5990443656115028,
        0.5718833023939676,
        0.6749752323801924,
        0.7009465287371379,
        0.7313705537377334,
        0.7551568504271469,
        0.7494252677855453,
        0.7991948321582826,
        0.7562962198645119,
        0.7852195491635703,
        0.7502470869358963,
        0.8200182410759654,
        0.8759054478591051,
        0.8230096925564898,
        0.862256057863313,
        0.8732149697900787,
        0.9398172735198727,
        0.9420921666835381,
        0.8608044259916476,
        0.836111378863575,
        0.894035618479659,
        0.8485037795896453,
        0.9564960138584541,
        0.848675735597688,
        0.9527228750833651,
        0.9256722054830412,
        0.9313151661942645,
        0.8556668661474213,
        0.9521421727126207,
        0.8702259683996681,
        0.9788300739071234,
        0.9436753901039682,
        0.9387937096076283,
        0.9049871491222847,
        0.8844822053986836,
        0.8936852555934006,
        0.9628382271867457,
        0.9299201965332031,
        0.9572620236776709
    ],
    "val_accuracies": [
        0.5666666666666667,
        0.6,
        0.7666666666666667,
        0.8,
        0.8666666666666667,
        0.8666666666666667,
        0.8333333333333334,
        0.8333333333333334,
        0.8,
        0.7666666666666667,
        0.7333333333333333,
        0.7333333333333333,
        0.7,
        0.7333333333333333,
        0.7666666666666667,
        0.8333333333333334,
        0.9,
        0.9333333333333333,
        1.0,
        1.0,
        1.0,
        1.0,
        1.0,
        1.0,
        1.0,
        1.0,
        0.9666666666666667,
        0.9666666666666667,
        0.9333333333333333,
        0.9333333333333333,
        0.9666666666666667,
        0.9666666666666667,
        1.0,
        1.0,
        1.0,
        1.0,
        1.0,
        1.0,
        1.0,
        1.0,
        1.0,
        0.9666666666666667,
        0.9666666666666667,
        0.9666666666666667,
        1.0,
        1.0
    ],
    "train_f1": [
        0.48394995933571494,
        0.47988127500322625,
        0.5286424054716738,
        0.4550215208034433,
        0.603652015129777,
        0.5614302148512679,
        0.5229254424740409,
        0.6019009465456974,
        0.5585301158051369,
        0.6072009291521486,
        0.6740603454666766,
        0.5999211097232267,
        0.6545322169639607,
        0.611079624490747,
        0.7631966361404818,
        0.7468653696674117,
        0.755290150888797,
        0.5268942917183409,
        0.5855303366256803,
        0.5121951219512195,
        0.6667988980716253,
        0.7950329901745412,
        0.910592775616104,
        0.8530149773779188,
        0.7312799009171639,
        0.5854755960383,
        0.6585365853658537,
        0.6088224997082506,
        0.6251215622204068,
        0.5692197370594099,
        0.6665341549062479,
        0.7317783268483118,
        0.60803993967445,
        0.788421642837118,
        0.7968017627638725,
        0.7155224678694218,
        0.6830107499116413,
        0.4959349593495935,
        0.6422764227642277,
        0.7145004752329778,
        0.9348037499513752,
        0.6981862166748622,
        0.6582195768907292,
        0.7233206098639235,
        0.7718131248298129,
        0.7478672878559435
    ],
    "val_f1": [
        0.5681257014590348,
        0.5855203619909503,
        0.7674453096032628,
        0.8008928571428572,
        0.8666666666666667,
        0.8648148148148148,
        0.8241758241758242,
        0.8241758241758242,
        0.7849999999999999,
        0.7436029097133077,
        0.6994708994708995,
        0.6994708994708995,
        0.651983584131327,
        0.6994708994708995,
        0.7436029097133077,
        0.8241758241758242,
        0.8975323149236194,
        0.9324074074074074,
        1.0,
        1.0,
        1.0,
        1.0,
        1.0,
        1.0,
        1.0,
        1.0,
        0.9667789001122334,
        0.9667789001122334,
        0.9336309523809523,
        0.9336309523809523,
        0.9667789001122334,
        0.9667789001122334,
        1.0,
        1.0,
        1.0,
        1.0,
        1.0,
        1.0,
        1.0,
        1.0,
        1.0,
        0.9664761904761904,
        0.9664761904761904,
        0.9664761904761904,
        1.0,
        1.0
    ],