{
    "epochs": [
        1,
        2,
        3,
        4,
        5,
        6,
        7,
        8,
        9,
        10,
        11,
        12,
        13,
        14,
        15,
        16,
        17,
        18,
        19,
        20,
        21,
        22,
        23,
        24,
        25,
        26,
        27,
        28,
        29,
        30,
        31,
        32
    ],
    "train_losses": [
        0.04370063346098451,
        0.042441392889599396,
        0.04313989835821725,
        0.04216068403588401,
        0.0419383026123826,
        0.04179265966115434,
        0.04211251435229202,
        0.041086838404142775,
        0.04055867426925235,
        0.04021168641405168,
        0.038936884160719665,
        0.03876816749183181,
        0.03655189660444758,
        0.035315141958348895,
        0.03424682317216412,
        0.032997796993727,
        0.028162999297766125,
        0.02496532681915495,
        0.02378351623618525,
        0.02312890258830747,
        0.0165727277548095,
        0.027981418677989173,
        0.02929557368061901,
        0.019009260868568436,
        0.014595444563751907,
        0.024193251115921275,
        0.0225372173963419,
        0.01962529393095596,
        0.013406640417825163,
        0.00886516226759923,
        0.022538303348899277,
        0.01962326189466551
    ],
    "val_losses": [
        0.04295407598599409,
        0.04266879411462026,
        0.04255592259459007,
        0.04215087283116121,
        0.04171927626698445,
        0.04125979819741005,
        0.04076517726748417,
        0.040195953769561574,
        0.03936854129036268,
        0.038506680001051,
        0.037094252040753,
        0.03473579778503149,
        0.03164305270482332,
        0.027998882226454906,
        0.023345303220244553,
        0.018824719704496555,
        0.014843101016221901,
        0.010659528514131522,
        0.007492701642406292,
        0.005704547457683545,
        0.00436429300894722,
        0.004173680065343013,
        0.005114640371921735,
        0.006298982884543829,
        0.006013853869472559,
        0.006315218475766671,
        0.004954827137482472,
        0.00476148024870035,
        0.004658403472067454,
        0.004380328282236288,
        0.004698841510197291,
        0.004998056188177986
    ],
    "train_accuracies": [
        0.4656330370435528,
        0.5700046626570957,
        0.48822267694410937,
        0.5730744031519671,
        0.5809565026775684,
        0.5551723904079862,
        0.5533769270953011,
        0.5816433040145176,
        0.5941991245045382,
        0.6095549514870239,
        0.6989773644341363,
        0.7004175248488881,
        0.7172626545226651,
        0.748530668370864,
        0.7488966424480762,
        0.8002829084209367,
        0.8136285146077474,
        0.8809389974556717,
        0.8494881523980035,
        0.8965914483163872,
        0.944156771391825,
        0.8431027106989443,
        0.8262356776817172,
        0.9133685492222605,
        0.9124328638213912,
        0.8598973392661101,
        0.9096806844075521,
        0.9014598123388353,
        0.9477376875534557,
        0.9668726827584061,
        0.8689194972219031,
        0.8938284730599597
    ],
    "val_accuracies": [
        0.48717948717948717,
        0.5128205128205128,
        0.4358974358974359,
        0.5641025641025641,
        0.6923076923076923,
        0.7692307692307693,
        0.7435897435897436,
        0.7948717948717948,
        0.8461538461538461,
        0.8461538461538461,
        0.8205128205128205,
        0.8205128205128205,
        0.8205128205128205,
        0.8205128205128205,
        0.8717948717948718,
        0.9230769230769231,
        0.9743589743589743,
        1.0,
        1.0,
        1.0,
        1.0,
        1.0,
        1.0,
        0.9743589743589743,
        0.9743589743589743,
        0.9743589743589743,
        1.0,
        1.0,
        1.0,
        1.0,
        0.9743589743589743,
        0.9743589743589743
    ],
    "train_f1": [
        0.4085547175013293,
        0.5079509467017047,
        0.47442950972362735,
        0.5451658116709743,
        0.5515048308992059,
        0.5394125521694622,
        0.5224288951957041,
        0.5149959791238268,
        0.5282837605176945,
        0.5858094519859226,
        0.6598400336300559,
        0.5271889587164307,
        0.6113556495416559,
        0.633328856656818,
        0.6653796101648862,
        0.810441319588435,
        0.6993464052287581,
        0.5098039215686274,
        0.7580458821126593,
        0.6141812714769431,
        0.7712418300653595,
        0.7777777777777778,
        0.7182800756484502,
        0.6927842076088429,
        0.6928104575163399,
        0.744770864320571,
        0.6339869281045751,
        0.7578595379451571,
        0.8823529411764706,
        0.8496346655161388,
        0.7578595379451571,
        0.7450762573775505
    ],
    "val_f1": [
        0.31918656056587086,
        0.37362637362637363,
        0.38271062271062267,
        0.5517741517741518,
        0.6919028340080972,
        0.7673907487860976,
        0.7401617989853284,
        0.7921294391882626,
        0.8417642140468227,
        0.8417642140468227,
        0.8136142055153723,
        0.8136142055153723,
        0.8136142055153723,
        0.8136142055153723,
        0.8692048692048692,
        0.9224635829286992,
        0.9743251694471207,
        1.0,
        1.0,
        1.0,
        1.0,
        1.0,
        1.0,
        0.9743589743589743,
        0.9743589743589743,
        0.9743589743589743,
        1.0,
        1.0,
        1.0,
        1.0,
        0.9743589743589743,
        0.9743589743589743
    ],
    "train_precision": [
        0.44601791333817475,
        0.556449360370929,
        0.49448075526506896,
        0.5712985046822154,
        0.5673387594031324,
        0.5430757508996108,
        0.53037258460553,
        0.5235566448801743,
        0.5375136165577342,
        0.6025175502299686,
        0.6604534818042443,
        0.5295142090273935,
        0.6173461977383545,
        0.6346281484481343,
        0.6687492768714567,
        0.8104943857885034,
        0.6993464052287581,
        0.5098474796617212,
        0.7585056853791744,
        0.6144563076372102,
        0.771307725642091,
        0.7777777777777778,
        0.7206355972340627,
        0.6928171610524552,
        0.69286965184798,
        0.7460410478172719,
        0.6339869281045751,
        0.7591746878529265,
        0.8823529411764706,
        0.8502501011808532,
        0.7591746878529265,
        0.7451181498240321
    ],
    "val_precision": [
        0.23734385272846809,
        0.7564102564102564,
        0.41232423490488,
        0.5779092702169626,
        0.6951566951566951,
        0.7748745819397993,
        0.752991452991453,
        0.8068376068376069,
        0.8816568047337279,
        0.8816568047337279,
        0.8670465337132003,
        0.8670465337132003,
        0.8670465337132003,
        0.8670465337132003,
        0.8974358974358975,
        0.9331103678929765,
        0.9755799755799757,
        1.0,
        1.0,
        1.0,
        1.0,
        1.0,
        1.0,
        0.9756410256410256,
        0.9756410256410256,
        0.9756410256410256,
        1.0,
        1.0,
        1.0,
        1.0,
        0.9756410256410256,
        0.9756410256410256
    ],