{
    "epochs": [
        1,
        2,
        3,
        4,
        5,
        6,
        7,
        8,
        9,
        10,
        11,
        12,
        13,
        14,
        15,
        16,
        17,
        18,
        19,
        20,
        21,
        22,
        23,
        24,
        25,
        26,
        27,
        28,
        29,
        30,
        31,
        32,
        33,
        34,
        35,
        36,
        37,
        38,
        39,
        40,
        41,
        42,
        43,
        44,
        45,
        46,
        47,
        48,
        49,
        50
    ],
    "train_losses": [
        0.04289446026086807,
        0.043447520339586695,
        0.04310457933633054,
        0.04295696623501231,
        0.04248813460351991,
        0.04217882338361662,
        0.04179915681969924,
        0.04269453309109954,
        0.04026638001936381,
        0.042016879029449866,
        0.040581336764038585,
        0.03881769077699693,
        0.04041069965870654,
        0.03839040046832601,
        0.03672682817597858,
        0.035586921956206934,
        0.0326532497391349,
        0.0329002137066888,
        0.03276165367149916,
        0.031283272827257874,
        0.03149023181835159,
        0.023286066430269696,
        0.025254475410844458,
        0.03043395473209561,
        0.0249512608117256,
        0.020218918023661513,
        0.023224308781447957,
        0.017733871784122265,
        0.024093711412832387,
        0.032810849244477316,
        0.01840246847418488,
        0.026314392670622615,
        0.012361071500011155,
        0.019108302708043427,
        0.019428818379757833,
        0.01629224592117501,
        0.017014676308045623,
        0.02784611028237421,
        0.011956990284265065,
        0.011539314316249773,
        0.026104771883272735,
        0.017682185579763084,
        0.011217739142966076,
        0.01738644893601781,
        0.009929601469489395,
        0.02131418728071158,
        0.013785769567504281,
        0.014124760831721494,
        0.011314103463817327,
        0.018897959076967397
    ],
    "val_losses": [
        0.04295041412115097,
        0.04253590106964111,
        0.04218749329447746,
        0.04174712300300598,
        0.04135464131832123,
        0.04077507555484772,
        0.040064383298158646,
        0.03945743665099144,
        0.03860151767730713,
        0.037529557943344116,
        0.036289479583501816,
        0.03469732776284218,
        0.03264690935611725,
        0.03074914589524269,
        0.028604356572031975,
        0.02628612145781517,
        0.02410157211124897,
        0.02218240685760975,
        0.020540408790111542,
        0.018725315108895302,
        0.01749514415860176,
        0.016334857791662216,
        0.015396560542285442,
        0.015041578561067581,
        0.013307924382388592,
        0.0114821195602417,
        0.010812011547386646,
        0.010140503756701946,
        0.011051319539546967,
        0.011285451240837574,
        0.010950774885714054,
        0.01106283999979496,
        0.010424880310893059,
        0.009798971004784107,
        0.009365109726786613,
        0.008871516212821007,
        0.007785239722579718,
        0.0071083796210587025,
        0.007215540390461683,
        0.006248283199965954,
        0.005801645573228598,
        0.006201902404427528,
        0.00603987742215395,
        0.005794918164610863,
        0.005104231182485819,
        0.005115572363138199,
        0.004329952411353588,
        0.003875094000250101,
        0.004231818951666355,
        0.003993494901806116
    ],
    "train_accuracies": [
        0.4962890499927958,
        0.49187507785734585,
        0.4951389187672099,
        0.5082052887463179,
        0.5156366786018747,
        0.5154081876160669,
        0.5093176560323747,
        0.5121471139251209,
        0.5730181443886678,
        0.5168289122034292,
        0.5206395680787134,
        0.6083516214714676,
        0.5846233758770052,
        0.6277888563812756,
        0.6740253479754339,
        0.7161514563638656,
        0.7837991089117332,
        0.7812712778810595,
        0.7673614689561187,
        0.7955163580472352,
        0.8237602671638864,
        0.9278755813348488,
        0.8773493688614642,
        0.8128595039492748,
        0.8588094711303711,
        0.9202139025828877,
        0.8725263720653096,
        0.9162680829157595,
        0.8715171657624792,
        0.8411822709880892,
        0.9112636534894099,
        0.8389221253942271,
        0.9573270141101274,
        0.9031597512667296,
        0.8915919319528048,
        0.9013638105548796,
        0.9148495627231286,
        0.8507496880703285,
        0.9503170857664014,
        0.9432677753636094,
        0.8711087899129899,
        0.9208500971559619,
        0.9637717418983335,
        0.9212814393590708,
        0.9508190311369349,
        0.9157363860333552,
        0.9320413089189373,
        0.9276012045438172,
        0.9467188100345799,
        0.912508026498263
    ],
    "val_accuracies": [
        0.5161290322580645,
        0.5161290322580645,
        0.5161290322580645,
        0.5161290322580645,
        0.5161290322580645,
        0.5161290322580645,
        0.5161290322580645,
        0.5161290322580645,
        0.5806451612903226,
        0.6451612903225806,
        0.6774193548387096,
        0.6774193548387096,
        0.7096774193548387,
        0.7419354838709677,
        0.8064516129032258,
        0.8387096774193549,
        0.8387096774193549,
        0.8709677419354839,
        0.8709677419354839,
        0.8709677419354839,
        0.8709677419354839,
        0.9032258064516129,
        0.9032258064516129,
        0.9032258064516129,
        0.9354838709677419,
        0.9354838709677419,
        0.9354838709677419,
        0.9354838709677419,
        0.9354838709677419,
        0.9354838709677419,
        0.9354838709677419,
        0.9354838709677419,
        0.967741935483871,
        0.967741935483871,
        0.9354838709677419,
        0.9354838709677419,
        0.967741935483871,
        1.0,
        1.0,
        1.0,
        1.0,
        1.0,
        1.0,
        1.0,
        0.967741935483871,
        0.967741935483871,
        1.0,
        1.0,
        1.0,
        1.0
    ],
    "train_f1": [
        0.3746426552531697,
        0.33828551912568305,
        0.36527301224213155,
        0.41498829039812646,
        0.37929606625258805,
        0.4195791522372065,
        0.3986721043754518,
        0.4091518737672584,
        0.5135908668785722,
        0.43892443022790884,
        0.4091518737672584,
        0.47688074362412486,
        0.5000616294835449,
        0.548902840983124,
        0.5551817852674418,
        0.46963982089579603,
        0.5679874418715516,
        0.6033638492654886,
        0.6452795849348744,
        0.6460441910192446,
        0.8355356133408706,
        0.8441050795510586,
        0.7049180327868853,
        0.8271378607303288,
        0.770368411775075,
        0.8358005935556813,
        0.7703683121854836,
        0.5654861551177848,
        0.8851841560927417,
        0.7865412349991399,
        0.9261550376820804,
        0.7704918032786885,
        0.7130568948891033,
        0.7623110535400166,
        0.9097450460558761,
        0.7704918032786885,
        0.4918032786885246,
        0.8524590163934426,
        0.975411488297243,
        0.5899435924554909,
        0.8606276497665397,
        0.6802633971621436,
        0.8688524590163934,
        0.7704918032786885,
        0.7537008903335217,
        0.7049180327868853,
        0.8688524590163934,
        0.6146764017082242,
        0.8358005935556813,
        0.9262146301143408
    ],