{
    "model_name": "efficientnet_b0",
    "run_name": "efficientnet_b0_20241003_055016_0",
    "epochs_trained": 37,
    "best_val_loss": 0.011260421946644783,
    "metrics": {
        "epochs": [
            1,
            2,
            3,
            4,
            5,
            6,
            7,
            8,
            9,
            10,
            11,
            12,
            13,
            14,
            15,
            16,
            17,
            18,
            19,
            20,
            21,
            22,
            23,
            24,
            25,
            26,
            27,
            28,
            29,
            30,
            31,
            32,
            33,
            34,
            35,
            36
        ],
        "train_losses": [
            0.7479712931733382,
            0.6118299176818446,
            0.5347326335154081,
            0.5144216920200148,
            0.38185535136022064,
            0.4380570759898738,
            0.3224658307276274,
            0.25605306499882746,
            0.2700203868903612,
            0.16026842672573893,
            0.11125027349120692,
            0.24499646574258804,
            0.15986958538231097,
            0.1459301333678396,
            0.24434217026359156,
            0.04902223752517449,
            0.11137405430015765,
            0.27465027100161504,
            0.23607125682266136,
            0.09773167482528247,
            0.046283967400852,
            0.04160136729478836,
            0.35253578110745076,
            0.16417395754864342,
            0.07895139565593318,
            0.18676212586854635,
            0.14226903237010302,
            0.04431897043985756,
            0.1291605343944148,
            0.14659230175771212,
            0.0992786915678727,
            0.053047511138414084,
            0.05312037154247886,
            0.11634441818061628,
            0.10628106680355574,
            0.044624190581472295
        ],
        "val_losses": [
            0.7299784421920776,
            0.693897545337677,
            0.6713853478431702,
            0.6557683348655701,
            0.7122088670730591,
            0.7940796613693237,
            0.773491382598877,
            0.6132160425186157,
            0.5031818151473999,
            0.4597994387149811,
            0.49798741936683655,
            0.6468642950057983,
            0.904767632484436,
            0.8770374059677124,
            0.6334905028343201,
            0.3967195153236389,
            0.3590981364250183,
            0.4600633680820465,
            1.2550418376922607,
            1.0482308864593506,
            0.8201920390129089,
            0.6411222815513611,
            1.0257833003997803,
            0.9946243166923523,
            0.36812782287597656,
            0.10632921755313873,
            0.011260421946644783,
            0.012803642079234123,
            0.01202271319925785,
            0.01410315465182066,
            0.01654994487762451,
            0.01820114627480507,
            0.01674365997314453,
            0.01755089871585369,
            0.013238376006484032,
            0.016040094196796417
        ],
        "train_accuracies": [
            0.3157894736842105,
            0.7368421052631579,
            0.8947368421052632,
            0.7894736842105263,
            0.8947368421052632,
            0.8421052631578947,
            0.9210526315789473,
            0.8947368421052632,
            0.8947368421052632,
            0.9473684210526315,
            0.9736842105263158,
            0.9210526315789473,
            0.8947368421052632,
            0.9473684210526315,
            0.9473684210526315,
            1.0,
            0.9473684210526315,
            0.8947368421052632,
            0.8947368421052632,
            0.9736842105263158,
            0.9736842105263158,
            1.0,
            0.8421052631578947,
            0.9473684210526315,
            0.9210526315789473,
            0.9473684210526315,
            0.9473684210526315,
            1.0,
            0.9210526315789473,
            0.8947368421052632,
            0.9736842105263158,
            0.9736842105263158,
            0.9736842105263158,
            0.9736842105263158,
            0.9473684210526315,
            0.9736842105263158
        ],
        "val_accuracies": [
            0.2,
            0.4,
            0.4,
            0.6,
            0.4,
            0.4,
            0.4,
            0.6,
            0.8,
            0.6,
            0.6,
            0.8,
            0.6,
            0.6,
            0.6,
            0.8,
            0.8,
            0.6,
            0.4,
            0.6,
            0.8,
            0.8,
            0.8,
            0.8,
            0.8,
            1.0,
            1.0,
            1.0,
            1.0,
            1.0,
            1.0,
            1.0,
            1.0,
            1.0,
            1.0,
            1.0
        ],
        "train_f1": [
            0.3157894736842105,
            0.7174089068825912,
            0.8947368421052632,
            0.7876794258373206,
            0.8947368421052632,
            0.8384439359267735,
            0.9207744519862022,
            0.8938397129186604,
            0.895029239766082,
            0.9475146198830409,
            0.9735914839954006,
            0.9207744519862022,
            0.8947368421052632,
            0.9469198564593302,
            0.9473684210526315,
            1.0,
            0.9475146198830409,
            0.8947368421052632,
            0.895029239766082,
            0.9737392261140657,
            0.9737392261140657,
            1.0,
            0.8350563909774437,
            0.9473684210526315,
            0.9212176783421969,
            0.9473684210526315,
            0.9475146198830409,
            1.0,
            0.9212176783421969,
            0.895029239766082,
            0.9737392261140657,
            0.9735914839954006,
            0.9735914839954006,
            0.9735914839954006,
            0.9473684210526315,
            0.9735914839954006
        ],
        "val_f1": [
            0.06666666666666667,
            0.4,
            0.4,
            0.6333333333333333,
            0.45714285714285713,
            0.45714285714285713,
            0.45714285714285713,
            0.6,
            0.711111111111111,
            0.6,
            0.6,
            0.819047619047619,
            0.6333333333333333,
            0.6,
            0.6,
            0.711111111111111,
            0.711111111111111,
            0.6333333333333333,
            0.45714285714285713,
            0.6333333333333333,
            0.819047619047619,
            0.819047619047619,
            0.819047619047619,
            0.819047619047619,
            0.819047619047619,
            1.0,
            1.0,
            1.0,
            1.0,
            1.0,
            1.0,
            1.0,
            1.0,
            1.0,
            1.0,
            1.0
        ],