{
    "epochs": [
        1,
        2,
        3,
        4,
        5,
        6,
        7,
        8,
        9,
        10,
        11,
        12,
        13
    ],
    "train_losses": [
        0.6297055050438526,
        0.2956208553579118,
        0.3157315863892923,
        0.213624974676207,
        0.16791548614018884,
        0.1443687472857681,
        0.14453420588393617,
        0.14739550995865677,
        0.06883364649233865,
        0.11540086908278123,
        0.05833576497883579,
        0.1484381928552989,
        0.04484545526526917
    ],
    "val_losses": [
        0.45665007218336445,
        0.08130270128066723,
        0.02658536264863916,
        0.23370682581877097,
        0.3315784687128587,
        0.36090258069527453,
        0.5702578318424714,
        0.3154553771018982,
        0.6903574741803683,
        0.7548178678903824,
        0.3561696960375859,
        0.2482918210518666,
        0.16861470540364584
    ],
    "train_accuracies": [
        0.6535947712418301,
        0.8954248366013072,
        0.9281045751633987,
        0.9281045751633987,
        0.8888888888888888,
        0.9411764705882353,
        0.9281045751633987,
        0.9411764705882353,
        0.9673202614379085,
        0.9738562091503268,
        0.9869281045751634,
        0.9673202614379085,
        0.9869281045751634
    ],
    "val_accuracies": [
        0.8974358974358975,
        0.9743589743589743,
        1.0,
        0.8974358974358975,
        0.8974358974358975,
        0.8974358974358975,
        0.7692307692307693,
        0.8717948717948718,
        0.8974358974358975,
        0.8717948717948718,
        0.9230769230769231,
        0.9487179487179487,
        0.9487179487179487
    ],
    "train_f1": [
        0.6314210516136038,
        0.8951741427164472,
        0.9280676946821419,
        0.9280984315680272,
        0.8888888888888888,
        0.9411714440102039,
        0.927932112375185,
        0.9411764705882353,
        0.9672923216793806,
        0.9738562091503268,
        0.9869281045751634,
        0.9673202614379085,
        0.9869281045751634
    ],
    "val_f1": [
        0.8973009446693658,
        0.9743251694471207,
        1.0,
        0.8974358974358975,
        0.8974358974358975,
        0.8973009446693658,
        0.7645687645687647,
        0.8716258472356034,
        0.8966218966218966,
        0.8700911491609167,
        0.9227726788702398,
        0.9486504723346828,
        0.9486504723346828
    ],
    "train_precision": [
        0.6994478403147134,
        0.8998633269733014,
        0.9287458590742232,
        0.9281716105245519,
        0.8889648363332574,
        0.9412468577174461,
        0.9316804016292508,
        0.9412568855293312,
        0.9693375292503832,
        0.9738562091503268,
        0.9869281045751634,
        0.9674029101273683,
        0.9869281045751634
    ],
    "val_precision": [
        0.901912901912902,
        0.9755799755799757,
        1.0,
        0.8974358974358975,
        0.8974358974358975,
        0.901912901912902,
        0.7868131868131868,
        0.8726088726088727,
        0.9152731326644371,
        0.8985042735042734,
        0.9335664335664335,
        0.9536019536019535,
        0.9536019536019535
    ],
    "train_recall": [
        0.6535947712418301,
        0.8954248366013072,
        0.9281045751633987,
        0.9281045751633987,
        0.8888888888888888,
        0.9411764705882353,
        0.9281045751633987,
        0.9411764705882353,
        0.9673202614379085,
        0.9738562091503268,
        0.9869281045751634,
        0.9673202614379085,
        0.9869281045751634
    ],
    "val_recall": [
        0.8974358974358975,
        0.9743589743589743,
        1.0,
        0.8974358974358975,
        0.8974358974358975,
        0.8974358974358975,
        0.7692307692307693,
        0.8717948717948718,
        0.8974358974358975,
        0.8717948717948718,
        0.9230769230769231,
        0.9487179487179487,
        0.9487179487179487
    ],
    "train_bal_acc": [
        0.6519993164730007,
        0.8957621326042378,
        0.9279733424470267,
        0.9280587833219411,
        0.8889268626110731,
        0.9411312371838687,
        0.9278024606971975,
        0.9412166780587833,
        0.9675324675324675,
        0.9738550922761449,
        0.9869275461380724,
        0.9673615857826384,
        0.9869275461380724
    ],
    "val_bal_acc": [
        0.8986842105263158,
        0.9736842105263157,
        1.0,
        0.8973684210526316,
        0.8973684210526316,
        0.8986842105263158,
        0.7657894736842106,
        0.8710526315789473,
        0.9,
        0.875,
        0.925,
        0.95,
        0.95
    ]
}