{
    "epochs": [
        1,
        2,
        3,
        4,
        5,
        6,
        7,
        8,
        9,
        10,
        11,
        12,
        13,
        14,
        15,
        16
    ],
    "train_losses": [
        0.6605184644949241,
        0.4001843983032664,
        0.20143841475736898,
        0.18989343965639832,
        0.154780279417507,
        0.07641945118237226,
        0.19432422237806632,
        0.11316604857317737,
        0.1274429338633037,
        0.1494840745066033,
        0.10266753567046806,
        0.2042144982785475,
        0.11726943904259166,
        0.20585583480166608,
        0.0577333755180484,
        0.11183229241459096
    ],
    "val_losses": [
        0.5702053308486938,
        0.24574437737464905,
        0.34781959652900696,
        0.5395289063453674,
        0.16745322942733765,
        0.1275659054517746,
        0.1423955112695694,
        0.6843245625495911,
        0.40411701798439026,
        0.23852719366550446,
        0.2685829997062683,
        0.16924236714839935,
        0.20108561217784882,
        0.18436647951602936,
        0.25161927938461304,
        0.28629469871520996
    ],
    "train_accuracies": [
        0.5737704918032787,
        0.8442622950819673,
        0.9180327868852459,
        0.9344262295081968,
        0.9508196721311475,
        0.9672131147540983,
        0.9426229508196722,
        0.9672131147540983,
        0.9426229508196722,
        0.9426229508196722,
        0.9672131147540983,
        0.9590163934426229,
        0.9508196721311475,
        0.9262295081967213,
        0.9754098360655737,
        0.9426229508196722
    ],
    "val_accuracies": [
        0.8387096774193549,
        0.9032258064516129,
        0.9032258064516129,
        0.8387096774193549,
        0.967741935483871,
        0.9354838709677419,
        0.967741935483871,
        0.8709677419354839,
        0.8709677419354839,
        0.9354838709677419,
        0.9354838709677419,
        0.8709677419354839,
        0.8709677419354839,
        0.9032258064516129,
        0.8709677419354839,
        0.8709677419354839
    ],
    "train_f1": [
        0.5689125164045643,
        0.8436009216131546,
        0.9180327868852459,
        0.9343909463387096,
        0.950793231094659,
        0.9671954731693548,
        0.9424875819810263,
        0.9672131147540983,
        0.9426113851979869,
        0.9426113789778205,
        0.9671954731693548,
        0.9589750654360104,
        0.950793231094659,
        0.9262146381116975,
        0.975411488297243,
        0.9426113851979869
    ],
    "val_f1": [
        0.8334786399302528,
        0.9019969278033794,
        0.9019969278033794,
        0.8334786399302528,
        0.9676745205110057,
        0.9354838709677419,
        0.9676745205110057,
        0.8682106424041908,
        0.8682106424041908,
        0.9350772567091352,
        0.9350772567091352,
        0.8693412849010572,
        0.8693412849010572,
        0.9026190716958237,
        0.8693412849010572,
        0.8693412849010572
    ],
    "train_precision": [
        0.5795211194801358,
        0.8522707405962964,
        0.9180327868852459,
        0.9348590305257208,
        0.9528158564160543,
        0.9676989118145845,
        0.9455479680583668,
        0.9677331218050415,
        0.9437409862527951,
        0.9427265951300405,
        0.9676989118145845,
        0.9621689785624212,
        0.9528158564160543,
        0.9273210812527288,
        0.9755442085460898,
        0.9437409862527951
    ],
    "val_precision": [
        0.8771121351766513,
        0.9185059422750425,
        0.9185059422750425,
        0.8771121351766513,
        0.969639468690702,
        0.9354838709677419,
        0.969639468690702,
        0.8967741935483872,
        0.8967741935483872,
        0.942652329749104,
        0.942652329749104,
        0.8981324278438031,
        0.8981324278438031,
        0.9193548387096774,
        0.8981324278438031,
        0.8981324278438031
    ],
    "train_recall": [
        0.5737704918032787,
        0.8442622950819673,
        0.9180327868852459,
        0.9344262295081968,
        0.9508196721311475,
        0.9672131147540983,
        0.9426229508196722,
        0.9672131147540983,
        0.9426229508196722,
        0.9426229508196722,
        0.9672131147540983,
        0.9590163934426229,
        0.9508196721311475,
        0.9262295081967213,
        0.9754098360655737,
        0.9426229508196722
    ],
    "val_recall": [
        0.8387096774193549,
        0.9032258064516129,
        0.9032258064516129,
        0.8387096774193549,
        0.967741935483871,
        0.9354838709677419,
        0.967741935483871,
        0.8709677419354839,
        0.8709677419354839,
        0.9354838709677419,
        0.9354838709677419,
        0.8709677419354839,
        0.8709677419354839,
        0.9032258064516129,
        0.8709677419354839,
        0.8709677419354839
    ],
    "train_bal_acc": [
        0.5755376344086022,
        0.8454301075268817,
        0.918010752688172,
        0.9341397849462365,
        0.9513440860215053,
        0.9669354838709677,
        0.9419354838709677,
        0.9674731182795699,
        0.943010752688172,
        0.9424731182795699,
        0.9669354838709677,
        0.9596774193548387,
        0.9513440860215053,
        0.9266129032258064,
        0.9755376344086022,
        0.943010752688172
    ],
    "val_bal_acc": [
        0.8333333333333333,
        0.9,
        0.9,
        0.8333333333333333,
        0.9666666666666667,
        0.9354166666666667,
        0.9666666666666667,
        0.8666666666666667,
        0.8666666666666667,
        0.9333333333333333,
        0.9333333333333333,
        0.875,
        0.875,
        0.90625,
        0.875,
        0.875
    ],
    "train_auc": [
        0.5755376344086022,
        0.8454301075268816,
        0.9180107526881721,
        0.9341397849462366,
        0.9513440860215054,
        0.9669354838709676,
        0.9419354838709678,
        0.9674731182795698,
        0.9430107526881721,
        0.9424731182795699,
        0.9669354838709676,
        0.9596774193548387,
        0.9513440860215054,
        0.9266129032258065,
        0.9755376344086021,
        0.9430107526881721
    ],
    "val_auc": [
        0.8333333333333333,
        0.9,
        0.9,
        0.8333333333333333,
        0.9666666666666667,
        0.9354166666666667,
        0.9666666666666667,
        0.8666666666666667,
        0.8666666666666667,
        0.9333333333333333,
        0.9333333333333333,
        0.875,
        0.875,
        0.90625,
        0.875,
        0.875
    ]
}