{
    "epochs": [
        1,
        2,
        3,
        4,
        5,
        6,
        7,
        8,
        9,
        10,
        11,
        12,
        13,
        14,
        15,
        16,
        17,
        18,
        19,
        20,
        21,
        22,
        23,
        24,
        25,
        26,
        27,
        28
    ],
    "train_losses": [
        0.6668561140044791,
        0.4416687014650126,
        0.2753891011730569,
        0.12636502477966371,
        0.18418876649659188,
        0.33418076644178296,
        0.27876888093401175,
        0.13049412995088297,
        0.11482810021423903,
        0.14740673928964335,
        0.13006304082323294,
        0.11288567424797621,
        0.04585498968353037,
        0.08013152392184147,
        0.07824864336213128,
        0.04946721558932398,
        0.05548315873888672,
        0.050189137580941935,
        0.06962786785891799,
        0.0402622927346679,
        0.052089534577776174,
        0.0450313073262328,
        0.063597510003897,
        0.02136503468405028,
        0.0929737568939807,
        0.06864388995483274,
        0.040545356070592266,
        0.022162054375302595
    ],
    "val_losses": [
        0.573849081993103,
        0.3257431089878082,
        0.08086954802274704,
        0.0402793362736702,
        0.03887522220611572,
        0.2035260796546936,
        0.18629316985607147,
        0.04948715493083,
        0.05200522765517235,
        0.11465569585561752,
        0.15112590789794922,
        0.23753368854522705,
        0.07708194851875305,
        0.0047181518748402596,
        0.006422683130949736,
        0.006031216587871313,
        0.0031787992920726538,
        0.0022930779960006475,
        0.002723165787756443,
        0.004597000312060118,
        0.006158581003546715,
        0.009036109782755375,
        0.014276521280407906,
        0.017022181302309036,
        0.016116902232170105,
        0.014036581851541996,
        0.0131711820140481,
        0.013799562118947506
    ],
    "train_accuracies": [
        0.5491803278688525,
        0.8688524590163934,
        0.9016393442622951,
        0.9672131147540983,
        0.9262295081967213,
        0.9262295081967213,
        0.8934426229508197,
        0.9344262295081968,
        0.9344262295081968,
        0.9262295081967213,
        0.9426229508196722,
        0.9590163934426229,
        0.9836065573770492,
        0.9590163934426229,
        0.9672131147540983,
        0.9836065573770492,
        0.9836065573770492,
        0.9672131147540983,
        0.9754098360655737,
        0.9836065573770492,
        0.9836065573770492,
        0.9754098360655737,
        0.9836065573770492,
        1.0,
        0.9754098360655737,
        0.9672131147540983,
        0.9836065573770492,
        1.0
    ],
    "val_accuracies": [
        0.8387096774193549,
        0.8387096774193549,
        0.967741935483871,
        0.967741935483871,
        0.967741935483871,
        0.967741935483871,
        0.967741935483871,
        1.0,
        1.0,
        0.9354838709677419,
        0.9354838709677419,
        0.9354838709677419,
        0.967741935483871,
        1.0,
        1.0,
        1.0,
        1.0,
        1.0,
        1.0,
        1.0,
        1.0,
        1.0,
        1.0,
        1.0,
        1.0,
        1.0,
        1.0,
        1.0
    ],
    "train_f1": [
        0.531000840424052,
        0.8684276896528837,
        0.9013213680045222,
        0.9671954731693548,
        0.9262344648917293,
        0.9262344648917293,
        0.8933351701336273,
        0.9344262295081968,
        0.9343909747928786,
        0.9262146381116975,
        0.9423787601759944,
        0.9590191471620718,
        0.9836065573770492,
        0.9590081322842765,
        0.9671954873964392,
        0.9836065573770492,
        0.9835977365846774,
        0.9671601187111364,
        0.975411488297243,
        0.9836065573770492,
        0.9836065573770492,
        0.975411488297243,
        0.9836065573770492,
        1.0,
        0.9753850125606935,
        0.9671954873964392,
        0.9836065573770492,
        1.0
    ],
    "val_f1": [
        0.8366615463389657,
        0.8334786399302528,
        0.9676745205110057,
        0.967741935483871,
        0.967741935483871,
        0.967741935483871,
        0.967741935483871,
        1.0,
        1.0,
        0.9350772567091352,
        0.9350772567091352,
        0.9350772567091352,
        0.9676745205110057,
        1.0,
        1.0,
        1.0,
        1.0,
        1.0,
        1.0,
        1.0,
        1.0,
        1.0,
        1.0,
        1.0,
        1.0,
        1.0,
        1.0,
        1.0
    ],
    "train_precision": [
        0.5541556986108577,
        0.8722543662273652,
        0.9088538876388442,
        0.9676989118145845,
        0.9263638806772373,
        0.9263638806772373,
        0.8962412336010266,
        0.9349286092014807,
        0.9363694177501413,
        0.9273210812527288,
        0.9484438108814446,
        0.9591507659231389,
        0.9836065573770492,
        0.9601608912528613,
        0.9692622950819673,
        0.9836065573770492,
        0.9841188524590164,
        0.9692001987083955,
        0.9755442085460898,
        0.9841353781068217,
        0.9841353781068217,
        0.9755442085460898,
        0.9836065573770492,
        1.0,
        0.9765447667087012,
        0.9692622950819673,
        0.9841353781068217,
        1.0
    ],
    "val_precision": [
        0.851018675721562,
        0.8771121351766513,
        0.969639468690702,
        0.969758064516129,
        0.969758064516129,
        0.969758064516129,
        0.969758064516129,
        1.0,
        1.0,
        0.942652329749104,
        0.942652329749104,
        0.942652329749104,
        0.969639468690702,
        1.0,
        1.0,
        1.0,
        1.0,
        1.0,
        1.0,
        1.0,
        1.0,
        1.0,
        1.0,
        1.0,
        1.0,
        1.0,
        1.0,
        1.0
    ],
    "train_recall": [
        0.5491803278688525,
        0.8688524590163934,
        0.9016393442622951,
        0.9672131147540983,
        0.9262295081967213,
        0.9262295081967213,
        0.8934426229508197,
        0.9344262295081968,
        0.9344262295081968,
        0.9262295081967213,
        0.9426229508196722,
        0.9590163934426229,
        0.9836065573770492,
        0.9590163934426229,
        0.9672131147540983,
        0.9836065573770492,
        0.9836065573770492,
        0.9672131147540983,
        0.9754098360655737,
        0.9836065573770492,
        0.9836065573770492,
        0.9754098360655737,
        0.9836065573770492,
        1.0,
        0.9754098360655737,
        0.9672131147540983,
        0.9836065573770492,
        1.0
    ],
    "val_recall": [
        0.8387096774193549,
        0.8387096774193549,
        0.967741935483871,
        0.967741935483871,
        0.967741935483871,
        0.967741935483871,
        0.967741935483871,
        1.0,
        1.0,
        0.9354838709677419,
        0.9354838709677419,
        0.9354838709677419,
        0.967741935483871,
        1.0,
        1.0,
        1.0,
        1.0,
        1.0,
        1.0,
        1.0,
        1.0,
        1.0,
        1.0,
        1.0,
        1.0,
        1.0,
        1.0,
        1.0
    ],