{
    "Total label 0 (heterogeneous)": 76,
    "Total label 1 (homogeneous)": 14,
    "Correct predictions for label 0": 71,
    "Correct predictions for label 1": 12,
    "Score": 0.8007518796992481,
    "Accuracy for class 0 (heterogeneous)": 0.9342105263157895,
    "Accuracy for class 1 (homogeneous)": 0.8571428571428571,
    "Misclassified images": [
        [
            "257",
            0,
            1
        ],
        [
            "239",
            0,
            1
        ],
        [
            "237",
            1,
            0
        ],
        [
            "231",
            1,
            0
        ],
        [
            "209",
            0,
            1
        ],
        [
            "137",
            0,
            1
        ],
        [
            "133",
            0,
            1
        ]
    ]
}