{
    "Total label 0 (heterogeneous)": 76,
    "Total label 1 (homogeneous)": 14,
    "Correct predictions for label 0": 76,
    "Correct predictions for label 1": 3,
    "Score": 0.21428571428571427,
    "Accuracy for class 0 (heterogeneous)": 1.0,
    "Accuracy for class 1 (homogeneous)": 0.21428571428571427,
    "Misclassified images": [
        [
            "263",
            1,
            0
        ],
        [
            "245",
            1,
            0
        ],
        [
            "237",
            1,
            0
        ],
        [
            "231",
            1,
            0
        ],
        [
            "219",
            1,
            0
        ],
        [
            "215",
            1,
            0
        ],
        [
            "213",
            1,
            0
        ],
        [
            "211",
            1,
            0
        ],
        [
            "159",
            1,
            0
        ],
        [
            "141",
            1,
            0
        ],
        [
            "113",
            1,
            0
        ]
    ]
}