{
    "Total label 0 (heterogeneous)": 76,
    "Total label 1 (homogeneous)": 14,
    "Correct predictions for label 0": 62,
    "Correct predictions for label 1": 11,
    "Score": 0.6409774436090225,
    "Accuracy for class 0 (heterogeneous)": 0.8157894736842105,
    "Accuracy for class 1 (homogeneous)": 0.7857142857142857,
    "Misclassified images": [
        [
            "279",
            0,
            1
        ],
        [
            "263",
            1,
            0
        ],
        [
            "257",
            0,
            1
        ],
        [
            "255",
            0,
            1
        ],
        [
            "251",
            0,
            1
        ],
        [
            "247",
            0,
            1
        ],
        [
            "245",
            1,
            0
        ],
        [
            "229",
            0,
            1
        ],
        [
            "211",
            1,
            0
        ],
        [
            "199",
            0,
            1
        ],
        [
            "189",
            0,
            1
        ],
        [
            "157",
            0,
            1
        ],
        [
            "149",
            0,
            1
        ],
        [
            "137",
            0,
            1
        ],
        [
            "127",
            0,
            1
        ],
        [
            "119",
            0,
            1
        ],
        [
            "109",
            0,
            1
        ]
    ]
}