{
    "Total label 0 (heterogeneous)": 76,
    "Total label 1 (homogeneous)": 14,
    "Correct predictions for label 0": 60,
    "Correct predictions for label 1": 3,
    "Score": 0.16917293233082706,
    "Accuracy for class 0 (heterogeneous)": 0.7894736842105263,
    "Accuracy for class 1 (homogeneous)": 0.21428571428571427,
    "Misclassified images": [
        [
            "277",
            0,
            1
        ],
        [
            "275",
            0,
            1
        ],
        [
            "271",
            0,
            1
        ],
        [
            "267",
            0,
            1
        ],
        [
            "263",
            1,
            0
        ],
        [
            "241",
            0,
            1
        ],
        [
            "239",
            0,
            1
        ],
        [
            "237",
            1,
            0
        ],
        [
            "233",
            0,
            1
        ],
        [
            "219",
            1,
            0
        ],
        [
            "215",
            1,
            0
        ],
        [
            "213",
            1,
            0
        ],
        [
            "211",
            1,
            0
        ],
        [
            "203",
            0,
            1
        ],
        [
            "197",
            0,
            1
        ],
        [
            "181",
            0,
            1
        ],
        [
            "173",
            0,
            1
        ],
        [
            "159",
            1,
            0
        ],
        [
            "153",
            1,
            0
        ],
        [
            "151",
            0,
            1
        ],
        [
            "149",
            0,
            1
        ],
        [
            "145",
            0,
            1
        ],
        [
            "141",
            1,
            0
        ],
        [
            "133",
            0,
            1
        ],
        [
            "121",
            0,
            1
        ],
        [
            "113",
            1,
            0
        ],
        [
            "111",
            1,
            0
        ]
    ]
}