{
    "Total label 0 (heterogeneous)": 76,
    "Total label 1 (homogeneous)": 14,
    "Correct predictions for label 0": 72,
    "Correct predictions for label 1": 12,
    "Score": 0.8120300751879699,
    "Accuracy for class 0 (heterogeneous)": 0.9473684210526315,
    "Accuracy for class 1 (homogeneous)": 0.8571428571428571,
    "Misclassified images": [
        [
            "257",
            0,
            1
        ],
        [
            "251",
            0,
            1
        ],
        [
            "231",
            1,
            0
        ],
        [
            "211",
            1,
            0
        ],
        [
            "129",
            0,
            1
        ],
        [
            "109",
            0,
            1
        ]
    ]
}